category,joined,brand,product,shade,shade_description,shade_description_original,img_url,discontinued,clean,bipoc-founded,skin_tones_1,skin_tones_2,undertones_1,finish_1,finish_2,finish_3,descriptor_1,descriptor_2,intensity_1,intensity_2,intensity_3,muted_1,muted_2,shimmer_1,shimmer_2,shimmer_3,adaptive
blush,100% pure fruit pigmented blush mauvette,100% pure,fruit pigmented blush,mauvette,plum mauve,plum-mauve,https://www.100percentpure.com/cdn/shop/files/1CBM_Fruit_Pigmented_Blush_Mauvette_Swatch_1260x.jpg?v=1695863200,,TRUE,TRUE,,,,,,,,,,,,,,,,,
blush,armani beauty neo nude melting color balm 50,armani beauty,neo nude melting color balm,50,mauve,cool mauve,https://www.giorgioarmanibeauty-usa.com/dw/image/v2/AANG_PRD/on/demandware.static/-/Sites-gab-master-catalog/default/dw95c50b81/2021/A2410/TEXTURES/GA_MakeUp2021_NeoNude_MeltingColorBalm_50_TXU_4935421771931_RVB_3000.jpg?sw=370&sh=370&sm=cut&sfrm=jpg&q=85,,,,,,cool,,,,,,,,,,,,,,
blush,au naturale the anywhere creme multistick sweetheart,au naturale,the anywhere creme multistick,sweetheart,nude mauve,soft nude mauve,"https://images.ulta.com/is/image/Ulta/2564199?id=XQHav2&fmt=jpg&fit=constrain,1&wid=174&hei=360&op_sharpen=1&resMode=bilin",,TRUE,,,,,,,,,,soft,,,,,,,,
blush,axiology color cream multi stick joy,axiology,color cream multi stick,joy,plum mauve,sophisticated mauve with hints of plum,https://credobeauty.com/cdn/shop/products/AxiologyMultistick-2-Cream_Joy_web_95199c0a-03f8-403f-b682-db09c7998457_990x.jpg?v=1707757578,,TRUE,,,,,,,,sophisticated,,,,,,,,,,
blush,bareminerals bounce & blur blush pink sky,bareminerals,bounce & blur blush,pink sky,rose mauve,rosey mauve,https://i5.walmartimages.com/seo/Bounce-and-Blur-Powder-Blush-Pink-Sky-by-bareMinerals-for-Women-0-19-oz-Blush_c66d2de7-48c7-47ab-8756-24c7eb1c2942.3d3e5b52bd0d9597b5c4325892d9c1c0.jpeg,TRUE,TRUE,,,,,,,,,,,,,,,,,,
blush,bareminerals gen nude blonzer blush + bronzer kiss of mauve,bareminerals,gen nude blonzer blush + bronzer,kiss of mauve,mauve,dusty mauve,https://www.sephora.com/productimages/sku/s2690618-av-2-zoom.jpg?imwidth=1224,,TRUE,,,,,,,,,,,,,dusty,,,,,
blush,bareminerals gen nude powder blush call my blush,bareminerals,gen nude powder blush,call my blush,pink mauve,delicate pink mauve,https://www.sephora.com/productimages/sku/s2040541-main-zoom.jpg?imwidth=1000,,TRUE,,,,,,,,,,delicate,,,,,,,,
blush,beauty by popsugar make me blush cheek color love note,beauty by popsugar,make me blush cheek color,love note,mauve,mauve,https://m.media-amazon.com/images/I/81cgYfnAcGL._SL1500_.jpg,TRUE,,,,,,,,,,,,,,,,,,,
blush,beautyblender bounce liquid whip cream blush flirty rose,beautyblender,bounce liquid whip cream blush,flirty rose,rose mauve,soft rosey mauve,https://beautyblender.com/cdn/shop/products/BOUNCE_Blush_FlirtyRose_Swatch_v1_RGB.jpg?v=1675277361&width=1200,,,TRUE,,,,,,,,,soft,,,,,,,,
blush,bobbi brown pot rouge for lips and cheeks blushed rose,bobbi brown,pot rouge for lips and cheeks,blushed rose,rose mauve,rosey mauve,https://www.bobbibrowncosmetics.com/media/export/cms/products/responsive/bb_sku_E80E41_1x1_1.png?width=1200&height=1200,,,,,,,,,,,,,,,,,,,,
blush,bobbi brown pot rouge for lips and cheeks pink flame,bobbi brown,pot rouge for lips and cheeks,pink flame,pink mauve,pink mauve,https://www.bobbibrowncosmetics.com/media/export/cms/products/responsive/bb_sku_E80E34_1x1_1.png?width=1200&height=1200,,,,,,,,,,,,,,,,,,,,
blush,butter london glazen blush gelee dazzle,butter london,glazen blush gelee,dazzle,mauve,radiant mauve,https://m.media-amazon.com/images/I/91iTrFsBH+L._SX522_.jpg,,,,,,,radiant,,,,,,,,,,,,,
blush,butter london plush rush blush & lip ecstatic,butter london,plush rush blush & lip,ecstatic,mauve,sultry mauve,,,,,,,,,,,sultry,,,,,,,,,,
blush,buxom wanderlust primer-infused blush dolly,buxom,wanderlust primer-infused blush,dolly,mauve,absolute mauve,https://www.sephora.com/productimages/sku/s2177152-main-zoom.jpg?imwidth=1000,,,,,,,,,,,,absolute,,,,,,,,
blush,cargo blush prague,cargo,blush,prague,mauve,soft matte mauve,,,,,,,,matte,,,,,soft,,,,,,,,
blush,code8 beauty blush palette merlot,code8 beauty,blush palette,merlot,mauve,mauves suitable for all skin tones,https://www.codeeight.com/media/catalog/product/cache/f666d5107f61c7b9bc4f4e2201916980/2/0/200116-code8-swatchs-blush-merlot.webp,,,,universal,,,,,,,,,,,,,,,,
blush,colourpop blush stix cool it,colourpop,blush stix,cool it,pink mauve,dusty pinky mauve,"https://images.ulta.com/is/image/Ulta/2550458?id=hVPaE1&fmt=jpg&fit=constrain,1&wid=84&hei=358&op_sharpen=1&resMode=bilin",,,,,,,,,,,,,,,dusty,,,,,
blush,colourpop pressed powder blush coast to coast,colourpop,pressed powder blush,coast to coast,mauve,matte soft mauve,,,,,,,,matte,,,,,soft,,,,,,,,
blush,colourpop pressed powder blush flirt alert,colourpop,pressed powder blush,flirt alert,mauve,dusty mauve,https://colourpop.com/cdn/shop/products/6810500300882-Flirt-Alert-PPBlushCompact-FlirtAlert-3.jpg?v=1675982880,,,,,,,,,,,,,,,dusty,,,,,
blush,"danessa myricks beauty colorfix multi-use eye, cheek & lip waterproof liquid pigment creme brulee",danessa myricks beauty,"colorfix multi-use eye, cheek & lip waterproof liquid pigment",creme brulee,mauve,muted mauve matte,https://danessamyricksbeauty.com/cdn/shop/files/COLORFIXMATTE-ALLURE-CREMEBRULEE_7196f09c-7a4b-4a8a-94d0-8ef10c6d8a59.png?v=1712585310&width=1500,,,TRUE,,,,matte,,,,,,,,muted,,,,,
blush,"danessa myricks beauty colorfix multi-use eye, cheek & lip waterproof liquid pigment cupcake",danessa myricks beauty,"colorfix multi-use eye, cheek & lip waterproof liquid pigment",cupcake,mauve,soft mauve glaze,,,,TRUE,,,,glaze,,,,,soft,,,,,,,,
blush,danessa myricks beauty luxe cream palette the feminist,danessa myricks beauty,luxe cream palette,the feminist,mauve,soft mauves,https://i1.wp.com/www.danessamyricksbeauty.com/wp-content/uploads/2019/01/LUXECREAMPALETTE-THENUDIST-00.jpg?fit=1200%2C1200&ssl=1,,,TRUE,,,,,,,,,soft,,,,,,,,
blush,dibs beauty desert island duo blush / bronzer stick 5.5 wine not / cocoa kiss,dibs beauty,desert island duo blush / bronzer stick,5.5 wine not / cocoa kiss,raspberry mauve,raspberry mauve,,,,TRUE,,,,,,,,,,,,,,,,,
blush,em cosmetics pillow plush blush tickled,em cosmetics,pillow plush blush,tickled,mauve,cool mauve,https://www.emcosmetics.com/cdn/shop/files/pillow_plush_blush_open_tickled.jpg?v=1690489430&width=1800,,,TRUE,,,cool,,,,,,,,,,,,,,
blush,essence pure nude baked blush goldy cassis,essence,pure nude baked blush,goldy cassis,mauve,deep mauve,,,,,,,,,,,,,deep,,,,,,,,
blush,estate blush sortbet liquid blush cherry,estate,blush sortbet liquid blush,cherry,rose mauve,rose mauve,,,,,,,,,,,,,,,,,,,,,
blush,estate blush sortbet liquid blush passion,estate,blush sortbet liquid blush,passion,nude mauve,nude mauve,,,,,,,,,,,,,,,,,,,,,
blush,estée lauder pure color envy sculpting blush 140 alluring rose,estée lauder,pure color envy sculpting blush,140 alluring rose,mauve,midtone mauve with a cool undertone,https://www.esteelauder.com/media/export/cms/products/640x640/el_sku_PKTJ13_640x640_1.jpg,,,,,,cool,,,,,,midtone,,,,,,,,
blush,estée lauder pure color envy sculpting blush 490 mauve mystique,estée lauder,pure color envy sculpting blush,490 mauve mystique,mauve,dusty mauve with a cool undertone,https://www.esteelauder.com/media/export/cms/products/640x640/el_sku_PKTJ16_640x640_1.jpg,,,,,,cool,,,,,,,,,dusty,,,,,
blush,et al. versatile blush cheek + eye rosewood,et al.,versatile blush cheek + eye,rosewood,mauve,rich mauve,,,,,,,,,,,,,rich,,,,,,,,
blush,fenty beauty by rihanna cheeks out freestyle cream blush 09 cool berry,fenty beauty by rihanna,cheeks out freestyle cream blush,09 cool berry,mauve,soft mauve with shimmer,https://www.sephora.com/productimages/sku/s2352730-main-zoom.jpg?imwidth=1000,,,TRUE,,,,shimmer,,,,,soft,,,,,,,,
blush,fenty beauty by rihanna cheeks out freestyle cream blush riri,fenty beauty by rihanna,cheeks out freestyle cream blush,riri,rose mauve,soft rose mauve,,,,TRUE,,,,,,,,,soft,,,,,,,,
blush,gerard cosmetics starlet palette honeymoon - first class,gerard cosmetics,starlet palette,honeymoon - first class,plum mauve,soft plum mauve,,,,,,,,,,,,,soft,,,,,,,,
blush,half caked candy paint cheek + lip tint 4 am,half caked,candy paint cheek + lip tint,4:00 AM,mauve,slightly warm soft mauve with a radiant finish,,,,,,,warm,radiant,,,,,soft,,,,,,,,
blush,han skincare cosmetics multistick rose berry,han skincare cosmetics,multistick,rose berry,rose mauve,rose mauve,"https://images.ulta.com/is/image/Ulta/2572430?id=amPaM3&fmt=jpg&fit=constrain,1&wid=260&hei=324&op_sharpen=1&resMode=bilin",,TRUE,TRUE,,,,,,,,,,,,,,,,,
blush,haus labs by lady gaga head rush blush + highlighter duo cherub,haus labs by lady gaga,head rush blush + highlighter duo,cherub,pink mauve,cool pink mauve,,,TRUE,,,,cool,,,,,,,,,,,,,,
blush,honest beauty lit powder blush femme,honest beauty,lit powder blush,femme,mauve,deep mauve with gold shimmer,,,,TRUE,,,,shimmer,,,,,deep,,,,,gold,,,
blush,hourglass ambient lighting blush rose fusion,hourglass,ambient lighting blush,rose fusion,mauve,cool mauve,,,,,,,cool,,,,,,,,,,,,,,
blush,ilia color haze multi-use pigment before today,ilia,color haze multi-use pigment,before today,mauve,dusty mauve with cool undertones,https://www.sephora.com/productimages/sku/s2199974-main-zoom.jpg?imwidth=1000,,TRUE,,,,cool,,,,,,,,,dusty,,,,,
blush,it cosmetics bye bye pores blush carefree,it cosmetics,bye bye pores blush,carefree,mauve,natural mauve,,,,,,,,,,,natural,,,,,,,,,,
blush,jillian dempsey cheek and lip tint bloom,jillian dempsey,cheek and lip tint,bloom,mauve,sheer mauve with subtle shimmer (works on most skin tones),https://www.mecca.com.au/on/demandware.static/-/Sites-mecca-online-catalog/default/dw733ff936/product/jillia/hr/i-042615-cheek-tint-blossom-1-940.jpg,,TRUE,,universal,,,sheer,shimmer,,,,,,,,,slight,,,
blush,jones road beauty lip and cheek stick mauve rose,jones road beauty,lip and cheek stick,mauve rose,mauve,dusty mauve,https://www.jonesroadbeauty.com/cdn/shop/products/JonesRoad_LipAndCheeck_MauveRose_01.jpg?v=1645735279&width=1000,,TRUE,,,,,,,,,,,,,dusty,,,,,
blush,kaja cheeky stamp blendable blush 02 saucy,kaja,cheeky stamp blendable blush,02 saucy,mauve,dusty mauve,https://www.sephora.com/productimages/sku/s2139871-main-zoom.jpg?imwidth=1000,,,TRUE,,,,,,,,,,,,dusty,,,,,
blush,kaja jelly charm glazed lip stain & blush with keychain 03 berry colada,kaja,jelly charm glazed lip stain & blush with keychain,03 berry colada,plum mauve,plum mauve,,,,TRUE,,,,,,,,,,,,,,,,,
blush,kiko milano mood boost radiant blush perfect mauve,kiko milano,mood boost radiant blush,perfect mauve,mauve,mauve,"https://images.ulta.com/is/image/Ulta/2580104?id=jssbb3&fmt=jpg&fit=constrain,1&wid=260&hei=249&op_sharpen=1&resMode=bilin",,,,,,,,,,,,,,,,,,,,
blush,kiko milano new green me blush 102 soft mauve,kiko milano,new green me blush,102 soft mauve,mauve,soft mauve,,,,,,,,,,,,,soft,,,,,,,,
blush,kiko milano new green me lips & cheeks pencil 102 mystic mauve,kiko milano,new green me lips & cheeks pencil,102 mystic mauve,mauve,mauve,,,,,,,,,,,,,,,,,,,,,
blush,kiko milano powder creamy blush 01 mauve,kiko milano,powder creamy blush,01 mauve,mauve,mauve,,,,,,,,,,,,,,,,,,,,,
blush,kiko milano smart colour blush 06 mauve,kiko milano,smart colour blush,06 mauve,mauve,mauve,,,,,,,,,,,,,,,,,,,,,
blush,kiko milano unexpected paradise 3d blush 03 aspirational mauve,kiko milano,unexpected paradise 3d blush,03 aspirational mauve,mauve,mauve,,,,,,,,,,,,,,,,,,,,,
blush,kiko milano unlimited blush 05 mauve,kiko milano,unlimited blush,05 mauve,mauve,mauve,,,,,,,,,,,,,,,,,,,,,
blush,kulfi mehndi moment long-lasting radiant cream blush sandalwood swirls,kulfi,mehndi moment long-lasting radiant cream blush,sandalwood swirls,mauve,neutral mauve,,,TRUE,TRUE,,,neutral,,,,,,,,,,,,,,
blush,laura lee los angeles blush aesthetic palette caramel cream,laura lee los angeles,blush aesthetic palette,caramel cream,mauve,matte deep mauve,,,,,,,,matte,,,,,deep,,,,,,,,
blush,laura mercier creme cheek color blush rosebud,laura mercier,creme cheek color blush,rosebud,mauve,clean mauve,,,,,,,,,,,clean,,,,,,,,,,
blush,lys beauty higher standard satin matte cream blush self love,lys beauty,higher standard satin matte cream blush,self love,rose mauve,rosey mauve,,,TRUE,TRUE,,,,,,,,,,,,,,,,,
blush,mac cosmetics extra dimension blush faux sure!,mac cosmetics,extra dimension blush,faux sure!,pink mauve,warm pinky mauve,https://www.mac.com/media/export/cms/products/smoosh_v2/mac_smoosh_S7GR08.jpg,,,,,,warm,,,,,,,,,,,,,,
blush,"mac cosmetics glow play blush blush, please",mac cosmetics,glow play blush,"blush, please",mauve,neutral light mauve,,,,,,,neutral,,,,,,light,,,,,,,,
blush,made by mitchell blursh liquid blusher a shy boy,made by mitchell,blursh liquid blusher,a shy boy,pink mauve,pink mauve,,,,,,,,,,,,,,,,,,,,,
blush,made by mitchell blursh liquid blusher cherry cola,made by mitchell,blursh liquid blusher,cherry cola,mauve,deep muted mauve,,,,,,,,,,,,,deep,,,muted,,,,,
blush,made by mitchell blursh liquid blusher very berry,made by mitchell,blursh liquid blusher,very berry,berry mauve,deep berry mauve,https://www.makebeauty.com/cdn/shop/products/MAKE_PDP_Swatches_MysticMauve_1090x1244.jpg?v=1680216041,,,,,,,,,,,,deep,,,,,,,,
blush,make beauty skin mimetic microsuede blush matte powder blush mystic mauve,make beauty,skin mimetic microsuede blush matte powder blush,mystic mauve,mauve,mauve,,,,,,,,,,,,,,,,,,,,,
blush,makeup by mario soft pop blush stick dusty rose,makeup by mario,soft pop blush stick,dusty rose,rose mauve,neutral rosey mauve,,,,,,,neutral,,,,,,,,,,,,,,
blush,makeup revolution blush & lift liquid blush harmony,makeup revolution,blush & lift liquid blush,harmony,mauve,mauve,,,,,,,,,,,,,,,,,,,,,
blush,makeup revolution cheek & lip tint duo stick dreamboat,makeup revolution,cheek & lip tint duo stick,dreamboat,mauve,neutral mauve,https://cdn.shopify.com/s/files/1/2235/4359/products/manasi-7-all-over-colour-sisserou-002_1800x.jpg?v=1683535229,,,,,,neutral,,,,,,,,,,,,,,
blush,manasi 7 all over colour sisserou,manasi 7,all over colour,sisserou,mauve,dusty mauve,https://cdn.shopify.com/s/files/1/2235/4359/products/manasi-7-all-over-colour-sisserou-002_1800x.jpg?v=1715595629,,,TRUE,,,,,,,,,,,,dusty,,,,,
blush,maréna beauté blush tarou garmi,maréna beauté,blush tarou,garmi,rose mauve,matte midtone rose mauve perfect for medium to tanned skin tones,"https://images.ulta.com/is/image/Ulta/2510253?id=1Y2av2&fmt=jpg&fit=constrain,1&wid=260&hei=280&op_sharpen=1&resMode=bilin",,,,medium to tan,,,matte,,,,,midtone,,,,,,,,
blush,maybelline fit me blush 20 mauve,maybelline,fit me blush,20 mauve,mauve,mauve,https://www.sephora.com/productimages/sku/s2237733-main-zoom.jpg?imwidth=1000,,,,,,,,,,,,,,,,,,,,
blush,milk makeup glow oil lip + cheek glimmer,milk makeup,glow oil lip + cheek,glimmer,mauve,mauve shimmer,,,TRUE,,,,,shimmer,,,,,,,,,,,,,
blush,mineral fusion blush airy,mineral fusion,blush,airy,mauve,mauve shimmer,,,,,,,,shimmer,,,,,,,,,,,,,
blush,mob beauty cream clay blush m73,mob beauty,cream clay blush,m73,rose mauve,rose mauve,,,TRUE,,,,,,,,,,,,,,,,,,
blush,morphe huephoric rush 3-in-1 silk blush intoxicated,morphe,huephoric rush 3-in-1 silk blush,intoxicated,rose mauve,rose mauve,https://www.morphe.com/cdn/shop/files/Morphe-2024-Huephoric-Shades-Intoxicated.jpg?v=1717350375,,,,,,,,,,,,,,,,,,,,
blush,nabla blossom blush regal mauve,nabla,blossom blush,regal mauve,mauve,mauve with a subtle gold satin effect,https://www.sephora.com/productimages/sku/s2417640-av-01-zoom.jpg?imwidth=612,,,,,,,satin,,,,,,,,,,subtle gold,,,
blush,nars air matte sheer cream blush freedom,nars,air matte sheer cream blush,freedom,mauve,sheer matte mauve,https://www.sephora.com/productimages/sku/s2297018-main-zoom.jpg?imwidth=1000,,,,,,,sheer,matte,,,,,,,,,,,,
blush,nars blush behave,nars,blush,behave,pink mauve,matte pink mauve,https://weareneen.com/cdn/shop/files/NEEN_GOING_ROUGE_CREAM_CHEEK_LIP_GEM_HERO_800x800_crop_center.jpg?v=1686010234,,,,,,,matte,,,,,,,,,,,,,
blush,neen going rouge cheek & lip cream gem,neen,going rouge cheek & lip cream,gem,mauve,deep mauve,https://weareneen.com/cdn/shop/files/NEEN_GOING_ROUGE_CREAM_CHEEK_LIP_GO_HERO_800x800_crop_center.jpg?v=1686010226,,,,,,,,,,,,deep,,,,,,,,
blush,neen going rouge cheek & lip cream go,neen,going rouge cheek & lip cream,go,nude mauve,nude brown mauve,,,,,,,,,,,,,,,,,,,,,
blush,nudestix intense matte lip + cheek pencil belle,nudestix,intense matte lip + cheek pencil,belle,rose mauve,cool rosey mauve with matte finish,"https://images.ulta.com/is/image/Ulta/2565793?id=mUWag0&fmt=jpg&fit=constrain,1&wid=260&hei=257&op_sharpen=1&resMode=bilin",,TRUE,,,,cool,matte,,,,,,,,,,,,,
blush,persona super blush carmel,persona,super blush,carmel,rose mauve,rosey mauve,,,,,,,,,,,,,,,,,,,,,
blush,phase zero makeup powder blusher summer rain,phase zero makeup,powder blusher,summer rain,golden mauve,mauve with golden undertones,,,,,,,golden,,,,,,,,,,,,,,
blush,physicians formula triple defense multicolor stick spf 20 true mauve,physicians formula,triple defense multicolor stick spf 20,true mauve,mauve,true mauve,https://m.media-amazon.com/images/I/71iwX-0I+YL._SX679_.jpg,,,,,,,,,,true,,,,,,,,,,
blush,r.e.m. beauty eclipse blush & lip stick opening night,r.e.m. beauty,eclipse blush & lip stick,opening night,mauve,true mauve,https://media.ulta.com/i/ulta/2595433_sm?w=1080&h=1080&fmt=auto,,,,,,,,,,true,,,,,,,,,,
blush,rare beauty by selena gomez soft pinch liquid blush believe,rare beauty by selena gomez,soft pinch liquid blush,believe,mauve,true mauve,https://storage.googleapis.com/glide-prod.appspot.com/uploads-v2/xJTS2nQmDPn7m1uvUili/pub/kamfMdGjm96jRbnnUk4X.webp,,,TRUE,,,,,,,true,,,,,,,,,,
blush,rare beauty by selena gomez soft pinch liquid blush grace,rare beauty by selena gomez,soft pinch liquid blush,grace,rose mauve,matte bright rose mauve,,,,TRUE,,,,matte,,,,,bright,,,,,,,,
blush,rare beauty by selena gomez soft pinch liquid blush hope,rare beauty by selena gomez,soft pinch liquid blush,hope,nude mauve,nude mauve,https://www.sephora.com/productimages/sku/s2748325-main-zoom.jpg?imwidth=1224,,,TRUE,,,,,,,,,,,,,,,,,
blush,rare beauty by selena gomez soft pinch luminous powder blush hope,rare beauty by selena gomez,soft pinch luminous powder blush,hope,nude mauve,nude mauve,,,,TRUE,,,,,,,,,,,,,,,,,
blush,rare beauty by selena gomez stay vulnerable melting cream blush nearly mauve,rare beauty by selena gomez,stay vulnerable melting cream blush,nearly mauve,mauve,true mauve,https://www.sephora.com/productimages/sku/s2418655-av-14-zoom.jpg?imwidth=1224,,,TRUE,,,,,,,true,,,,,,,,,,
blush,rituel de fille inner glow creme pigment desire,rituel de fille,inner glow creme pigment,desire,mauve,mauve,,,TRUE,,,,,,,,,,,,,,,,,,
blush,rms beauty redimension hydra powder blush kir royale,rms beauty,redimension hydra powder blush,kir royale,mauve,mauve surprise,,,TRUE,,,,,,,,,,,,,,,,,,
blush,rose inc cream blush refillable cheek & lip color camellia,rose inc,cream blush refillable cheek & lip color,camellia,mauve,mauve,,,TRUE,,,,,,,,,,,,,,,,,,
blush,saie dew blush liquid cheek blush chilly,saie,dew blush liquid cheek blush,chilly,mauve,cool mauve,,,TRUE,,,,cool,,,,,,,,,,,,,,
blush,saie glow sculpt multi-use cream highlighting blush mauveglow,saie,glow sculpt multi-use cream highlighting blush,mauveglow,mauve,cool mauve,,,TRUE,,,,cool,,,,,,,,,,,,,,
blush,smashbox halo cheek palette radiant rose putty,smashbox,halo cheek palette,radiant rose putty,mauve,cool mauve,,,,,,,cool,,,,,,,,,,,,,,
blush,smashbox halo sheer to stay cream cheek + lip tint wisteria,smashbox,halo sheer to stay cream cheek + lip tint,wisteria,mauve,cool mauve,https://is4.revolveassets.com/images/p4/n/z/SUMR-WU46_V2.jpg,,,,,,cool,,,,,,,,,,,,,,
blush,summer fridays blush balm lip + cheek stick with hyaluronic acid dusty rose,summer fridays,blush balm lip + cheek stick with hyaluronic acid,dusty rose,mauve,dusk-inspired soft mauve,https://is4.revolveassets.com/images/p4/n/z/SUMR-WU46_V2.jpg,,,,,,,,,,,,soft,,,dusk-inspired,,,,,
blush,temptu s/b blush blush 040,temptu,s/b blush,blush 040,mauve,neutral universal mauve for fair to light skin tones,https://www.sephora.com/productimages/sku/s2593804-main-zoom.jpg?imwidth=612,,,,fair to light,,neutral,,,,,,,,,,,,,,
blush,tower 28 beauty beachplease lip + cheek balm office hours,tower 28 beauty,beachplease lip + cheek balm,office hours,mauve,sun-kissed mauve,"https://images.ulta.com/is/image/Ulta/2526720?id=ekfbd3&fmt=jpg&fit=constrain,1&wid=260&hei=259&op_sharpen=1&resMode=bilin",,TRUE,TRUE,,,,,,,sun-kissed,,,,,,,,,,
blush,ulta flushed blush retro rose,ulta,flushed blush,retro rose,mauve,mauve with shimmer,"https://images.ulta.com/is/image/Ulta/2556120?id=3gXaX3&fmt=jpg&fit=constrain,1&wid=260&hei=274&op_sharpen=1&resMode=bilin",,,,,,,shimmer,,,,,,,,,,,,,
blush,ulta lip & cheek color stick spicy,ulta,lip & cheek color stick,spicy,mauve,mauve with slight shimmer,"https://images.ulta.com/is/image/Ulta/2511242?id=X78b62&fmt=jpg&fit=constrain,1&wid=260&hei=259&op_sharpen=1&resMode=bilin",,,,,,,shimmer,,,,,,,,,,slight,,,
blush,ulta mineral blush calla lily,ulta,mineral blush,calla lily,mauve,medium mauve with slight shimmer,,,,,,,,shimmer,,,,,medium,slight,,,,slight,,,
blush,ulta too cheeky lip & cheek color stick spicy,ulta,too cheeky lip & cheek color stick,spicy,mauve,mauve with slight shimmer,,,,,,,,shimmer,,,,,,,,,,slight,,,
blush,urban decay hydromaniac dewy liquid blush unhinged,urban decay,hydromaniac dewy liquid blush,unhinged,berry mauve,berry mauve,,,,,,,,,,,,,,,,,,,,,
blush,valentino liquirosso 2 in 1 soft matte liquid lipstick & blush 110a into the nude,valentino,liquirosso 2 in 1 soft matte liquid lipstick & blush,110a into the nude,nude mauve,nude mauve,,,,,,,,,,,,,,,,,,,,,
blush,victoria beckham beauty cheeky posh fame,victoria beckham beauty,cheeky posh,fame,rose mauve,rosy mauve,,,,,,,,,,,,,,,,,,,,,
blush,winky lux cheeky rose cream blush dodgy,winky lux,cheeky rose cream blush,dodgy,mauve,neutral mauve,,,,,,,neutral,,,,,,,,,,,,,,
blush,yensa super serum silk cream blush moody mauve,yensa,super serum silk cream blush,moody mauve,peach mauve,dusty peachy mauve,https://yensa.com/cdn/shop/products/Blush_Shade_Chart-Moddy_Mauve.jpg?v=1697746931,,,TRUE,,,,,,,,,,,,dusty,,,,,
lipliner,about-face matte fix lip pencil little little,about-face,matte fix lip pencil,little little,mauve,matte mauve,,,TRUE,,,,,matte,,,,,,,,,,,,,
lipliner,about-face matte fix lip pencil midnight seduction,about-face,matte fix lip pencil,midnight seduction,mauve,matte soft mauve,,,TRUE,,,,,matte,,,,,soft,,,,,,,,
lipliner,becca cosmetics ultimate lip definer breezy,becca cosmetics,ultimate lip definer,breezy,mauve,toasty mauve,,,,,,,,,,,toasty,,,,,,,,,,
lipliner,bobbi brown lip liner pencil pink mauve,bobbi brown,lip liner pencil,pink mauve,rose mauve,medium rosy mauve.,,,,,,,,,,,,,medium,,,,,,,,
lipliner,bperfect cosmetics poutline lip liner french kiss,bperfect cosmetics,poutline lip liner,french kiss,pink mauve,mauve with a pink undertone,,,,,,,pink,,,,,,,,,,,,,,
lipliner,buxom plumpline lip liner dangerous dolly,buxom,plumpline lip liner,dangerous dolly,mauve,mauve,,,,,,,,,,,,,,,,,,,,,
lipliner,buxom plumpline lip liner dolly danger,buxom,plumpline lip liner,dolly danger,mauve,mauve,,,,,,,,,,,,,,,,,,,,,
lipliner,buxom power line plumping lip liner dangerous dolly,buxom,power line plumping lip liner,dangerous dolly,mauve,mauve,"https://images.ulta.com/is/image/Ulta/2504589?id=t53ax1&fmt=jpg&fit=constrain,1&wid=68&hei=358&op_sharpen=1&resMode=bilin",,,,,,,,,,,,,,,,,,,,
lipliner,colourpop lippie pencil dopey,colourpop,lippie pencil,dopey,mauve,dusty mauve,https://colourpop.com/cdn/shop/files/Cool-BFF-Lippie-Pencil-Macro.jpg?format=pjpg&v=1689726904&width=988,,,,,,,,,,,,,,,dusty,,,,,
lipliner,ctzn cosmetics lipstroke waterproof lip liner chaar,ctzn cosmetics,lipstroke waterproof lip liner,chaar,brown mauve,dusky mauve with brown undertones,https://target.scene7.com/is/image/Target/GUEST_6d30b45b-ce09-4167-be17-cc1adb0780c8?wid=700&hei=700&qlt=80&fmt=webp,,,TRUE,,,brown,,,,,,,,,dusky,,,,,
lipliner,dominique cosmetics creamy fill & define lip liner crush,dominique cosmetics,creamy fill & define lip liner,crush,mauve,mauve,https://dollbeauty.com/app/uploads/2020/06/Run-the-World.jpg,,,,,,,,,,,,,,,,,,,,
lipliner,e.l.f. cosmetics cream glide lip liner pencil mauve aside,e.l.f. cosmetics,cream glide lip liner pencil,mauve aside,rose mauve,warm rose mauve,,,,,,,warm,,,,,,,,,,,,,,
lipliner,emolyne cosmetics defining lip mozambique,emolyne cosmetics,defining lip,mozambique,mauve,"cool mauve recommended for fair neutral, olive cool skin tones",https://cdn.emolyne.com/wp-content/uploads/2024/03/Emolyne-Defining-Lip_Mozambique-02-1-1440x1912.jpg.webp,,,TRUE,fair neutral,olive cool,cool,,,,,,,,,,,,,,
lipliner,emolyne cosmetics defining lip uganda,emolyne cosmetics,defining lip,uganda,mauve,deep mauve recommended for olive cool skin tones,,,,TRUE,olive cool,,,,,,,,deep,,,,,,,,
lipliner,estée lauder double wear 24h stay-in-place lip liner 17 mauve,estée lauder,double wear 24h stay-in-place lip liner,17 mauve,mauve,rich mauve with a neutral undertone,,,,,,,neutral,,,,,,rich,,,,,,,,
lipliner,flower beauty perfect pout sculpting lip liner rosewood,flower beauty,perfect pout sculpting lip liner,rosewood,mauve,warm deep mauve,,,,,,,warm,,,,,,deep,,,,,,,,
lipliner,haus labs by lady gaga rip lip liner myth,haus labs by lady gaga,rip lip liner,myth,mauve,midtone neutral mauve,,,,,,,neutral,,,,,,midtone,,,,,,,,
lipliner,jaclyn cosmetics poutspoken lip liner caramel latte,jaclyn cosmetics,poutspoken lip liner,caramel latte,rose mauve,dusty rose mauve,https://m.media-amazon.com/images/W/MEDIAX_849526-T2/images/I/31qsJEbvH3L.jpg,,,,,,,,,,,,,,,dusty,,,,,
lipliner,jeffree star cosmetics velour lip liner androgyny,jeffree star cosmetics,velour lip liner,androgyny,plum mauve,plum mauve with a matte finish,,,,,,,,matte,,,,,,,,,,,,,
lipliner,jones road beauty the lip pencil mauve,jones road beauty,the lip pencil,mauve,mauve,pale mauve,,,TRUE,,,,,,,,,,pale,,,,,,,,
lipliner,kosas hotliner hyaluronic acid contouring lip liner beyond,kosas,hotliner hyaluronic acid contouring lip liner,beyond,rose mauve,cool rosy mauve,https://www.refinery29.com/images/8960839.jpg?format=webp&width=NaN&height=NaN&quality=85,,TRUE,TRUE,,,cool,,,,,,,,,,,,,,
lipliner,kylie cosmetics precision pout lip liner comes naturally,kylie cosmetics,precision pout lip liner,comes naturally,mauve,soft mauve,https://kyliecosmetics.com/cdn/shop/files/KJC_LLPRP_23_Cappuccino_Swatch_800x.jpg?v=1701816848,,,,,,,,,,,,soft,,,,,,,,
lipliner,laura mercier lip pencil chestnut,laura mercier,lip pencil,chestnut,brown mauve,neutral brown mauve,,,,,,,neutral,,,,,,,,,,,,,,
lipliner,laura mercier longwear lip liner plumberry,laura mercier,longwear lip liner,plumberry,mauve,mauve,https://www.sephora.com/productimages/sku/s2216539-main-zoom.jpg?imwidth=1000,,,,,,,,,,,,,,,,,,,,
lipliner,laura mercier longwear lip liner rich mauve,laura mercier,longwear lip liner,rich mauve,mauve,dirty mauve,https://www.sephora.com/productimages/sku/s2216570-main-zoom.jpg?imwidth=1000,,,,,,,,,,,,,,,dirty,,,,,
lipliner,lawless forget the filler definer lip liner desert mauve,lawless,forget the filler definer lip liner,desert mauve,mauve,warm mauve,,,TRUE,,,,warm,,,,,,,,,,,,,,
lipliner,lime crime velvetines lip liner chiffon,lime crime,velvetines lip liner,chiffon,rose mauve,rosy mauve,,,,,,,,,,,,,,,,,,,,,
lipliner,lorac alter ego lip liner goddess,lorac,alter ego lip liner,goddess,mauve,mauve,https://us.lisaeldridge.com/cdn/shop/products/SL_SWATCH_723031b1-0450-4364-8d01-a757c7536115_800x_crop_top.jpg?v=1707492372,,,,,,,,,,,,,,,,,,,,
lipliner,lys beauty speak love lip liner pencil driven,lys beauty,speak love lip liner pencil,driven,terracotta mauve,terracotta mauve,,,TRUE,,,,,,,,,,,,,,,,,,
lipliner,mac cosmetics lip pencil dervish,mac cosmetics,lip pencil,dervish,pink mauve,pinky-mauve,https://www.maccosmetics.com/media/export/cms/products/640x600/mac_sku_S4W907_640x600_0.jpg,,,,,,,,,,,,,,,,,,,,
lipliner,makeup by mario ultra suede sculpting lip pencil kevin,makeup by mario,ultra suede sculpting lip pencil,kevin,pink mauve,pinky mauve,,,,,,,,,,,,,,,,,,,,,
lipliner,makeup by mario ultra suede sculpting lip pencil lauren,makeup by mario,ultra suede sculpting lip pencil,lauren,mauve,rich mauve,,,,,,,,,,,,,rich,,,,,,,,
lipliner,makeup by mario ultra suede sculpting lip pencil rich mauve,makeup by mario,ultra suede sculpting lip pencil,rich mauve,mauve,spiced mauve,,,,,,,,,,,spiced,,,,,,,,,,
lipliner,makeup revolution renaissance lipliner takeover,makeup revolution,renaissance lipliner,takeover,mauve,soft mauve,https://www.revolutionbeauty.com/dw/image/v2/BCZJ_PRD/on/demandware.static/-/Sites-revbe-master-catalog/default/dw43bd42cd/images/hi-res/20676_1.jpg?sw=660&sh=660&sm=fit&strip=false,,,,,,,,,,,,soft,,,,,,,,
lipliner,mented cosmetics lip liner dusk,mented cosmetics,lip liner,dusk,rose mauve,rose mauve,"https://images.ulta.com/is/image/Ulta/2579330?id=VxQa23&fmt=jpg&fit=constrain,1&wid=27&hei=362&op_sharpen=1&resMode=bilin",,,TRUE,,,,,,,,,,,,,,,,,
lipliner,morphe color pencil foolish,morphe,color pencil,foolish,rose mauve,rosy mauve,,,,,,,,,,,,,,,,,,,,,
lipliner,morphe color pencil zippy,morphe,color pencil,zippy,mauve,cool mauve,,,,,,,cool,,,,,,,,,,,,,,
lipliner,morphe soulmatte filling gel lip liner whipped,morphe,soulmatte filling gel lip liner,whipped,mauve,muted mauve,,,,,,,,,,,,,,,,muted,,,,,
lipliner,nars precision lip liner cap-d'ail,nars,precision lip liner,cap-d'ail,mauve,dusty mauve,,,,,,,,,,,,,,,,dusty,,,,,
lipliner,nars velvet matte lip pencil sex machine,nars,velvet matte lip pencil,sex machine,pink mauve,pink mauve,"https://images.ulta.com/is/image/Ulta/2539024?id=nGFaK3&fmt=jpg&fit=constrain,1&wid=43&hei=358&op_sharpen=1&resMode=bilin",,,,,,,,,,,,,,,,,,,,
lipliner,natasha denona i need a nude lip liner np3 julia,natasha denona,i need a nude lip liner,np3 julia,mauve,medium-dark mauve,,,,,,,,,,,,,medium,dark,,,,,,,
lipliner,nyx professional makeup slim lip pencil 831 mauve,nyx professional makeup,slim lip pencil,831 mauve,mauve,mauve,,,,TRUE,,,,,,,,,,,,,,,,,
lipliner,nyx professional makeup suede matte lip liner velvet soft vegan pencil cannes,nyx professional makeup,suede matte lip liner velvet soft vegan pencil,cannes,mauve,matte muted mauve,,,,TRUE,,,,matte,,,,,,,,muted,,,,,
lipliner,one/size by patrick starrr lip snatcher waterproof precision lip liner outta line,one/size by patrick starrr,lip snatcher waterproof precision lip liner,outta line,mauve,soft matte mauve,,,,TRUE,,,,matte,,,,,soft,,,,,,,,
lipliner,one/size by patrick starrr lip snatcher waterproof precision lip liner pink remix,one/size by patrick starrr,lip snatcher waterproof precision lip liner,pink remix,pink mauve,soft matte pink mauve,,,,TRUE,,,,matte,,,,,soft,,,,,,,,
lipliner,persona lip liner dusk,persona,lip liner,dusk,rose mauve,rose mauve,,,,,,,,,,,,,,,,,,,,,
lipliner,rare beauty by selena gomez kind words lip liner fun,rare beauty by selena gomez,kind words lip liner,fun,mauve,neutral mauve,,,,TRUE,,,neutral,,,,,,,,,,,,,,
lipliner,rare beauty by selena gomez kind words lip liner humble,rare beauty by selena gomez,kind words lip liner,humble,rose mauve,rose mauve,,,,TRUE,,,,,,,,,,,,,,,,,
lipliner,rare beauty by selena gomez kind words lip liner worthy,rare beauty by selena gomez,kind words lip liner,worthy,mauve,muted mauve,,,,TRUE,,,,,,,,,,,,muted,,,,,
lipliner,realher retractable lip liner i am precious,realher,retractable lip liner,i am precious,mauve,mauve,,,,,,,,,,,,,,,,,,,,,
lipliner,rokael beauty redefined lip shader exalted,rokael beauty,redefined lip shader,exalted,mauve,cool mauve,,,,,,,cool,,,,,,,,,,,,,,
lipliner,rokael beauty redefined lip shader lifted up,rokael beauty,redefined lip shader,lifted up,mauve,deep cool mauve,,,,,,,cool,,,,,,deep,,,,,,,,
lipliner,sacheu beauty lip liner stay-in 02 muah-ve,sacheu beauty,lip liner stay-in,02 muah-ve,mauve,neutral mauve,,,,TRUE,,,neutral,,,,,,,,,,,,,,
lipliner,sephora collection rouge gel lip liner 08 cashmere pink,sephora collection,rouge gel lip liner,08 cashmere pink,pink mauve,matte pink mauve,https://www.sephora.com/productimages/sku/s1691328-main-zoom.jpg?imwidth=48,,,,,,,matte,,,,,,,,,,,,,
lipliner,shiseido lipliner ink duo mauve 03,shiseido,lipliner ink duo,mauve 03,rose mauve,rosy mauve,,,,,,,,,,,,,,,,,,,,,
lipliner,smashbox be legendary line & prime pencil deep mauve,smashbox,be legendary line & prime pencil,deep mauve,mauve,deep mauve,https://www.sephora.com/productimages/sku/s1974823-main-zoom.jpg?imwidth=48,,,,,,,,,,,,deep,,,,,,,,
lipliner,tarte tarteist lip crayon latergram,tarte,tarteist lip crayon,latergram,mauve,mauve,,,,,,,,,,,,,,,,,,,,,
lipliner,thrive causemetics lip filler long-wearing + plumping lip liner ghizlan,thrive causemetics,lip filler long-wearing + plumping lip liner,ghizlan,plum mauve,plum mauve,,,,,,,,,,,,,,,,,,,,,
lipliner,thrive causemetics lip filler long-wearing + plumping lip liner jo,thrive causemetics,lip filler long-wearing + plumping lip liner,jo,pink mauve,pink mauve,,,,,,,,,,,,,,,,,,,,,
lipliner,ulta automatic lip liner rosewood,ulta,automatic lip liner,rosewood,mauve,muted mauve matte,"https://images.ulta.com/is/image/Ulta/2511346?id=Or-aJ1&fmt=jpg&fit=constrain,1&wid=23&hei=360&op_sharpen=1&resMode=bilin",,,,,,,matte,,,,,,,,muted,,,,,
lipliner,ulta automatic lip liner shimmering mauve,ulta,automatic lip liner,shimmering mauve,pink mauve,pink mauve shimmer,"https://images.ulta.com/is/image/Ulta/2296416?id=I0Eap3&fmt=jpg&fit=constrain,1&wid=23&hei=355&op_sharpen=1&resMode=bilin",,,,,,,shimmer,,,,,,,,,,,,,
lipliner,ulta too cheeky lip & cheek color stick spicy,ulta,too cheeky lip & cheek color stick,spicy,mauve,mauve w/slight shimmer,"https://images.ulta.com/is/image/Ulta/2556118?id=RCcbr1&fmt=jpg&fit=constrain,1&wid=260&hei=274&op_sharpen=1&resMode=bilin",,,,,,,shimmer,,,,,,,,,,slight,,,
lipliner,urban decay 24/7 glide-on lip pencil rush,urban decay,24/7 glide-on lip pencil,rush,pink mauve,pink-mauve w/ soft pearl,https://www.sephora.com/productimages/sku/s1105105-main-zoom.jpg?imwidth=48,,,,,,,,,,,,soft,,,,,pearl,,,
lipliner,vasanti cosmetics lipline extreme lip pencil mauvenberry,vasanti cosmetics,lipline extreme lip pencil,mauvenberry,mauve,neutral brick mauve,https://www.sephora.com/productimages/sku/s1498641-main-zoom.jpg?imwidth=1224,,,TRUE,,,neutral,,,,brick,,,,,,,,,,
lipliner,victoria beckham beauty lip definer no. 03,victoria beckham beauty,lip definer,no. 03,pink mauve,pink mauve for light to medium lip tones,,,,,light to medium,,,,,,perfect,,,,,,,,,,
lipliner,wander beauty lipsetter dual lipstick and liner on the mauve,wander beauty,lipsetter dual lipstick and liner,on the mauve,mauve,true mauve,https://m.media-amazon.com/images/I/611zD5P5xrL._SL1500_.jpg,,,TRUE,,,,,,,true,,,,,,,,,,
lipliner,wayne goss the essential lip pencil sepia,wayne goss,the essential lip pencil,sepia,brown mauve,deep brown mauve,,,,,,,,,,,,,deep,,,,,,,,
lipliner,zoeva graphic lips pencil earthbound,zoeva,graphic lips pencil,earthbound,purple mauve,dusty purple mauve,"https://images.ulta.com/is/image/Ulta/2553912?id=NFGar2&fmt=jpg&fit=constrain,1&wid=25&hei=354&op_sharpen=1&resMode=bilin",,,,,,,,,,,,,,,dusty,,,,,
lipstick,100% pure fruit pigmented cocoa butter matte lipstick plume pink,100% pure,fruit pigmented cocoa butter matte lipstick,plume pink,nude pink mauve,nude pink mauve,,,TRUE,TRUE,,,,,,,,,,,,,,,,,
lipstick,100% pure fruit pigmented pomegranate oil anti-aging lipstick foxglove,100% pure,fruit pigmented pomegranate oil anti-aging lipstick,foxglove,berry pink mauve,berry pink mauve,,,TRUE,TRUE,,,,,,,,,,,,,,,,,
lipstick,about-face paint-it matte lip color last goodnight,about-face,paint-it matte lip color,last goodnight,mauve,matte mauve,,,,,,,,matte,,,,,,,,,,,,,
lipstick,about-face paint-it matte lip color not your baby,about-face,paint-it matte lip color,not your baby,mauve,matte soft mauve,https://aboutface.com/cdn/shop/products/NotYourBaby.png?v=1672950096&width=1280,,,,,,,matte,,,,,soft,,,,,,,,
lipstick,anastasia beverly hills liquid lipstick dusty rose,anastasia beverly hills,liquid lipstick,dusty rose,nude mauve,"nude mauve, matte finish","https://images.ulta.com/is/image/Ulta/2300404?id=nygaT2&fmt=jpg&fit=constrain,1&wid=122&hei=361&op_sharpen=1&resMode=bilin",,,,,,,matte,,,,,,,,,,,,,
lipstick,anastasia beverly hills liquid lipstick jealousy,anastasia beverly hills,liquid lipstick,jealousy,mauve,muted mauve,"https://images.ulta.com/is/image/Ulta/2535273?id=4Svab2&fmt=jpg&fit=constrain,1&wid=169&hei=360&op_sharpen=1&resMode=bilin",,,,,,,,,,,,,,,muted,,,,,
lipstick,anastasia beverly hills liquid lipstick poet,anastasia beverly hills,liquid lipstick,poet,mauve,dusty mauve,"https://images.ulta.com/is/image/Ulta/2523803?id=3snaF0&fmt=jpg&fit=constrain,1&wid=121&hei=359&op_sharpen=1&resMode=bilin",,,,,,,,,,,,,,,dusty,,,,,
lipstick,anastasia beverly hills liquid lipstick veronica,anastasia beverly hills,liquid lipstick,veronica,taupe mauve,"taupe mauve, matte finish","https://images.ulta.com/is/image/Ulta/2300575?id=JtraJ3&fmt=jpg&fit=constrain,1&wid=122&hei=361&op_sharpen=1&resMode=bilin",,,,,,,matte,,,,,,,,,,,,,
lipstick,ardell matte whipped lipstick unsafe & wicked,ardell,matte whipped lipstick,unsafe & wicked,mauve,dusty mauve,"https://images.ulta.com/is/image/Ulta/2528801?id=yF-ax0&fmt=jpg&fit=constrain,1&wid=168&hei=360&op_sharpen=1&resMode=bilin",,,,,,,,,,,,,,,dusty,,,,,
lipstick,ardell vinyl vixen lip lacquer lover,ardell,vinyl vixen lip lacquer,lover,mauve,mauve,"https://images.ulta.com/is/image/Ulta/2546459?id=go6bB3&fmt=jpg&fit=constrain,1&wid=198&hei=360&op_sharpen=1&resMode=bilin",,,,,,,,,,,,,,,,,,,,
lipstick,armani beauty lip maestro liquid matte lipstick 104 riolto,armani beauty,lip maestro liquid matte lipstick,104 riolto,beige mauve,beige mauve,https://www.sephora.com/productimages/sku/s2379501-main-zoom.jpg?imwidth=1000,,,,,,,,,,,,,,,,,,,,
lipstick,armani beauty lip maestro liquid matte lipstick 110 bronzed,armani beauty,lip maestro liquid matte lipstick,110 bronzed,mauve,luminous mauve,,,,,,,,luminous,,,,,,,,,,,,,
lipstick,armani beauty lip maestro liquid matte lipstick 212 mistero,armani beauty,lip maestro liquid matte lipstick,212 mistero,brown mauve,brown mauve,https://storage.googleapis.com/glide-prod.appspot.com/uploads-v2/xJTS2nQmDPn7m1uvUili/pub/NNgUBhmYFotdvwHLmzbc.webp,,,,,,,,,,,,,,,,,,,,
lipstick,armani beauty lip power long lasting satin lipstick 102 romanza,armani beauty,lip power long lasting satin lipstick,102 romanza,beige mauve,soft beige mauve,https://www.giorgioarmanibeauty-usa.com/dw/image/v2/AANG_PRD/on/demandware.static/-/Sites-gab-master-catalog/default/dw7f864f35/products/A2374/TEXTURE-SWATCHES/GA_2022_Lip-Power_102_TXU_3614272649309_RVB-4000.jpg?sw=465&sh=400&sm=cut&sfrm=jpeg&q=85,,,,,,,,,,,,soft,,,,,,,,
lipstick,armani beauty lip power long lasting satin lipstick 104 selfless,armani beauty,lip power long lasting satin lipstick,104 selfless,beige mauve,medium beige mauve,,,,,,,,,,,,,medium,,,,,,,,
lipstick,bareminerals gen nude matte liquid lipcolor juju,bareminerals,gen nude matte liquid lipcolor,juju,rose mauve,deep rosy mauve,"https://images.ulta.com/is/image/Ulta/2303744?id=KIXa81&fmt=jpg&fit=constrain,1&wid=66&hei=361&op_sharpen=1&resMode=bilin",,,,,,,,,,,,deep,,,,,,,,
lipstick,bareminerals gen nude matte liquid lipcolor slay,bareminerals,gen nude matte liquid lipcolor,slay,mauve,dusty light mauve,"https://images.ulta.com/is/image/Ulta/2303741?id=59Oa_0&fmt=jpg&fit=constrain,1&wid=66&hei=361&op_sharpen=1&resMode=bilin",,,,,,,,,,,,light,,,dusty,,,,,
lipstick,bareminerals gen nude matte liquid lipcolor swag,bareminerals,gen nude matte liquid lipcolor,swag,mauve,blushing mauve,"https://images.ulta.com/is/image/Ulta/2303742?id=oR1a12&fmt=jpg&fit=constrain,1&wid=65&hei=357&op_sharpen=1&resMode=bilin",,,,,,,,,,blushing,,,,,,,,,,
lipstick,bareminerals mineralist hydra-smoothing lipstick focus,bareminerals,mineralist hydra-smoothing lipstick,focus,mauve,muted mauve,"https://images.ulta.com/is/image/Ulta/2561054?id=-d8bt2&fmt=jpg&fit=constrain,1&wid=204&hei=359&op_sharpen=1&resMode=bilin",,,,,,,,,,,,,,,muted,,,,,
lipstick,bareminerals mineralist hydra-smoothing lipstick presence,bareminerals,mineralist hydra-smoothing lipstick,presence,mauve,antique mauve,"https://images.ulta.com/is/image/Ulta/2561070?id=KJZaW3&fmt=jpg&fit=constrain,1&wid=204&hei=359&op_sharpen=1&resMode=bilin",,,,,,,,,,antique,,,,,,,,,,
lipstick,bareminerals mineralist lasting matte liquid lipstick influential,bareminerals,mineralist lasting matte liquid lipstick,influential,mauve,blushing mauve,,,,,,,,,,,blushing,,,,,,,,,,
lipstick,beauty bakerie liquid creme lipstick bubble wrap,beauty bakerie,liquid creme lipstick,bubble wrap,mauve,deep mauve,,,,TRUE,,,,,,,,,deep,,,,,,,,
lipstick,bellapierre cosmetics kiss proof lip crème muddy rose,bellapierre cosmetics,kiss proof lip crème,muddy rose,chestnut mauve,chestnut mauve,,,,,,,,,,,,,,,,,,,,,
lipstick,bellapierre cosmetics kiss proof lip crème rose petal,bellapierre cosmetics,kiss proof lip crème,rose petal,mauve,deep mauve,,,,,,,,,,,,,deep,,,,,,,,
lipstick,bite beauty power move creamy matte lip crayon glace,bite beauty,power move creamy matte lip crayon,glace,mauve,dusty mauve,https://storage.googleapis.com/glide-prod.appspot.com/uploads-v2/xJTS2nQmDPn7m1uvUili/pub/MrgFDQkOtqeP5wvVkt0G.webp,,TRUE,,,,,,,,,,,,,dusty,,,,,
lipstick,bite beauty power move creamy matte lip crayon nonino,bite beauty,power move creamy matte lip crayon,nonino,rose mauve,rosy mauve,,,TRUE,,,,,,,,,,,,,,,,,,
lipstick,bite beauty power move hydrating soft matte lipstick pluot,bite beauty,power move hydrating soft matte lipstick,pluot,mauve,dusty mauve,,,TRUE,,,,,,,,,,,,,dusty,,,,,
lipstick,blk/opl liquid matte lipstick chic mauve,blk/opl,liquid matte lipstick,chic mauve,mauve,mauve,"https://images.ulta.com/is/image/Ulta/2578433?id=a0Ia51&fmt=jpg&fit=constrain,1&wid=59&hei=361&op_sharpen=1&resMode=bilin",,,TRUE,,,,,,,,,,,,,,,,,
lipstick,bobbi brown crushed lip color telluride,bobbi brown,crushed lip color,telluride,mauve,deeper mauve,https://www.sephora.com/productimages/sku/s1972116-main-zoom.jpg?imwidth=48,,,,,,,,,,,,deep,,,,,,,,
lipstick,bobbi brown luxe matte lipstick claret,bobbi brown,luxe matte lipstick,claret,rose mauve,rosy mauve,,,,,,,,,,,,,,,,,,,,,
lipstick,bodyography lip vapour moonlit mauve,bodyography,lip vapour,moonlit mauve,mauve,mauve - shimmer,https://cdn.shopify.com/s/files/1/0009/6623/0076/products/LipVapour_MoonlitMauve_Swatch_web_compact.jpg?v=1606243526,,,,,,,shimmer,,,,,,,,,,,,,
lipstick,bodyography lipstick catfight,bodyography,lipstick,catfight,nude mauve,matte finish-nude mauve,"https://images.ulta.com/is/image/Ulta/2546776?id=s0obk0&fmt=jpg&fit=constrain,1&wid=86&hei=362&op_sharpen=1&resMode=bilin",,,,,,,matte,,,,,,,,,,,,,
lipstick,bodyography lipstick hot kiss,bodyography,lipstick,hot kiss,mauve,matte finish-dusty mauve,"https://images.ulta.com/is/image/Ulta/2546696?id=pS1bT1&fmt=jpg&fit=constrain,1&wid=86&hei=362&op_sharpen=1&resMode=bilin",,,,,,,matte,,,,,,,,dusty,,,,,
lipstick,bodyography lipstick sorbet,bodyography,lipstick,sorbet,mauve,mauve shimmer,https://cdn.shopify.com/s/files/1/0009/6623/0076/products/LipStick_RedChina_Swatch_web_compact.jpg?v=1604699698,,,,,,,shimmer,,,,,,,,,,,,,
lipstick,bperfect cosmetics supreme velvet liquid lips imma get it,bperfect cosmetics,supreme velvet liquid lips,imma get it,mauve,a universal rich mauve,,,,,universal,,,,,,,,rich,,,,,,,,
lipstick,buxom dolly's glam getaway full-on satin lipstick pink crush,buxom,dolly's glam getaway full-on satin lipstick,pink crush,rose mauve,"rose mauve, satin",https://media.ulta.com/i/ulta/2622749_sm?w=720&h=720&fmt=webp,,,,,,,satin,,,,,,,,,,,,,
lipstick,buxom full force plumping lipstick dolly dreamer,buxom,full force plumping lipstick,dolly dreamer,mauve,mauve,"https://images.ulta.com/is/image/Ulta/2547454?id=Iu5bw3&fmt=jpg&fit=constrain,1&wid=180&hei=361&op_sharpen=1&resMode=bilin",,,,,,,,,,,,,,,,,,,,
lipstick,buxom full force plumping lipstick rockstar,buxom,full force plumping lipstick,rockstar,mauve,mystery mauve,"https://images.ulta.com/is/image/Ulta/2547458?id=ckqbY2&fmt=jpg&fit=constrain,1&wid=180&hei=361&op_sharpen=1&resMode=bilin",,,,,,,,,,,,,,,,,,,,
lipstick,buxom full-on satin lipstick dolly doll,buxom,full-on satin lipstick,dolly doll,mauve,mauve,,,,,,,,,,,,,,,,,,,,,
lipstick,buxom power-full plump lip balm dolly fever,buxom,power-full plump lip balm,dolly fever,mauve,mauve,,,,,,,,,,,,,,,,,,,,,
lipstick,buxom serial kisser plumping lip stain frenchie,buxom,serial kisser plumping lip stain,frenchie,mauve,light mauve,"https://images.ulta.com/is/image/Ulta/2544663?id=wDza43&fmt=jpg&fit=constrain,1&wid=175&hei=359&op_sharpen=1&resMode=bilin",,,,,,,,,,,,light,,,,,,,,
lipstick,buxom serial kisser plumping lip stain pucker up dolly,buxom,serial kisser plumping lip stain,pucker up dolly,mauve,mauve,"https://images.ulta.com/is/image/Ulta/2544666?id=2nCaC2&fmt=jpg&fit=constrain,1&wid=175&hei=359&op_sharpen=1&resMode=bilin",,,,,,,,,,,,,,,,,,,,
lipstick,chanel rouge coco baume hydrating beautifying tinted lip balm buildable colour 930 sweet treat,chanel,rouge coco baume hydrating beautifying tinted lip balm buildable colour,930 sweet treat,brown mauve,brownish mauve,,,,,,,,,,,,,,,,,,,,,
lipstick,ciatè london glitter flip whisper,ciatè london,glitter flip,whisper,mauve,mauve,https://www.sephora.com/productimages/sku/s2029494-main-zoom.jpg?imwidth=48,,,,,,,,,,,,,,,,,,,,
lipstick,code8 beauty 5secs express lip & cheek colour miss saigon,code8 beauty,5secs express lip & cheek colour,miss saigon,brown mauve,brownish mauve for medium skin tones,https://www.codeeight.com/media/catalog/product/cache/be4a4d1a0d651f079785eb0b734b597e/m/i/miss_saigon_swatch_1.png,,,,medium,,,,,,,,,,,,,,,,
lipstick,code8 beauty glazé lip lacquer west village,code8 beauty,glazé lip lacquer,west village,chocolate mauve,"a chocolatey mauve for medium, olive to dark skin tones",,,,,"medium, olive to dark",,,,,,,,medium,dark,,,,,,,
lipstick,colour lit liquid matte lipstick stunner,colour lit,liquid matte lipstick,stunner,berry mauve,warm berry mauve,https://colourlit.com/cdn/shop/products/st_1024x1024.jpg?v=1559859729,,,,,,warm,,,,,,,,,,,,,,
lipstick,colourpop fresh kiss hydrating lip creme u r mine,colourpop,fresh kiss hydrating lip creme,u r mine,mauve,cool mauve,,,,,,,cool,,,,,,,,,,,,,,
lipstick,colourpop lippie stix cami,colourpop,lippie stix,cami,mauve,matte cool toned mauve,"https://images.ulta.com/is/image/Ulta/2550428?id=TZhb_1&fmt=jpg&fit=constrain,1&wid=44&hei=356&op_sharpen=1&resMode=bilin",,,,,,cool,matte,,,,,,,,,,,,,
lipstick,colourpop lippie stix happy thoughts,colourpop,lippie stix,happy thoughts,rose mauve,matte deep rosey mauve,"https://images.ulta.com/is/image/Ulta/2550445?id=BL3bB2&fmt=jpg&fit=constrain,1&wid=44&hei=356&op_sharpen=1&resMode=bilin",,,,,,,matte,,,,,deep,,,,,,,,
lipstick,ctzn cosmetics nudiversal lip duo maldives,ctzn cosmetics,nudiversal lip duo,maldives,brown mauve,mauve with hints of brown and cool undertones,,,,TRUE,,,cool,,,,,,,,,,,,,,
lipstick,dear dahlia paradise dream velvet lip mousse 18 button,dear dahlia,paradise dream velvet lip mousse,18 button,nude mauve,neutral nude mauve,,,,TRUE,,,neutral,,,,,,,,,,,,,,
lipstick,dior rouge dior forever transfer-proof lipstick 729 authentic,dior,rouge dior forever transfer-proof lipstick,729 authentic,mauve,deep mauve,,,,,,,,,,,,,deep,,,,,,,,
lipstick,dominique cosmetics cream matte liquid lipstick crush,dominique cosmetics,cream matte liquid lipstick,crush,mauve,deep mauve,,,,,,,,,,,,,deep,,,,,,,,
lipstick,dose of colors lip set duo stone,dose of colors,lip set duo,stone,mauve,dusty mauve,,,,,,,,,,,,,,,,dusty,,,,,
lipstick,dose of colors velvet mousse lipstick casual,dose of colors,velvet mousse lipstick,casual,mauve,toasty mauve,,,,,,,,,,,toasty,,,,,,,,,,
lipstick,e.l.f. cosmetics glossy lip stain power mauves,e.l.f. cosmetics,glossy lip stain,power mauves,mauve,mauve,,,,,,,,,,,,,,,,,,,,,
lipstick,e.l.f. cosmetics hydrating core lip shine delightful,e.l.f. cosmetics,hydrating core lip shine,delightful,mauve,mauve,,,,,,,,,,,,,,,,,,,,,
lipstick,em cosmetics soft spoken velvet lip creme hush,em cosmetics,soft spoken velvet lip creme,hush,mauve,neutral mauve,,,,TRUE,,,neutral,,,,,,,,,,,,,,
lipstick,estée lauder pure color creme lipstick 440 irresistible,estée lauder,pure color creme lipstick,440 irresistible,mauve,dusty mauve with a neutral undertone,,,,,,,neutral,,,,,,,,,dusty,,,,,
lipstick,estée lauder pure color creme lipstick 441 rose tea,estée lauder,pure color creme lipstick,441 rose tea,rose mauve,rosy mauve with a neutral undertone,,,,,,,neutral,,,,,,,,,,,,,,
lipstick,estée lauder pure color creme lipstick 561 intense nude,estée lauder,pure color creme lipstick,561 intense nude,mauve,mauve with a warm undertone,,,,,,,warm,,,,,,,,,,,,,,
lipstick,estée lauder pure color creme lipstick 670 bold desires,estée lauder,pure color creme lipstick,670 bold desires,mauve,medium-deep mauve with a cool undertone,,,,,,,cool,,,,,,medium,deep,,,,,,,
lipstick,estée lauder pure color creme lipstick 692 insider,estée lauder,pure color creme lipstick,692 insider,lilac mauve,light lilac mauve with a cool undertone,,,,,,,cool,,,,,,light,,,,,,,,
lipstick,estée lauder pure color creme lipstick 862 untamable,estée lauder,pure color creme lipstick,862 untamable,mauve,soft mauve with a warm undertone,,,,,,,warm,,,,,,soft,,,,,,,,
lipstick,estée lauder pure color envy matte sculpting lipstick 113 raw edge,estée lauder,pure color envy matte sculpting lipstick,113 raw edge,yellow mauve,dirty yellow mauve with a warm undertone,https://www.esteelauder.com/media/export/cms/products/640x640/el_sku_R8FC17_640x640_1.jpg,,,,,,warm,,,,,,,,,dirty,,,,,
lipstick,estée lauder pure color explicit slick shine lipstick 321 shhh…,estée lauder,pure color explicit slick shine lipstick,321 shhh…,rose mauve,midtone rosy-mauve with cool undertones,,,,,,,cool,,,,,,midtone,,,,,,,,
lipstick,estée lauder pure color matte lipstick 669 stolen heart,estée lauder,pure color matte lipstick,669 stolen heart,rose mauve,rosy mauve with a warm undertone,https://www.esteelauder.com/media/export/cms/products/640x640/el_sku_GRFW05_640x640_1.jpg,,,,,,warm,,,,,,,,,,,,,,
lipstick,estée lauder pure color matte lipstick 809 secret sandal,estée lauder,pure color matte lipstick,809 secret sandal,mauve,dusty mauve with a neutral undertone,https://www.esteelauder.com/media/export/cms/products/640x640/el_sku_GRFW15_640x640_1.jpg,,,,,,neutral,,,,,,,,,dusty,,,,,
lipstick,estée lauder pure color matte lipstick 868 influential,estée lauder,pure color matte lipstick,868 influential,mauve,light dusty mauve with a cool undertone,https://www.esteelauder.com/media/export/cms/products/640x640/el_sku_GRFW16_640x640_1.jpg,,,,,,cool,,,,,,light,,,dusty,,,,,
lipstick,estée lauder pure color whipped matte lip color with moringa butter 929 sweet tart,estée lauder,pure color whipped matte lip color with moringa butter,929 sweet tart,mauve,neutral midtone mauve with a neutral undertone,,,,,,,neutral,,,,,,midtone,,,,,,,,
lipstick,estée lauder sabyasachi limited edition matte lipstick apricot silk,estée lauder,sabyasachi limited edition matte lipstick,apricot silk,rose mauve,light rosy mauve,https://www.esteelauder.com/media/export/cms/products/640x640/el_sku_G39702_640x640_1.jpg,,,,,,,,,,,,light,,,,,,,,
lipstick,fenty beauty by rihanna slip shine sheer shiny lipstick 07 goji gang,fenty beauty by rihanna,slip shine sheer shiny lipstick,07 goji gang,rose mauve,rosey mauve,https://storage.googleapis.com/glide-prod.appspot.com/uploads-v2/xJTS2nQmDPn7m1uvUili/pub/NxDqwt22mTYIckTMssEY.webp,,,TRUE,,,,,,,,,,,,,,,,,
lipstick,fenty beauty by rihanna stunna lip paint longwear fluid lip color uncuffed,fenty beauty by rihanna,stunna lip paint longwear fluid lip color,uncuffed,rose mauve,rosy mauve,https://storage.googleapis.com/glide-prod.appspot.com/uploads-v2/xJTS2nQmDPn7m1uvUili/pub/1ssfLk02FvO0bubOIfQK.webp,,,TRUE,,,,,,,,,,,,,,,,,
lipstick,flower beauty miracle matte liquid lip color soft berry,flower beauty,miracle matte liquid lip color,soft berry,mauve,mauve,"https://images.ulta.com/is/image/Ulta/2525013?id=yKLaL3&fmt=jpg&fit=constrain,1&wid=54&hei=358&op_sharpen=1&resMode=bilin",,,,,,,,,,,,,,,,,,,,
lipstick,fresh sugar lip balm hydrating treatment lily luster,fresh,sugar lip balm hydrating treatment,lily luster,mauve,shimmery mauve,,,TRUE,,,,,shimmer,,,,,,,,,,,,,
lipstick,girlactik long lasting matte lip paint liquid lipstick playful,girlactik,long lasting matte lip paint liquid lipstick,playful,brown mauve,brown mauve,,,,,,,,,,,,,,,,,,,,,
lipstick,girlactik long lasting matte lip paint liquid lipstick posh,girlactik,long lasting matte lip paint liquid lipstick,posh,tan mauve,tan mauve,,,,,,,,,,,,,,,,,,,,,
lipstick,givenchy le rose perfecto color lip balm 201 timeless pink,givenchy,le rose perfecto color lip balm,201 timeless pink,mauve,shimmering sheer muted mauve,https://www.sephora.com/productimages/sku/s2185528-main-zoom.jpg?imwidth=48,,,,,,,sheer,shimmer,,,,,,,muted,,,,,
lipstick,glossier ultralip high shine lipstick with hyaluronic acid ember,glossier,ultralip high shine lipstick with hyaluronic acid,ember,mauve,deep mauve,,,,,,,,,,,,,deep,,,,,,,,
lipstick,gressa skin lip boost lilith,gressa skin,lip boost,lilith,rose mauve,deep rose mauve,,,,,,,,,,,,,deep,,,,,,,,
lipstick,gxve by gwen stefani anaheim shine clean high-performance satin lipstick stomp box,gxve by gwen stefani,anaheim shine clean high-performance satin lipstick,stomp box,rose mauve,rosy mauve,,,TRUE,,,,,,,,,,,,,,,,,,
lipstick,half caked lip fondant liquid lipstick fight night,half caked,lip fondant liquid lipstick,fight night,mauve,"deep, vampy mauve",,,,,,,,,,,,,deep,,,,,,,,
lipstick,haus labs by lady gaga atomic shake long lasting liquid lipstick rosewood shine,haus labs by lady gaga,atomic shake long lasting liquid lipstick,rosewood shine,rose mauve,rose mauve,,,TRUE,,,,,,,,,,,,,,,,,,
lipstick,highr collective lipstick truest,highr collective,lipstick,truest,berry mauve,berry mauve,,,,,,,,,,,,,,,,,,,,,
lipstick,hourglass girl lip stylo achiever,hourglass,girl lip stylo,achiever,mauve,deep mauve,https://www.sephora.com/productimages/sku/s1892975-main-zoom.jpg?imwidth=48,,,,,,,,,,,,deep,,,,,,,,
lipstick,hourglass phantom volumizing glossy lip balm haze 135,hourglass,phantom volumizing glossy lip balm,haze 135,mauve,deep mauve,,,,,,,,,,,,,deep,,,,,,,,
lipstick,hourglass unlocked satin crème lipstick tropic 332,hourglass,unlocked satin crème lipstick,tropic 332,rose mauve,rose mauve,,,,,,,,,,,,,,,,,,,,,
lipstick,hourglass velvet story lip cream luxe,hourglass,velvet story lip cream,luxe,mauve,mauve,,,,,,,,,,,,,,,,,,,,,
lipstick,huda beauty original liquid matte lipstick spice girl,huda beauty,original liquid matte lipstick,spice girl,brown mauve,iconic 90s brownish mauve,https://storage.googleapis.com/glide-prod.appspot.com/uploads-v2/xJTS2nQmDPn7m1uvUili/pub/6LJCjFbDIFWqnbeZ4Rdj.webp,,,TRUE,,,,,,,iconic,90s,,,,,,,,,
lipstick,huda beauty power bullet cream glow hydrating lipstick sweet cheeks,huda beauty,power bullet cream glow hydrating lipstick,sweet cheeks,nude mauve,medium nude mauve,,,,TRUE,,,,,,,,,medium,,,,,,,,
lipstick,huda beauty power bullet matte lipstick pay day,huda beauty,power bullet matte lipstick,pay day,rose mauve,rosy mauve (cool toned),,,,TRUE,,,cool,,,,,,,,,,,,,,
lipstick,ilia balmy tint hydrating lip balm memoir,ilia,balmy tint hydrating lip balm,memoir,mauve,neutral mauve,,,TRUE,,,,neutral,,,,,,,,,,,,,,
lipstick,ilia color block lipstick wild rose,ilia,color block lipstick,wild rose,mauve,ultimate mauve,,,TRUE,,,,,,,,ultimate,,,,,,,,,,
lipstick,ilia lip sketch hydrating lipstick + lip liner crayon rhyme,ilia,lip sketch hydrating lipstick + lip liner crayon,rhyme,mauve,cool mauve,,,TRUE,,,,cool,,,,,,,,,,,,,,
lipstick,ilia tinted lip conditioner forever,ilia,tinted lip conditioner,forever,mauve,mauve,https://www.sephora.com/productimages/sku/s2197671-main-zoom.jpg?imwidth=48,,,,,,,,,,,,,,,,,,,,
lipstick,jane iredale colorluxe hydrating cream lipstick magnolia,jane iredale,colorluxe hydrating cream lipstick,magnolia,mauve,cool medium mauve,,,,,,,cool,,,,,,medium,,,,,,,,
lipstick,jane iredale lip fixation lip stain/gloss compulsion,jane iredale,lip fixation lip stain/gloss,compulsion,mauve,"sheer matte mauve, cool shimmering gloss",,,,,,,cool,sheer,matte,shimmer,,,,,,,,,,,
lipstick,jeffree star cosmetics velour liquid lipstick calabasas,jeffree star cosmetics,velour liquid lipstick,calabasas,brick mauve,brick mauve,,,,,,,,,,,brick,,,,,,,,,,
lipstick,johnny concert maudit liquid lipstick lovelace,johnny concert,maudit liquid lipstick,lovelace,nude mauve,nude mauve,,,,,,,,,,,,,,,,,,,,,
lipstick,jones road beauty the lip tint nude mauve,jones road beauty,the lip tint,nude mauve,mauve,pale mauve,,,TRUE,,,,,,,,,,pale,,,,,,,,
lipstick,jouer cosmetics long-wear lip creme liquid lipstick aubergine,jouer cosmetics,long-wear lip creme liquid lipstick,aubergine,mauve,matte cool deep mauve,https://www.sephora.com/productimages/sku/s2152965-main-zoom.jpg?imwidth=48,,,,,,cool,matte,,,,,deep,,,,,,,,
lipstick,kaja air heart lightweight natural finish lipstick 03 ride or die,kaja,air heart lightweight natural finish lipstick,03 ride or die,mauve,dusty mauve,https://www.sephora.com/productimages/sku/s2327344-main-zoom.jpg?imwidth=48,,,TRUE,,,,,,,,,,,,dusty,,,,,
lipstick,kiko milano you make me matte lipstick love mauve,kiko milano,you make me matte lipstick,love mauve,mauve,mauve,"https://images.ulta.com/is/image/Ulta/2580126?id=e_pbD1&fmt=jpg&fit=constrain,1&wid=211&hei=361&op_sharpen=1&resMode=bilin",,,,,,,,,,,,,,,,,,,,
lipstick,kkw beauty pink creme lipstick pink 5,kkw beauty,pink creme lipstick,pink 5,mauve,warm mauve,"https://images.ulta.com/is/image/Ulta/2548194?id=TDabg3&fmt=jpg&fit=constrain,1&wid=213&hei=360&op_sharpen=1&resMode=bilin",,,,,,warm,,,,,,,,,,,,,,
lipstick,kosas wet stick moisturizing shiny sheer lipstick with ceramides tropic bliss,kosas,wet stick moisturizing shiny sheer lipstick with ceramides,tropic bliss,rose mauve,cool rosy mauve,,,TRUE,TRUE,,,cool,,,,,,,,,,,,,,
lipstick,kvd beauty everlasting hyperlight vegan transfer-proof liquid lipstick dead nettle,kvd beauty,everlasting hyperlight vegan transfer-proof liquid lipstick,dead nettle,brown mauve,brown mauve,,,,,,,,,,,,,,,,,,,,,
lipstick,kylie cosmetics creme lipstick 332 better late than never,kylie cosmetics,creme lipstick,332 better late than never,mauve,warm mauve,,,,,,,warm,,,,,,,,,,,,,,
lipstick,kylie cosmetics matte lip crayon main character,kylie cosmetics,matte lip crayon,main character,mauve,dusty mauve,,,,,,,,,,,,,,,,dusty,,,,,
lipstick,kylie cosmetics matte lip kit head over heels,kylie cosmetics,matte lip kit,head over heels,mauve,deep mauve,,,,,,,,,,,,,deep,,,,,,,,
lipstick,kylie cosmetics matte liquid lipstick head over heels,kylie cosmetics,matte liquid lipstick,head over heels,mauve,deep mauve,,,,,,,,,,,,,deep,,,,,,,,
lipstick,kylie cosmetics velvet lip kit mind ya business,kylie cosmetics,velvet lip kit,mind ya business,rose mauve,dusty rose mauve,"https://s2.r29static.com/bin/shop/e21/x,85/2252321/image.webp",,,,,,,,,,,,,,,dusty,,,,,
lipstick,l'oréal colour riche intense volume matte lipstick 143 le mauve indomptable,l'oréal,colour riche intense volume matte lipstick,143 le mauve indomptable,mauve,cool medium mauve,,,,,,,cool,,,,,,medium,,,,,,,,
lipstick,l'oréal colour riche satin lipstick montmartre 129,l'oréal,colour riche satin lipstick,montmartre 129,mauve,neutral light mauve,"https://images.ulta.com/is/image/Ulta/2566786?id=97-aR2&fmt=jpg&fit=constrain,1&wid=196&hei=359&op_sharpen=1&resMode=bilin",,,,,,neutral,,,,,,light,,,,,,,,
lipstick,l'oréal infallible matte resistance liquid lipstick breakfast in bed,l'oréal,infallible matte resistance liquid lipstick,105 breakfast in bed,mauve,light medium mauve,,,,,,,,,,,,,light,medium,,,,,,,
lipstick,l'oréal infallible matte resistance liquid lipstick 635 worth it medium,l'oréal,infallible matte resistance liquid lipstick,635 worth it medium,mauve,medium dark mauve,,,,,,,,,,,,,medium,dark,,,,,,,
lipstick,lancôme l'absolu lacquer long-lasting liquid lipstick 306 infra rose,lancôme,l'absolu lacquer long-lasting liquid lipstick,306 infra rose,mauve,mauve,https://www.sephora.com/productimages/sku/s2067478-main-zoom.jpg?imwidth=1000,,,,,,,,,,,,,,,,,,,,
lipstick,lancôme l'absolu lacquer long-lasting liquid lipstick 308 let me shine,lancôme,l'absolu lacquer long-lasting liquid lipstick,308 let me shine,mauve,mauve pearl,https://www.sephora.com/productimages/sku/s2067460-main-zoom.jpg?imwidth=1000,,,,,,,,,,,,,,,,,pearl,,,
lipstick,lancôme l'absolu lacquer long-lasting liquid lipstick 356 rose fugace,lancôme,l'absolu lacquer long-lasting liquid lipstick,356 rose fugace,berry mauve,berry mauve,https://www.sephora.com/productimages/sku/s2067437-main-zoom.jpg?imwidth=1000,,,,,,,,,,,,,,,,,,,,
lipstick,lancôme l'absolu rouge cream lipstick 387 crushed rose,lancôme,l'absolu rouge cream lipstick,387 crushed rose,rose mauve,cool rosy mauve,,,,,,,cool,,,,,,,,,,,,,,
lipstick,lancôme l'absolu rouge drama matte lipstick 410 impertinence,lancôme,l'absolu rouge drama matte lipstick,410 impertinence,mauve,cool toasted mauve,,,,,,,cool,,,,toasted,,,,,,,,,,
lipstick,laura mercier rouge essentiel silky cream lipstick mauve merveilleux,laura mercier,rouge essentiel silky cream lipstick,mauve merveilleux,mauve,mauve,https://www.sephora.com/productimages/sku/s2216356-main-zoom.jpg?imwidth=48,,,,,,,,,,,,,,,,,,,,
lipstick,laura mercier rouge essentiel silky cream lipstick rose mauve,laura mercier,rouge essentiel silky cream lipstick,rose mauve,mauve,dirty mauve,https://www.sephora.com/productimages/sku/s2216349-main-zoom.jpg?imwidth=48,,,,,,,,,,,,,,,dirty,,,,,
lipstick,lawless forget the filler lip-plumping line-smoothing satin cream lipstick minx,lawless,forget the filler lip-plumping line-smoothing satin cream lipstick,minx,mauve,rich warm mauve,,,TRUE,,,,warm,,,,,,rich,,,,,,,,
lipstick,lawless forget the filler lip-plumping line-smoothing tinted lip balm posey,lawless,forget the filler lip-plumping line-smoothing tinted lip balm,posey,rose mauve,rosy mauve,,,TRUE,,,,,,,,,,,,,,,,,,
lipstick,lime crime matte velvetine lipstick gigi,lime crime,matte velvetine lipstick,gigi,taupe mauve,taupe mauve,"https://images.ulta.com/is/image/Ulta/2520568?id=myoar0&fmt=jpg&fit=constrain,1&wid=147&hei=361&op_sharpen=1&resMode=bilin",,,,,,,,,,,,,,,,,,,,
lipstick,lime crime matte velvetine lipstick trinity,lime crime,matte velvetine lipstick,trinity,violet mauve,violet mauve,"https://images.ulta.com/is/image/Ulta/2546220?id=cR-aP3&fmt=jpg&fit=constrain,1&wid=148&hei=360&op_sharpen=1&resMode=bilin",,,,,,,,,,,,,,,,,,,,
lipstick,lime crime plushies liquid lipstick milk tea,lime crime,plushies liquid lipstick,milk tea,mauve,sheer mauve,"https://images.ulta.com/is/image/Ulta/2526431?id=eAoaY2&fmt=jpg&fit=constrain,1&wid=167&hei=360&op_sharpen=1&resMode=bilin",,,,,,,sheer,,,,,,,,,,,,,
lipstick,lipstick queen lipdulgence lip powder mauve macaron,lipstick queen,lipdulgence lip powder,mauve macaron,mauve,true mauve,"https://images.ulta.com/is/image/Ulta/2548948?id=Vw9ah3&fmt=jpg&fit=constrain,1&wid=232&hei=360&op_sharpen=1&resMode=bilin",,,,,,,,,,true,,,,,,,,,,
lipstick,lisa eldridge makeup true velvet lip colour velvet sorcery,lisa eldridge makeup,true velvet lip colour,velvet sorcery,mauve,medium dusky clay rose / cool-toned mauve,,,,,,,cool,,,,,,medium,,,dusky,,,,,
lipstick,live tinted huelip liquid lip creme strong,live tinted,huelip liquid lip creme,strong,mauve,mauve,,,,TRUE,,,,,,,,,,,,,,,,,
lipstick,lorac pro satin lip color blush,lorac,pro satin lip color,blush,nude mauve,nude mauve,https://m.media-amazon.com/images/W/MEDIAX_849526-T2/images/I/71gfYSJTcgL._SX522_.jpg,,,,,,,,,,,,,,,,,,,,
lipstick,lys beauty speak love moisture matte lipstick moody,lys beauty,speak love moisture matte lipstick,moody,mauve,warm mauve,,,TRUE,TRUE,,,warm,,,,,,,,,,,,,,
lipstick,mac cosmetics frost lipstick fabby,mac cosmetics,frost lipstick,fabby,mauve,mauve w/ gold pearl,https://www.maccosmetics.com/media/export/cms/products/640x600/mac_sku_SK5HAL_640x600_0.jpg,,,,,,,,,,,,,,,,,gold pearl,,,
lipstick,mac cosmetics locked kiss ink lipstick upgraded,mac cosmetics,locked kiss ink lipstick,upgraded,lavender mauve,light lavender mauve,,,,,,,,,,,,,light,,,,,,,,
lipstick,mac cosmetics lustre lipstick midimauve,mac cosmetics,lustre lipstick,midimauve,rose mauve,rosy mauve w/ pearl,"https://images.ulta.com/is/image/Ulta/2510526?id=mqTaQ1&fmt=jpg&fit=constrain,1&wid=91&hei=358&op_sharpen=1&resMode=bilin",,,,,,,,,,,,,,,,,pearl,,,
lipstick,mac cosmetics m·a·cximal silky matte lipstick soar,mac cosmetics,m·a·cximal silky matte lipstick,soar,mauve,midtone cool mauve,,,,,,,cool,,,,,,midtone,,,,,,,,
lipstick,mac cosmetics powder kiss velvet blur slim stick rose mary,mac cosmetics,powder kiss velvet blur slim stick,rose mary,mauve,soft mauve,,,,,,,,,,,,,soft,,,,,,,,
lipstick,mac cosmetics viva glam lipstick viva glam ii,mac cosmetics,viva glam lipstick,viva glam ii,pink beige mauve,creamy subdued pinkish-beige mauve,"https://images.ulta.com/is/image/Ulta/2510444?id=v0Ear3&fmt=jpg&fit=constrain,1&wid=91&hei=359&op_sharpen=1&resMode=bilin",,,,,,,creamy,,,,,,,,subdued,,,,,
lipstick,make beauty serum balm intense pigmented lip emollient magnetic mauve,make beauty,serum balm intense pigmented lip emollient,magnetic mauve,mauve,classic mauve,,,,,,,,,,,classic,,,,,,,,,,
lipstick,make up for ever rouge artist for ever matte 24hr longwear liquid lipstick 242 blossom for eternity,make up for ever,rouge artist for ever matte 24hr longwear liquid lipstick,242 blossom for eternity,mauve,muted mauve,,,,,,,,,,,,,,,,muted,,,,,
lipstick,make up for ever rouge artist lipstick 110 fearless valentine,make up for ever,rouge artist lipstick,110 fearless valentine,mauve,muted mauve,https://www.sephora.com/productimages/sku/s2312528-main-zoom.jpg?imwidth=1000,,,,,,,,,,,,,,,muted,,,,,
lipstick,make up for ever rouge artist lipstick 414 rockin' rust,make up for ever,rouge artist lipstick,414 rockin' rust,mauve,deep mauve,https://www.sephora.com/productimages/sku/s2312882-main-zoom.jpg?imwidth=1000,,,,,,,,,,,,deep,,,,,,,,
lipstick,makeup by mario ultra suede lipstick jesse,makeup by mario,ultra suede lipstick,jesse,pink mauve brown,pink mauvey brown,,,,,,,,,,,,,,,,,,,,,
lipstick,makeup by mario ultra suede lipstick lucia,makeup by mario,ultra suede lipstick,lucia,berry mauve,berry mauve,,,,,,,,,,,,,,,,,,,,,
lipstick,maybelline superstay ink crayon lipstick stay exceptional,maybelline,superstay ink crayon lipstick,stay exceptional,purple mauve,purple mauve,,,,,,,,,,,,,,,,,,,,,
lipstick,maybelline superstay matte ink lip color dreamer,maybelline,superstay matte ink lip color,dreamer,mauve,dusty mauve,https://storage.googleapis.com/glide-prod.appspot.com/uploads-v2/xJTS2nQmDPn7m1uvUili/pub/EUzdK1u75GcYbtB8PbLx.webp,,,,,,,,,,,,,,,dusty,,,,,
lipstick,maybelline superstay matte ink lip color revolutionary,maybelline,superstay matte ink lip color,revolutionary,mauve,midtone mauve,"https://images.ulta.com/is/image/Ulta/2558102?id=TsQaz2&fmt=jpg&fit=constrain,1&wid=146&hei=359&op_sharpen=1&resMode=bilin",,,,,,,,,,,,midtone,,,,,,,,
lipstick,maybelline superstay vinyl ink liquid lipcolor 110 awestruck,maybelline,superstay vinyl ink liquid lipcolor,110 awestruck,mauve,medium dusty mauve,,,,,,,,,,,,,medium,,,dusty,,,,,
lipstick,maybelline superstay vinyl ink liquid lipcolor 40 witty,maybelline,superstay vinyl ink liquid lipcolor,40 witty,mauve,true mauve,https://target.scene7.com/is/image/Target/GUEST_a7bc4bd4-8be1-489f-a7b5-dae80c67427f?wid=1200&hei=1200&qlt=80&fmt=webp,,,,,,,,,,true,,,,,,,,,,
lipstick,maybelline superstay vinyl ink liquid lipcolor coy,maybelline,superstay vinyl ink liquid lipcolor,coy,rose mauve,dusty rose mauve,,,,,,,,,,,,,,,,dusty,,,,,
lipstick,melt cosmetics liquid lipstick janice,melt cosmetics,liquid lipstick,janice,mauve,victorian mauve,https://www.sephora.com/productimages/sku/s2229052-main-zoom.jpg?imwidth=48,,,,,,,,,,victorian,,,,,,,,,,
lipstick,merit signature lip lightweight matte lipstick maison,merit,signature lip lightweight matte lipstick,maison,mauve,mauve,,,TRUE,,,,,,,,,,,,,,,,,,
lipstick,milani stay put matte lip crayon 130 crazy for you,milani,stay put matte lip crayon,130 crazy for you,rose mauve,rosy mauve,,,,,,,,,,,,,,,,,,,,,
lipstick,milk makeup lip color hype,milk makeup,lip color,hype,mauve,cool smoky mauve,https://www.sephora.com/productimages/sku/s2169332-main-zoom.jpg?imwidth=48,,,,,,cool,,,,,,,,,smoky,,,,,
lipstick,milk makeup lip color low key,milk makeup,lip color,low key,mauve,cool pale mauve,https://www.sephora.com/productimages/sku/s2169308-main-zoom.jpg?imwidth=48,,,,,,cool,,,,,,pale,,,,,,,,
lipstick,mineral fusion lipstick inspire,mineral fusion,lipstick,inspire,mauve,mauve,https://www.mineralfusion.com/cdn/shop/products/1054021_MF_Lipstick_Inspire_840187703697_w_pack_1200x1200.jpg?v=1651704036,,,,,,,,,,,,,,,,,,,,
lipstick,mineral fusion lipstick molten,mineral fusion,lipstick,molten,nude mauve,nude mauve,,,,,,,,,,,,,,,,,,,,,
lipstick,mob beauty soft matte lipstick m93,mob beauty,soft matte lipstick,m93,rose mauve,rosey mauve,https://mobbeauty.com/cdn/shop/products/MOB_SWATCH_MLS-shade1.jpg?v=1700596036,,TRUE,,,,,,,,,,,,,,,,,,
lipstick,morphe cream lipstick hey sugar,morphe,cream lipstick,hey sugar,mauve,rich mauve,,,,,,,,,,,,,rich,,,,,,,,
lipstick,morphe cream lipstick rebound,morphe,cream lipstick,rebound,rose mauve,rosy mauve,,,,,,,,,,,,,,,,,,,,,
lipstick,morphe matte lipstick fling,morphe,matte lipstick,fling,mauve,warm mauve,,,,,,,warm,,,,,,,,,,,,,,
lipstick,morphe matte liquid lipstick jealousy,morphe,matte liquid lipstick,jealousy,mauve,muted mauve,https://www.morphe.com/cdn/shop/products/MatteLiquidLip_PDP_2_JEALOUSY_1400x@2x.jpg?v=1632456102,,,,,,,,,,,,,,,muted,,,,,
lipstick,morphe mega matte nude lipstick boy toy,morphe,mega matte nude lipstick,boy toy,mauve,cool mauve,,,,,,,cool,,,,,,,,,,,,,,
lipstick,morphe soulmatte velvet lip mousse whipped,morphe,soulmatte velvet lip mousse,whipped,mauve,muted mauve,,,,,,,,,,,,,,,,muted,,,,,
lipstick,motives cosmetics motives liquid lipstick savage,motives cosmetics,motives liquid lipstick,savage,mauve,neutral medium mauve,,,,,,,neutral,,,,,,medium,,,,,,,,
lipstick,mua makeup academy velvet matte long-wear liquid lip hush,mua makeup academy,velvet matte long-wear liquid lip,hush,mauve,mauve,,,,,,,,,,,,,,,,,,,,,
lipstick,nabla beyond blurry lipstick dea,nabla,beyond blurry lipstick,dea,rose mauve,medium rosy mauve,,,,,,,,,,,,,medium,,,,,,,,
lipstick,nabla beyond jelly lipstick dea,nabla,beyond jelly lipstick,dea,rose mauve,medium rosy mauve,,,,,,,,,,,,,medium,,,,,,,,
lipstick,nabla matte pleasure lipstick naked mauve,nabla,matte pleasure lipstick,naked mauve,mauve,muted mauve,,,,,,,,,,,,,,,,muted,,,,,
lipstick,nars air matte liquid lipstick chaser,nars,air matte liquid lipstick,chaser,mauve,mauve,"https://images.ulta.com/is/image/Ulta/2573409?id=04nbO2&fmt=jpg&fit=constrain,1&wid=177&hei=360&op_sharpen=1&resMode=bilin",,,,,,,,,,,,,,,,,,,,
lipstick,nars lipstick catfight,nars,lipstick,catfight,nude mauve,nude mauve,,,,,,,,,,,,,,,,,,,,,
lipstick,nars lipstick hot kiss,nars,lipstick,hot kiss,mauve,matte dusty mauve,,,,,,,,matte,,,,,,,,dusty,,,,,
lipstick,nars powermatte lip pigment save the queen,nars,powermatte lip pigment,save the queen,mauve,dusty mauve,"https://images.ulta.com/is/image/Ulta/2515857?id=ls2aV0&fmt=jpg&fit=constrain,1&wid=174&hei=361&op_sharpen=1&resMode=bilin",,,,,,,,,,,,,,,dusty,,,,,
lipstick,nars powermatte long-lasting lipstick thunder kiss 115,nars,powermatte long-lasting lipstick,thunder kiss 115,mauve,soft mauve,,,,,,,,,,,,,soft,,,,,,,,
lipstick,natasha denona i need a nude lipstick 23p averyl,natasha denona,i need a nude lipstick,23p averyl,mauve,mauve,https://www.sephora.com/productimages/sku/s2243285-main-zoom.jpg?imwidth=48,,,,,,,,,,,,,,,,,,,,
lipstick,natasha denona i need a nude lipstick 5b nati,natasha denona,i need a nude lipstick,5b nati,mauve,deep mauve,https://www.sephora.com/productimages/sku/s2243194-main-zoom.jpg?imwidth=48,,,,,,,,,,,,deep,,,,,,,,
lipstick,nude envie lipstick cool,nude envie,lipstick,cool,mauve,mauve-y and sheer shade,,,,,,,,sheer,,,,,,,,,,,,,
lipstick,nudestix intense matte lip + cheek pencil belle,nudestix,intense matte lip + cheek pencil,belle,rose mauve,cool toned rosy mauve with matte finish,,,TRUE,,,,cool,matte,,,,,,,,,,,,,
lipstick,nudestix nude plumping lip glace nude 04,nudestix,nude plumping lip glace,nude 04,rose mauve,cool toned rosy mauve with glossy finish,https://www.sephora.com/productimages/sku/s2228781-main-zoom.jpg?imwidth=48,,,,,,cool,glossy,,,,,,,,,,,,,
lipstick,nyx professional makeup lip lingerie matte liquid lipstick bustier,nyx professional makeup,lip lingerie matte liquid lipstick,bustier,mauve,dusty mauve,"https://images.ulta.com/is/image/Ulta/2502017?id=7lFaI1&fmt=jpg&fit=constrain,1&wid=122&hei=361&op_sharpen=1&resMode=bilin",,,TRUE,,,,,,,,,,,,dusty,,,,,
lipstick,nyx professional makeup lip lingerie xxl long-lasting matte liquid lipstick pushed up,nyx professional makeup,lip lingerie xxl long-lasting matte liquid lipstick,pushed up,purple mauve,purple mauve,,,,TRUE,,,,,,,,,,,,,,,,,
lipstick,nyx professional makeup shine loud vegan high shine long-lasting liquid lipstick magic maker,nyx professional makeup,shine loud vegan high shine long-lasting liquid lipstick,magic maker,nude mauve,dusty nude mauve,,,,TRUE,,,,,,,,,,,,dusty,,,,,
lipstick,nyx professional makeup shine loud vegan high shine long-lasting liquid lipstick overnight hero,nyx professional makeup,shine loud vegan high shine long-lasting liquid lipstick,overnight hero,mauve,cool toned mauve,,,,TRUE,,,cool,,,,,,,,,,,,,,
lipstick,nyx professional makeup smooth whip blurring matte lip cream 18 onesie funsie,nyx professional makeup,smooth whip blurring matte lip cream,18 onesie funsie,mauve,warm mauve,,,,TRUE,,,warm,,,,,,,,,,,,,,
lipstick,nyx professional makeup soft matte lip cream budapest,nyx professional makeup,soft matte lip cream,budapest,red mauve,deep mauve with red undertone,"https://images.ulta.com/is/image/Ulta/2297511?id=A3Zay0&fmt=jpg&fit=constrain,1&wid=155&hei=360&op_sharpen=1&resMode=bilin",,,TRUE,,,red,,,,,,deep,,,,,,,,
lipstick,nyx professional makeup soft matte lip cream cannes,nyx professional makeup,soft matte lip cream,cannes,mauve,matte muted mauve,"https://images.ulta.com/is/image/Ulta/2268526?id=CrGaM3&fmt=jpg&fit=constrain,1&wid=157&hei=361&op_sharpen=1&resMode=bilin",,,TRUE,,,,matte,,,,,,,,muted,,,,,
lipstick,ogee full bloom sculpted lipstick amnesia,ogee,full bloom sculpted lipstick,amnesia,blackberry mauve,blackberry mauve,https://cdn.shopify.com/s/files/1/0007/9858/8989/products/ogee_lipstick_amnesia-_1_750x.jpg?v=1660833703,,,,,,,,,,,,,,,,,,,,
lipstick,pat mcgrath labs blitztrance lipstick lady stardust,pat mcgrath labs,blitztrance lipstick,lady stardust,rose mauve,shimmer light rose mauve with champagne sheen,https://www.sephora.com/productimages/sku/s2226710-main-zoom.jpg?imwidth=48,,,TRUE,,,,shimmer,,,,,light,,,,,champagne,,,
lipstick,pat mcgrath labs blitztrance lipstick skinsane,pat mcgrath labs,blitztrance lipstick,skinsane,golden mauve,shimmer cool mauve with golden sheen,https://www.sephora.com/productimages/sku/s2226736-main-zoom.jpg?imwidth=48,,,TRUE,,,cool,shimmer,,,,,,,,,,golden,,,
lipstick,pat mcgrath labs lust: luxe lip balm nude temptation,pat mcgrath labs,lust: luxe lip balm,nude temptation,nude mauve,warm nude mauve,,,,TRUE,,,warm,,,,,,,,,,,,,,
lipstick,patrick ta major beauty headlines matte suede lipstick seductive,patrick ta,major beauty headlines matte suede lipstick,seductive,mauve,warm mauve,,,,TRUE,,,warm,,,,,,,,,,,,,,
lipstick,patrick ta silky lip creme seductive,patrick ta,silky lip creme,seductive,mauve,warm mauve,,,,TRUE,,,warm,,,,,,,,,,,,,,
lipstick,pretty vulgar my lips are sealed liquid lipstick artful deception,pretty vulgar,my lips are sealed liquid lipstick,artful deception,gray mauve,grey mauve,https://www.sephora.com/productimages/sku/s1950120-main-zoom.jpg?imwidth=48,,,,,,,,,,,,,,,,,,,,
lipstick,r.e.m. beauty eclipse cheek & lip stick opening night,r.e.m. beauty,eclipse cheek & lip stick,opening night,mauve,true mauve,https://media.ulta.com/i/ulta/2595433_sm?w=1080&h=1080&fmt=auto,,,,,,,,,,true,,,,,,,,,,
lipstick,r.e.m. beauty on your collar matte lipstick tiramisu,r.e.m. beauty,on your collar matte lipstick,tiramisu,nude mauve,nude mauve,,,,,,,,,,,,,,,,,,,,,
lipstick,rare beauty by selena gomez kind words matte lipstick fun,rare beauty by selena gomez,kind words matte lipstick,fun,mauve,neutral mauve,,,,TRUE,,,neutral,,,,,,,,,,,,,,
lipstick,rare beauty by selena gomez kind words matte lipstick humble,rare beauty by selena gomez,kind words matte lipstick,humble,rose mauve,rose mauve,,,,TRUE,,,,,,,,,,,,,,,,,
lipstick,rare beauty by selena gomez kind words matte lipstick worthy,rare beauty by selena gomez,kind words matte lipstick,worthy,mauve,muted mauve,,,,TRUE,,,,,,,,,,,,muted,,,,,
lipstick,rare beauty by selena gomez lip souffle matte cream lipstick confident,rare beauty by selena gomez,lip souffle matte cream lipstick,confident,rose mauve,rose mauve,https://www.sephora.com/productimages/sku/s2629400-av-5-zoom.jpg?imwidth=612,,,TRUE,,,,,,,,,,,,,,,,,
lipstick,rare beauty by selena gomez lip souffle matte cream lipstick courage,rare beauty by selena gomez,lip souffle matte cream lipstick,courage,nude mauve,nude mauve,https://storage.googleapis.com/glide-prod.appspot.com/uploads-v2/xJTS2nQmDPn7m1uvUili/pub/Od6tZF2G8wtG4dwULmdp.webp,,,TRUE,,,,,,,,,,,,,,,,,
lipstick,rare beauty by selena gomez stay vulnerable glossy lip balm nearly mauve,rare beauty by selena gomez,stay vulnerable glossy lip balm,nearly mauve,mauve,soft mauve,,,,TRUE,,,,,,,,,soft,,,,,,,,
lipstick,rare beauty by selena gomez with gratitude dewy lip balm empathy,rare beauty by selena gomez,with gratitude dewy lip balm,empathy,rose mauve,rose mauve,,,,TRUE,,,,,,,,,,,,,,,,,
lipstick,rare beauty by selena gomez with gratitude dewy lip balm thankful,rare beauty by selena gomez,with gratitude dewy lip balm,thankful,nude mauve,nude mauve,,,,TRUE,,,,,,,,,,,,,,,,,
lipstick,revlon super lustrous lipstick 637 blushing nude,revlon,super lustrous lipstick,637 blushing nude,brown mauve,pearlized brown-mauve,"https://images.ulta.com/is/image/Ulta/2164996?id=7rFaR0&fmt=jpg&fit=constrain,1&wid=86&hei=361&op_sharpen=1&resMode=bilin",,,,,,,pearlized,,,,,,,,,,pearl,,,
lipstick,revlon super lustrous lipstick 760 desert escape,revlon,super lustrous lipstick,760 desert escape,mauve,creamy spiced mauve,https://target.scene7.com/is/image/Target/GUEST_f77d3a14-cbf0-400b-b618-5dc847c771ec?fmt=webp,,,,,,,creamy,,,spiced,,,,,,,,,,
lipstick,revlon super lustrous lipstick 764 on the mauve,revlon,super lustrous lipstick,764 on the mauve,violet mauve,creamy violet mauve,https://target.scene7.com/is/image/Target/GUEST_f77d3a14-cbf0-400b-b618-5dc847c771ec?fmt=webp,,,,,,,creamy,,,,,,,,,,,,,
lipstick,revlon ultra hd lip mousse hyper matte spice 825,revlon,ultra hd lip mousse hyper matte,spice 825,brown mauve,brown-mauve,"https://images.ulta.com/is/image/Ulta/2535093?id=D_maf2&fmt=jpg&fit=constrain,1&wid=86&hei=358&op_sharpen=1&resMode=bilin",,,,,,,,,,,,,,,,,,,,
lipstick,revolution pro diamond lustre lipstick stealth,revolution pro,diamond lustre lipstick,stealth,mauve,wearable mauve,,,,,,,,,,,wearable,,,,,,,,,,
lipstick,rokael beauty refined gold velvet lip creme amen,rokael beauty,refined gold velvet lip creme,amen,mauve,earthy mauve,,,,,,,,,,,earthy,,,,,,,,,,
lipstick,rokael beauty refined gold velvet lip creme heroe,rokael beauty,refined gold velvet lip creme,heroe,mauve,toasted mauve,https://rokaelbeauty.com/cdn/shop/files/Heroe.png?v=1714010227&width=5000,,,,,,,,,,toasted,,,,,,,,,,
lipstick,rose inc lip cream longwearing matte liquid lipstick with squalane a glimpse,rose inc,lip cream longwearing matte liquid lipstick with squalane,a glimpse,mauve,cool mauve,,,TRUE,,,,cool,,,,,,,,,,,,,,
lipstick,rose inc satin lip color refillable hydrating lipstick intuitive,rose inc,satin lip color refillable hydrating lipstick,intuitive,mauve,deep mauve,,,TRUE,,,,,,,,,,deep,,,,,,,,
lipstick,sephora collection rouge lacquer lipstick 17 rise above,sephora collection,rouge lacquer lipstick,17 rise above,mauve,mauve,https://www.sephora.com/productimages/sku/s2066256-main-zoom.jpg?imwidth=48,,,,,,,,,,,,,,,,,,,,
lipstick,sephora collection rouge lacquer lipstick 31 reckless,sephora collection,rouge lacquer lipstick,31 reckless,mauve,mauve,https://www.sephora.com/productimages/sku/s2243400-main-zoom.jpg?imwidth=48,,,,,,,,,,,,,,,,,,,,
lipstick,shiseido colorgel lip balm 108 lotus,shiseido,colorgel lip balm,108 lotus,mauve,sheer mauve,,,,TRUE,,,,sheer,,,,,,,,,,,,,
lipstick,shiseido technosatin gel lipstick 404 data stream,shiseido,technosatin gel lipstick,404 data stream,rose mauve,rose mauve,,,,TRUE,,,,,,,,,,,,,,,,,
lipstick,sigma beauty infinity point lipstick new mod,sigma beauty,infinity point lipstick,new mod,nude mauve,iconic nude mauve,,,,,,,,,,,iconic,,,,,,,,,,
lipstick,sigma beauty infinity point lipstick temptation,sigma beauty,infinity point lipstick,temptation,mulberry mauve,dark mulberry mauve,https://www.sigmabeauty.com/cdn/shop/files/Infinity_Point_Lipstick_Deja_vu_00002.jpg?v=1683581806&width=1000,,,,,,,,,,,,dark,,,,,,,,
lipstick,sigma beauty lip cream new mod,sigma beauty,lip cream,new mod,nude mauve,nude mauve,,,,,,,,,,,,,,,,,,,,,
lipstick,sigma beauty liquid lipstick new mod,sigma beauty,liquid lipstick,new mod,nude mauve,nude mauve,https://www.sigmabeauty.com/cdn/shop/products/Liquid_Lipstick_New_Mod_00001.jpg?v=1682458843&width=1000,,,,,,,,,,,,,,,,,,,,
lipstick,smashbox always on cream to matte lipstick promoted,smashbox,always on cream to matte lipstick,promoted,mauve,midtone mauve,https://www.sephora.com/productimages/sku/s2304186-main-zoom.jpg?imwidth=48,,,,,,,,,,,,midtone,,,,,,,,
lipstick,smashbox always on longwear matte liquid lipstick spoiler alert,smashbox,always on longwear matte liquid lipstick,spoiler alert,mauve,cool mauve,https://www.sephora.com/productimages/sku/s2037745-main-zoom.jpg?imwidth=1000,,,,,,cool,,,,,,,,,,,,,,
lipstick,smashbox be legendary liquid lip mauve squad,smashbox,be legendary liquid lip,mauve squad,mauve,metallic mauve,https://www.sephora.com/productimages/sku/s1899517-main-zoom.jpg?imwidth=48,,,,,,,metallic,,,,,,,,,,,,,
lipstick,smashbox be legendary prime & plush lipstick spoiler alert,smashbox,be legendary prime & plush lipstick,spoiler alert,mauve,cool mauve,https://www.sephora.com/productimages/sku/s2451532-main-zoom.jpg?imwidth=1000,,,,,,cool,,,,,,,,,,,,,,
lipstick,soshe beauty ceramide refillable lip silk speakeasy,soshe beauty,ceramide refillable lip silk,speakeasy,mauve,dusty mauve,https://soshebeauty.com/cdn/shop/products/SOSHE-PDP-PHOTO-SPEAKEASY-1.jpg?v=1699464062&width=713,,TRUE,TRUE,,,,,,,,,,,,dusty,,,,,
lipstick,spela cosmetics liquid lipstick spa day,spela cosmetics,liquid lipstick,spa day,mauve,neutral dusty mauve,https://www.spelacosmetics.com/cdn/shop/products/Swatch_SpaDay_1200x.jpg?v=1494285427,,,,,,neutral,,,,,,,,,dusty,,,,,
lipstick,stila stay all day liquid lipstick sheer azalea,stila,stay all day liquid lipstick,sheer azalea,mauve,sheer true mauve,https://www.stilacosmetics.com/cdn/shop/products/SADSheerAzalea-Swatch.jpg?v=1671625686&width=1500,,,,,,,sheer,,,true,,,,,,,,,,
lipstick,sunnies face fluffmatte mood,sunnies face,fluffmatte,mood,taupe mauve,taupe mauve,,,,TRUE,,,,,,,,,,,,,,,,,
lipstick,sunnies face lip dip posh,sunnies face,lip dip,posh,rose mauve,rose mauve,,,,TRUE,,,,,,,,,,,,,,,,,
lipstick,tarte maracuja juicy lip crème mauve,tarte,maracuja juicy lip crème,mauve,mauve,mauve,,,,,,,,,,,,,,,,,,,,,
lipstick,tarte sugar rush - sugar coat velvet liquid lipstick cupcake,tarte,sugar rush - sugar coat velvet liquid lipstick,cupcake,mauve,mauve,"https://images.ulta.com/is/image/Ulta/2540195?id=Kb9ad3&fmt=jpg&fit=constrain,1&wid=180&hei=360&op_sharpen=1&resMode=bilin",,,,,,,,,,,,,,,,,,,,
lipstick,tarte tarteist creamy matte lip paint tbt,tarte,tarteist creamy matte lip paint,tbt,mauve,mauve,https://www.sephora.com/productimages/sku/s1777267-main-zoom.jpg?imwidth=1000,,,,,,,,,,,,,,,,,,,,
lipstick,tom ford lip color lipstick 68 sugar glider,tom ford,lip color lipstick,68 sugar glider,mauve,medium dark mauve,,,,,,,,,,,,,medium,dark,,,,,,,
lipstick,too faced melted matte liquid lipstick finesse,too faced,melted matte liquid lipstick,finesse,mauve,greyed mauve,https://www.sephora.com/productimages/sku/s2340529-main-zoom.jpg?imwidth=1000,,,,,,,,,,,,,,,grayed,,,,,
lipstick,too faced melted matte liquid lipstick granny panties,too faced,melted matte liquid lipstick,granny panties,mauve,matte vintage mauve,https://www.sephora.com/productimages/sku/s1928399-main-zoom.jpg?imwidth=1000,,,,,,,matte,,,vintage,,,,,vintage,,,,,
lipstick,too faced melted matte liquid lipstick poppin' corks,too faced,melted matte liquid lipstick,poppin' corks,mauve,dusty warm mauve,"https://images.ulta.com/is/image/Ulta/2564424?id=TfyaL2&fmt=jpg&fit=constrain,1&wid=79&hei=359&op_sharpen=1&resMode=bilin",,,,,,warm,,,,,,,,,dusty,,,,,
lipstick,too faced peach puff long-wearing diffused matte lip color day drinking,too faced,peach puff long-wearing diffused matte lip color,day drinking,rose mauve,soft rose mauve,,,,,,,,,,,,,soft,,,,,,,,
lipstick,ulta lasting color lip gloss stain monarchy,ulta,lasting color lip gloss stain,monarchy,mauve,medium mauve,"https://images.ulta.com/is/image/Ulta/2304144?id=juQa01&fmt=jpg&fit=constrain,1&wid=72&hei=358&op_sharpen=1&resMode=bilin",,,,,,,,,,,,medium,,,,,,,,
lipstick,ulta lasting color lip gloss stain regal,ulta,lasting color lip gloss stain,regal,nude mauve,dusty nude mauve,"https://images.ulta.com/is/image/Ulta/2535103?id=ye7bt1&fmt=jpg&fit=constrain,1&wid=76&hei=360&op_sharpen=1&resMode=bilin",,,,,,,,,,,,,,,dusty,,,,,
lipstick,ulta radiant shine lipstick straight a's,ulta,radiant shine lipstick,straight a's,nude mauve,nude mauve,"https://images.ulta.com/is/image/Ulta/2562335?id=ZAfbP1&fmt=jpg&fit=constrain,1&wid=62&hei=359&op_sharpen=1&resMode=bilin",,,,,,,,,,,,,,,,,,,,
lipstick,ulta velvet matte lip crayon wilderness,ulta,velvet matte lip crayon,wilderness,mauve,muted mauve,"https://images.ulta.com/is/image/Ulta/2545069?id=suQaM0&fmt=jpg&fit=constrain,1&wid=92&hei=359&op_sharpen=1&resMode=bilin",,,,,,,,,,,,,,,muted,,,,,
lipstick,ultra violette bejewelled sheen screen spf 50 hydrating lip balm smoothie,ultra violette,bejewelled sheen screen spf 50 hydrating lip balm,smoothie,mauve,mauve,,,,,,,,,,,,,,,,,,,,,
lipstick,ultra violette sheen screen spf50 hydrating lip balm rose,ultra violette,sheen screen spf50 hydrating lip balm,rose,mauve,tinted dusty mauve,https://static.thcdn.com/productimg/960/960/13323809-1664908327245316.jpg,,,,,,,tint,,,,,,,,dusty,,,,,
lipstick,urban decay vice hydrating lipstick hideaway,urban decay,vice hydrating lipstick,hideaway,nude mauve,deep nude mauve,,,,,,,,,,,,,deep,,,,,,,,
lipstick,urban decay vice hydrating lipstick manic,urban decay,vice hydrating lipstick,manic,wine mauve,soft wine mauve,,,,,,,,,,,,,soft,,,,,,,,
lipstick,vasanti cosmetics matte crush lipstick pencil its your mauve,vasanti cosmetics,matte crush lipstick pencil,its your mauve,rose mauve,rose mauve,,,,TRUE,,,,,,,,,,,,,,,,,
lipstick,victoria beckham beauty posh lipstick pose,victoria beckham beauty,posh lipstick,pose,mauve,a midtone mauve pairs well with lip definer in 02,,,,,,,,,,,,,midtone,,,,,,,,
lipstick,winky lux matte lip velour lipstick meow,winky lux,matte lip velour lipstick,meow,mauve,neutral mauve,"https://images.ulta.com/is/image/Ulta/2526407?id=F6Aaj0&fmt=jpg&fit=constrain,1&wid=95&hei=360&op_sharpen=1&resMode=bilin",,,,,,neutral,,,,,,,,,,,,,,
lipstick,wonderskin wonder blading lip stain masque bella,wonderskin,wonder blading lip stain masque,bella,mauve,mauve,https://wonderskin.com/cdn/shop/files/BellaLS_Badge_480x.jpg?v=1702472193,,,,,,,,,,,,,,,,,,,,
lipstick,wyn beauty mvp: most versatile pigment multifunction lip & cheek color go,wyn beauty,mvp: most versatile pigment multifunction lip & cheek color,go,mauve,muted mauve,,,,,,,,,,,,,,,,muted,,,,,
lipstick,wyn beauty say everything max intensity featherweight lipstick speak,wyn beauty,say everything max intensity featherweight lipstick,speak,mauve,mauve,,,,,,,,,,,,,,,,,,,,,
lipstick,xx revolution xxude satin liquid lipstick nostalgia,xx revolution,xxude satin liquid lipstick,nostalgia,blue mauve,light mauve (blue undertone),,,,,,,blue,,,,,,light,,,,,,,,
lipstick,yves saint laurent rouge volupte shine lipstick balm 86 mauve cuir,yves saint laurent,rouge volupte shine lipstick balm,86 mauve cuir,spice mauve,spice mauve,https://www.sephora.com/productimages/sku/s2178309-main-zoom.jpg?imwidth=1000,,,,,,,,,,,,,,,,,,,,
lipstick,yves saint laurent tatouage couture liquid matte lip stain 26 neutral underground,yves saint laurent,tatouage couture liquid matte lip stain,26 neutral underground,mauve,cool mauve,https://www.sephora.com/productimages/sku/s1969492-main-zoom.jpg?imwidth=1000,,,,,,cool,,,,,,,,,,,,,,
lipstick,zoeva pure velours lip faint of heart,zoeva,pure velours lip,faint of heart,nude mauve,nude mauve,"https://images.ulta.com/is/image/Ulta/2553935?id=LiQa53&fmt=jpg&fit=constrain,1&wid=139&hei=360&op_sharpen=1&resMode=bilin",,,,,,,,,,,,,,,,,,,,
lipgloss,100% pure fruit pigmented lip gloss mauvely,100% pure,fruit pigmented lip gloss,mauvely,rose mauve,neutral rosy mauve,,,TRUE,,,,neutral,,,,,,,,,,,,,,
lipgloss,about-face light lock lip gloss angel on fire,about-face,light lock lip gloss,angel on fire,mauve,iced mauve,,,TRUE,,,,,,,,iced,,,,,,,,,,
lipgloss,artist couture diamond lip tease lip gloss le freak,artist couture,diamond lip tease lip gloss,le freak,mauve,mauve with magenta and gold pearls,https://www.sephora.com/productimages/sku/s2195923-main-zoom.jpg?imwidth=1224,,TRUE,TRUE,,,,pearl,,,,,,,,,,,,,
lipgloss,au naturale high lustre lip gloss cashmere,au naturale,high lustre lip gloss,cashmere,mauve,muted mauve,,,,,,,,,,,,,,,,muted,,,,,
lipgloss,bareminerals gen nude buttercream lip gloss flirt,bareminerals,gen nude buttercream lip gloss,flirt,mauve,deep mauve,"https://images.ulta.com/is/image/Ulta/2303706sm?$md$&id=1goaZ3&fmt=jpg&fit=constrain,1&wid=260&hei=209&op_sharpen=1&resMode=bilin",,,,,,,,,,,,deep,,,,,,,,
lipgloss,bareminerals gen nude buttercream lip gloss heartbreaker,bareminerals,gen nude buttercream lip gloss,heartbreaker,rose mauve,rosy mauve w/ gold pearl,"https://images.ulta.com/is/image/Ulta/2303705sm?$md$&id=mqGaR2&fmt=jpg&fit=constrain,1&wid=260&hei=209&op_sharpen=1&resMode=bilin",,,,,,,pearl,,,,,,,,,,,,,
lipgloss,bareminerals gen nude buttercream lip gloss sugar,bareminerals,gen nude buttercream lip gloss,sugar,mauve,soft blushing mauve,"https://images.ulta.com/is/image/Ulta/2303704?id=ZU5aK2&fmt=jpg&fit=constrain,1&wid=65&hei=357&op_sharpen=1&resMode=bilin",,,,,,,,,,blushing,,soft,,,,,,,,
lipgloss,bareminerals gen nude buttercream lipgloss flirt,bareminerals,gen nude buttercream lipgloss,flirt,mauve,deep mauve,https://www.sephora.com/productimages/sku/s1845726-main-zoom.jpg?imwidth=1224,,,,,,,,,,,,deep,,,,,,,,
lipgloss,bareminerals gen nude buttercream lipgloss heartbreaker,bareminerals,gen nude buttercream lipgloss,heartbreaker,rose mauve,rosy mauve w/ gold pearl,https://www.sephora.com/productimages/sku/s1845718-main-zoom.jpg?imwidth=1224,,,,,,,pearl,,,,,,,,,,,,,
lipgloss,bareminerals gen nude buttercream lipgloss sugar,bareminerals,gen nude buttercream lipgloss,sugar,mauve,soft blushing mauve,https://www.sephora.com/productimages/sku/s1845700-main-zoom.jpg?imwidth=1224,,,,,,,,,,blushing,,soft,,,,,,,,
lipgloss,bareminerals gen nude patent lip lacquer beautimus,bareminerals,gen nude patent lip lacquer,beautimus,mauve,soft dusty mauve,"https://images.ulta.com/is/image/Ulta/2521613_prod_altimg_2?id=boran3&fmt=jpg&fit=constrain,1&wid=260&hei=260&op_sharpen=1&resMode=bilin",,,,,,,,,,,,soft,,,dusty,,,,,
lipgloss,bareminerals gen nude patent lip lacquer everything,bareminerals,gen nude patent lip lacquer,everything,mauve,muted mauve,"https://images.ulta.com/is/image/Ulta/2521614?id=4wxaE0&fmt=jpg&fit=constrain,1&wid=54&hei=358&op_sharpen=1&resMode=bilin",,,,,,,,,,,,,,,muted,,,,,
lipgloss,bareminerals gen nude patent lip lacquer major,bareminerals,gen nude patent lip lacquer,major,mauve,light blushing mauve,"https://images.ulta.com/is/image/Ulta/2521612?id=hIha50&fmt=jpg&fit=constrain,1&wid=54&hei=358&op_sharpen=1&resMode=bilin",,,,,,,,,,blushing,,light,,,,,,,,
lipgloss,bareminerals gen nude patent lip lacquer pout,bareminerals,gen nude patent lip lacquer,pout,rose mauve,neutral rosy mauve,"https://images.ulta.com/is/image/Ulta/2521609?id=cSqae2&fmt=jpg&fit=constrain,1&wid=54&hei=358&op_sharpen=1&resMode=bilin",,,,,,neutral,,,,,,,,,,,,,,
lipgloss,bareminerals mineralist lip gloss balm heart,bareminerals,mineralist lip gloss balm,heart,pink mauve,pink mauve,,,,,,,,,,,,,,,,,,,,,
lipgloss,bareminerals mineralist lip gloss balm love,bareminerals,mineralist lip gloss balm,love,mauve,true mauve,https://www.sephora.com/productimages/sku/s2409902-main-zoom.jpg?imwidth=1000,,,,,,,,,,true,,,,,,,,,,
lipgloss,beautycounter beyond gloss magnolia shimmer,beautycounter,beyond gloss,magnolia shimmer,mauve,mauve with silver shimmer,,,TRUE,,,,,shimmer,,,,,,,,,,silver shimmer,,,
lipgloss,bellapierre cosmetics glitz it up babe,bellapierre cosmetics,glitz it up,babe,mauve,mauve with magenta and green microglitters,,,,,,,,glitter,,,,,,,,,,magenta and green microglitters,,,
lipgloss,buxom full-on plumping lip cream dolly,buxom,full-on plumping lip cream,dolly,mauve,true mauve,"https://images.ulta.com/is/image/Ulta/2299250?id=S3FaJ0&fmt=jpg&fit=constrain,1&wid=143&hei=360&op_sharpen=1&resMode=bilin",,,,,,,,,,true,,,,,,,,,,
lipgloss,buxom full-on plumping lip matte dolly,buxom,full-on plumping lip matte,dolly,mauve,universal mauve,,,,,universal,,,,,,,,,,,,,,,,
lipgloss,buxom full-on plumping lip polish clair,buxom,full-on plumping lip polish,clair,pink mauve,pinky mauve w/ golden shimmer,"https://images.ulta.com/is/image/Ulta/2299138?id=J_DaL0&fmt=jpg&fit=constrain,1&wid=143&hei=360&op_sharpen=1&resMode=bilin",,,,,,,shimmer,,,,,,,,,,golden shimmer,,,
lipgloss,buxom full-on plumping lip polish dolly,buxom,full-on plumping lip polish,dolly,mauve,true mauve shimmer,"https://images.ulta.com/is/image/Ulta/2562697_prod_altimg_4?id=1JPa_2&fmt=jpg&fit=constrain,1&wid=233&hei=360&op_sharpen=1&resMode=bilin",,,,,,,shimmer,,,true,,,,,,,,,,
lipgloss,buxom full-on plumping lip polish vanessa,buxom,full-on plumping lip polish,vanessa,plum mauve,rich plum mauve w/ golden shimmer,"https://images.ulta.com/is/image/Ulta/2299211?id=XTza-1&fmt=jpg&fit=constrain,1&wid=143&hei=360&op_sharpen=1&resMode=bilin",,,,,,,shimmer,,,,,rich,,,,,golden shimmer,,,
lipgloss,buxom full-on plumping lip polish victoria,buxom,full-on plumping lip polish,victoria,pink mauve,pink mauve w/ gold shimmer,"https://images.ulta.com/is/image/Ulta/2299213?id=d2laX3&fmt=jpg&fit=constrain,1&wid=143&hei=360&op_sharpen=1&resMode=bilin",,,,,,,shimmer,,,,,,,,,,gold shimmer,,,
lipgloss,buxom plump shot collagen-infused lip serum plumper dolly babe,buxom,plump shot collagen-infused lip serum plumper,dolly babe,mauve,sheer mauve,,,,,,,,sheer,,,,,,,,,,,,,
lipgloss,buxom vibe island full-on plumping lip cream dolly daiquiri,buxom,vibe island full-on plumping lip cream,dolly daiquiri,mauve,soft mauve,"https://images.ulta.com/is/image/Ulta/2578460?id=Ey9bn0&fmt=jpg&fit=constrain,1&wid=142&hei=359&op_sharpen=1&resMode=bilin",,,,,,,,,,,,soft,,,,,,,,
lipgloss,colorescience sunforgettable lip shine spf 35 rose,colorescience,sunforgettable lip shine spf 35,rose,mauve,"a beautiful mauve, with a subtle shimmer suitable for any occasion",,,,,,,,shimmer,,,,,,,,,,subtle shimmer,,,
lipgloss,danessa myricks beauty colorfix glaze cupcake,danessa myricks beauty,colorfix glaze,cupcake,mauve,soft mauve,https://danessamyricksbeauty.com/cdn/shop/products/CF-NUDEGLAZES-CUPCAKE-1200_ecd7471e-632a-463d-90a8-426ec546c6a9_1200x.jpg?v=1691160323,,,TRUE,,,,,,,,,soft,,,,,,,,
lipgloss,dior addict lip maximizer plumping gloss 026 intense mauve,dior,addict lip maximizer plumping gloss,026 intense mauve,mauve,a bold mauve,,,,,,,,,,,,,bold,,,,,,,,
lipgloss,e.l.f. cosmetics glossy lip stain power mauves,e.l.f. cosmetics,glossy lip stain,power mauves,mauve,mauve,,,,,,,,,,,,,,,,,,,,,
lipgloss,em cosmetics true gloss ash rose,em cosmetics,true gloss,ash rose,mauve,sheer cool mauve,,,,TRUE,,,cool,sheer,,,,,,,,,,,,,
lipgloss,fenty beauty by rihanna gloss bomb cream color drip lip cream mauve wive$,fenty beauty by rihanna,gloss bomb cream color drip lip cream,mauve wive$,rose mauve,rosy mauve,https://www.sephora.com/productimages/sku/s2399293-main-zoom.jpg?imwidth=1000,,,TRUE,,,,,,,,,,,,,,,,,
lipgloss,frankie rose cosmetics lip gloss exotic,frankie rose cosmetics,lip gloss,exotic,mauve,mauve sheen,,,,,,,,,,,,,,,,,,,,,
lipgloss,grande cosmetics grandelips hydrating lip plumper gloss sunbaked sedona,grande cosmetics,grandelips hydrating lip plumper gloss,sunbaked sedona,brown mauve,brown mauve,https://www.sephora.com/productimages/sku/s1900521-main-zoom.jpg?imwidth=1000,,,,,,,,,,,,,,,,,,,,
lipgloss,haus labs by lady gaga le riot lip gloss mic-drop,haus labs by lady gaga,le riot lip gloss,mic-drop,mauve,mauve,,,,,,,,,,,,,,,,,,,,,
lipgloss,hourglass unreal high shine voluminizing lip gloss dusk,hourglass,unreal high shine voluminizing lip gloss,dusk,mauve,deep mauve,,,,,,,,,,,,,deep,,,,,,,,
lipgloss,ilia balmy gloss tinted lip oil linger,ilia,balmy gloss tinted lip oil,linger,berry mauve,berry mauve,https://www.sephora.com/productimages/sku/s2354116-main-zoom.jpg?imwidth=1000,,,,,,,,,,,,,,,,,,,,
lipgloss,jeffree star cosmetics supreme gloss improper,jeffree star cosmetics,supreme gloss,improper,mauve,dark mauve with a glossy finish,,,,,,,,glossy,,,,,dark,,,,,,,,
lipgloss,jeffree star cosmetics supreme gloss please forgive me,jeffree star cosmetics,supreme gloss,please forgive me,pink mauve,pink mauve with a glossy finish,,,,,,,,glossy,,,,,,,,,,,,,
lipgloss,jeffree star cosmetics the gloss wizard's glass,jeffree star cosmetics,the gloss,wizard's glass,mauve,"sheer mauve with purple and blue reflects, duochrome finish",,,,,,,,sheer,duo chrome,reflects,,,,,,,,,,,
lipgloss,jouer cosmetics high pigment lip gloss madison,jouer cosmetics,high pigment lip gloss,madison,mauve,cool deep dusty mauve,,,,,,,cool,,,,,,deep,,,dusty,,,,,
lipgloss,kaja heart melter lip gloss stick 03 crazy 4u,kaja,heart melter lip gloss stick,03 crazy 4u,rose mauve,soft rosy mauve,https://www.sephora.com/productimages/sku/s2185882-main-zoom.jpg?imwidth=1224,,,TRUE,,,,,,,,,soft,,,,,,,,
lipgloss,kaleidos untamed glow glossy lip glaze last smoke,kaleidos,untamed glow glossy lip glaze,last smoke,mauve,"cool-toned smokey, grungy mauve",https://www.kaleidosmakeup.com/cdn/shop/files/08_a1ef457b-8457-41c6-b262-cc85f5b43ea9_704x704.jpg?v=1692148213,,,,,,cool-toned,,,,,,,,,smokey,grungy,,,,
lipgloss,kylie cosmetics high gloss mauve mode,kylie cosmetics,high gloss,mauve mode,mauve,mauve,,,,,,,,,,,,,,,,,,,,,
lipgloss,kylie cosmetics lip shine lacquer 341 a whole lewk,kylie cosmetics,lip shine lacquer,341 a whole lewk,berry mauve,berry mauve,,,,,,,,,,,,,,,,,,,,,
lipgloss,kylie cosmetics lip shine lacquer dinner at mine,kylie cosmetics,lip shine lacquer,dinner at mine,pink mauve,pink mauve,,,,,,,,,,,,,,,,,,,,,
lipgloss,kylie cosmetics lip shine lacquer everything and more,kylie cosmetics,lip shine lacquer,everything and more,raspberry mauve,raspberry mauve,,,,,,,,,,,,,,,,,,,,,
lipgloss,l'oréal glow paradise lip balm-in-gloss rose harmony,l'oréal,glow paradise lip balm-in-gloss,rose harmony,brown mauve,muted brown mauve,,,,,,,,,,,,,,,,muted,,,,,
lipgloss,lancôme l'absolu lacquer longwear lip gloss 306 infra-rose,lancôme,l'absolu lacquer longwear lip gloss,306 infra-rose,mauve,mauve,"https://images.ulta.com/is/image/Ulta/2525412?id=cUoaA3&fmt=jpg&fit=constrain,1&wid=184&hei=359&op_sharpen=1&resMode=bilin",,,,,,,,,,,,,,,,,,,,
lipgloss,lancôme l'absolu lacquer longwear lip gloss 308 let me shine,lancôme,l'absolu lacquer longwear lip gloss,308 let me shine,mauve,mauve pearl,"https://images.ulta.com/is/image/Ulta/2525411?id=YobaG3&fmt=jpg&fit=constrain,1&wid=184&hei=359&op_sharpen=1&resMode=bilin",,,,,,,pearl,,,,,,,,,,,,,
lipgloss,lancôme l'absolu lacquer longwear lip gloss 356 rose fugace,lancôme,l'absolu lacquer longwear lip gloss,356 rose fugace,berry mauve,berry mauve,"https://images.ulta.com/is/image/Ulta/2525414?id=eWoaq1&fmt=jpg&fit=constrain,1&wid=184&hei=359&op_sharpen=1&resMode=bilin",,,,,,,,,,,,,,,,,,,,
lipgloss,lawless forget the filler lip plumper line smoothing gloss velvet,lawless,forget the filler lip plumper line smoothing gloss,velvet,plum rose mauve,rosy mauve with plummy undertones,,,TRUE,,,,plum,,,,,,,,,,,,,,
lipgloss,lawless lip shine lip gloss velvet,lawless,lip shine lip gloss,velvet,rose mauve,rosy mauve with a cream finish,https://www.sephora.com/productimages/sku/s2297760-main-zoom.jpg?imwidth=1224,,,,,,,cream,,,,,,,,,,,,,
lipgloss,lily lolo lip gloss damson dusk,lily lolo,lip gloss,damson dusk,pink mauve,deep dusky pink mauve,,,,,,,,,,,,,deep,,,dusky,,,,,
lipgloss,lime crime diamond crusher lip topper fluke,lime crime,diamond crusher lip topper,fluke,mauve,chill mauve,"https://images.ulta.com/is/image/Ulta/2520524?id=C7laV1&fmt=jpg&fit=constrain,1&wid=140&hei=360&op_sharpen=1&resMode=bilin",,,,,,,,,,chill,,,,,,,,,,
lipgloss,lime crime wet cherry lip gloss sweet cherry,lime crime,wet cherry lip gloss,sweet cherry,mauve,soft mauve-juicy sheer,"https://images.ulta.com/is/image/Ulta/2531341?id=gf2aK1&fmt=jpg&fit=constrain,1&wid=195&hei=360&op_sharpen=1&resMode=bilin",,,,,,,sheer,,,juicy,,soft,,,,,,,,
lipgloss,lipstick queen reign & shine lip gloss mistress of mauve,lipstick queen,reign & shine lip gloss,mistress of mauve,mauve,"soft, subdued mauve w/ neutral undertones","https://images.ulta.com/is/image/Ulta/2526543?id=Hkham0&fmt=jpg&fit=constrain,1&wid=135&hei=359&op_sharpen=1&resMode=bilin",,,,,,neutral,,,,,,soft,,,subdued,,,,,
lipgloss,live tinted huegloss high-shine lip gloss grace,live tinted,huegloss high-shine lip gloss,grace,mauve,muave,,,TRUE,TRUE,,,,,,,,,,,,,,,,,
lipgloss,mac cosmetics dazzleglass money honey,mac cosmetics,dazzleglass,money honey,rose mauve,mid tone rosy mauve w/ red pearl,"https://images.ulta.com/is/image/Ulta/2515620?id=gqIaM2&fmt=jpg&fit=constrain,1&wid=141&hei=361&op_sharpen=1&resMode=bilin",,,,,,,pearl,,,,,midtone,,,,,,,,
lipgloss,mac cosmetics patent paint lip lacquer lacquered up,mac cosmetics,patent paint lip lacquer,lacquered up,rose mauve,deep rosey mauve,"https://images.ulta.com/is/image/Ulta/2556850_prod_altimg_1?id=t83b61&fmt=jpg&fit=constrain,1&wid=158&hei=360&op_sharpen=1&resMode=bilin",,,,,,,,,,,,deep,,,,,,,,
lipgloss,makeup by mario moistureglow plumping lip color smokey pink,makeup by mario,moistureglow plumping lip color,smokey pink,mauve,true mauve,,,,,,,,,,,true,,,,,,,,,,
lipgloss,makeup by mario moistureglow plumping lip serum mauve glow,makeup by mario,moistureglow plumping lip serum,mauve glow,mauve,light mauve,,,,,,,,,,,,,light,,,,,,,,
lipgloss,makeup by mario moistureglow plumping lip serum petal glow,makeup by mario,moistureglow plumping lip serum,petal glow,pink mauve,pinky mauve,,,,,,,,,,,,,,,,,,,,,
lipgloss,makeup by mario moistureglow plumping lip serum rosewood glow,makeup by mario,moistureglow plumping lip serum,rosewood glow,mauve,true mauve,,,,,,,,,,,true,,,,,,,,,,
lipgloss,makeup revolution lip vinyl dollhouse,makeup revolution,lip vinyl,dollhouse,mauve,deep mauve,"https://images.ulta.com/is/image/Ulta/2554320sm?$md$&id=q7NaV1&fmt=jpg&fit=constrain,1&wid=260&hei=248&op_sharpen=1&resMode=bilin",,,,,,,,,,,,deep,,,,,,,,
lipgloss,makeup revolution pout bomb plumping gloss sauce,makeup revolution,pout bomb plumping gloss,sauce,mauve,medium mauve,"https://images.ulta.com/is/image/Ulta/2553699sm?$md$&id=lDcb80&fmt=jpg&fit=constrain,1&wid=260&hei=257&op_sharpen=1&resMode=bilin",,,,,,,,,,,,medium,,,,,,,,
lipgloss,marc jacobs beauty enamored hi-shine lip lacquer lipgloss 310 taboo,marc jacobs beauty,enamored hi-shine lip lacquer lipgloss,310 taboo,mauve,sheer mauve shimmer,https://www.sephora.com/productimages/sku/s1687300-main-zoom.jpg?imwidth=1224,,,,,,,sheer,shimmer,,,,,,,,,,,,
lipgloss,marc jacobs beauty enamored hi-shine lip lacquer lipgloss 320 love drunk,marc jacobs beauty,enamored hi-shine lip lacquer lipgloss,320 love drunk,mauve,mauve-gold shimmer,https://www.sephora.com/productimages/sku/s1687458-main-zoom.jpg?imwidth=1224,,,,,,,shimmer,,,,,,,,,,gold shimmer,,,
lipgloss,maybelline lifter gloss with hyaluronic acid 4 silk,maybelline,lifter gloss with hyaluronic acid,4 silk,mauve,warm mauve with gold pearl,,,,,,,warm,pearl,,,,,,,,,,,,,
lipgloss,maybelline lifter plump lip plumping gloss mauve bite,maybelline,lifter plump lip plumping gloss,mauve bite,mauve,sheer mauve shimmer,https://media.ulta.com/i/ulta/2617364?w=720&h=720&fmt=webp,,,,,,,sheer,shimmer,,,,,,,,,,,,
lipgloss,milk makeup electric glossy lip plumper lola,milk makeup,electric glossy lip plumper,lola,mauve,mauve,https://www.sephora.com/productimages/sku/s2427938-main-zoom.jpg?imwidth=1224,,,TRUE,,,,,,,,,,,,,,,,,
lipgloss,milk makeup kush hydrating sheer lip oil dream machine,milk makeup,kush hydrating sheer lip oil,dream machine,mauve,guava with a sheer mauve tint,,,TRUE,TRUE,,,,sheer,tint,,,,,,,,,,,,
lipgloss,morphe x madison beer lip gloss mercury,morphe,x madison beer lip gloss,mercury,mauve,cool mauve,,,,,,,cool,,,,,,,,,,,,,,
lipgloss,nars afterglow lip shine gloss unbroken,nars,afterglow lip shine gloss,unbroken,mauve,shimmering mauve,,,,,,,,shimmering,,,,,,,,,,,,,
lipgloss,nars lip gloss belize,nars,lip gloss,belize,pink mauve,pink mauve with flecks of gold,,,,,,,,,,,,,,,,,,,,,
lipgloss,nars lip gloss mythic red,nars,lip gloss,mythic red,blush mauve,soft blushing mauve,"https://images.ulta.com/is/image/Ulta/2540897_prod_altimg_1?id=YPTaQ1&fmt=jpg&fit=constrain,1&wid=260&hei=254&op_sharpen=1&resMode=bilin",,,,,,,,,,blushing,,soft,,,,,,,,
lipgloss,nars lip gloss supervixen,nars,lip gloss,supervixen,mauve,sheer sparkling mauve,,,,,,,,sheer,sparkling,,,,,,,,,,,,
lipgloss,nars oil-infused lip tint reef,nars,oil-infused lip tint,reef,mauve,sheer mauve shimmer,https://www.sephora.com/productimages/sku/s2337582-main-zoom.jpg?imwidth=1000,,,,,,,sheer,shimmer,,,,,,,,,,,,
lipgloss,nars velvet lip glide xenon,nars,velvet lip glide,xenon,mauve,dusty mauve,,,,,,,,,,,,,,,,dusty,,,,,
lipgloss,nude envie lip gloss fearless,nude envie,lip gloss,fearless,mauve,mauve,https://nudeenvie.com/cdn/shop/files/Fearlesslipglosswithaward_590x.png?v=1698871984,,,,,,,,,,,,,,,,,,,,
lipgloss,nyx professional makeup butter gloss non-sticky lip gloss angel food cake,nyx professional makeup,butter gloss non-sticky lip gloss,angel food cake,mauve,true mauve,"https://images.ulta.com/is/image/Ulta/2268532?id=g4naS2&fmt=jpg&fit=constrain,1&wid=158&hei=361&op_sharpen=1&resMode=bilin",,,TRUE,,,,,,,true,,,,,,,,,,
lipgloss,nyx professional makeup butter gloss non-sticky lip gloss cinnamon roll,nyx professional makeup,butter gloss non-sticky lip gloss,cinnamon roll,nude mauve,dusty nude mauve,"https://images.ulta.com/is/image/Ulta/2557193?id=ac6b51&fmt=jpg&fit=constrain,1&wid=157&hei=361&op_sharpen=1&resMode=bilin",,,TRUE,,,,,,,,,,,,dusty,,,,,
lipgloss,nyx professional makeup butter gloss non-sticky lip gloss spiked toffee,nyx professional makeup,butter gloss non-sticky lip gloss,spiked toffee,brown mauve,brown mauve,,,,TRUE,,,,,,,,,,,,,,,,,
lipgloss,nyx professional makeup butter gloss non-sticky lip gloss vanilla cream pie,nyx professional makeup,butter gloss non-sticky lip gloss,vanilla cream pie,mauve,mauve,"https://images.ulta.com/is/image/Ulta/2254808?id=HYiaH1&fmt=jpg&fit=constrain,1&wid=158&hei=361&op_sharpen=1&resMode=bilin",,,TRUE,,,,,,,,,,,,,,,,,
lipgloss,nyx professional makeup slip tease lip lacquer motel dreams,nyx professional makeup,slip tease lip lacquer,motel dreams,mauve,muted mauve,"https://images.ulta.com/is/image/Ulta/2530274?id=-DEaa1&fmt=jpg&fit=constrain,1&wid=148&hei=360&op_sharpen=1&resMode=bilin",,,TRUE,,,,,,,,,,,,muted,,,,,
lipgloss,nyx professional makeup this is milky gloss milkshakes vegan lip gloss cherry skimmed,nyx professional makeup,this is milky gloss milkshakes vegan lip gloss,cherry skimmed,pink mauve,dusty pink mauve,"https://images.ulta.com/is/image/Ulta/2578940?id=NcrbE1&fmt=jpg&fit=constrain,1&wid=167&hei=360&op_sharpen=1&resMode=bilin",,,TRUE,,,,,,,,,,,,dusty,,,,,
lipgloss,ofra cosmetics flexi stick shaken,ofra cosmetics,flexi stick,shaken,berry mauve,berry mauve,https://images.ctfassets.net/jfmoo9v2wmty/9weq4OF4g59zTT7SkQZr4/d47ecc36cf737bcb75e766258a8d03d4/Shaken-Flexi-Slick-Alt-swatch.png?w=500&fm=webp,,,,,,,,,,,,,,,,,,,,
lipgloss,ofra cosmetics flexi stick slip,ofra cosmetics,flexi stick,slip,nude mauve,nude mauve,,,,,,,,,,,,,,,,,,,,,
lipgloss,persona season one lip gloss shortcake,persona,season one lip gloss,shortcake,mauve,sheer mauve,"https://images.ulta.com/is/image/Ulta/2564266?id=IfNah1&fmt=jpg&fit=constrain,1&wid=170&hei=360&op_sharpen=1&resMode=bilin",,,,,,,sheer,,,,,,,,,,,,,
lipgloss,pley beauty lust + found glossy lip lacquer lupe,pley beauty,lust + found glossy lip lacquer,lupe,mauve,mauve metallic,,,,,,,,metallic,,,,,,,,,,,,,
lipgloss,rare beauty by selena gomez soft pinch tinted lip oil hope,rare beauty by selena gomez,soft pinch tinted lip oil,hope,nude mauve,nude mauve,,,,TRUE,,,,,,,,,,,,,,,,,
lipgloss,rare beauty by selena gomez soft pinch tinted lip oil wonder,rare beauty by selena gomez,soft pinch tinted lip oil,wonder,rose mauve,rose mauve,,,,TRUE,,,,,,,,,,,,,,,,,
lipgloss,rare beauty by selena gomez stay vulnerable glossy lip balm nearly mauve,rare beauty by selena gomez,stay vulnerable glossy lip balm,nearly mauve,mauve,soft mauve,https://www.sephora.com/productimages/sku/s2418606-main-zoom.jpg?imwidth=1000,,,TRUE,,,,,,,,,soft,,,,,,,,
lipgloss,rms beauty liplights cream lip gloss rumor,rms beauty,liplights cream lip gloss,rumor,mauve,a dusty mauve,,,TRUE,,,,,,,,,,,,,dusty,,,,,
lipgloss,saie glossybounce high-shine hydrating lip gloss oil bounce,saie,glossybounce high-shine hydrating lip gloss oil,bounce,mauve,mauve,,,TRUE,,,,,,,,,,,,,,,,,,
lipgloss,saint cosmetics amplified lip lacquer overnight sensation,saint cosmetics,amplified lip lacquer,overnight sensation,mauve,creamy dark mauve,,,,,,,,creamy,,,,,dark,,,,,,,,
lipgloss,sephora collection glossed lip gloss 20 witty,sephora collection,glossed lip gloss,20 witty,mauve,shimmering mauve,https://www.sephora.com/productimages/sku/s2256121-main-zoom.jpg?imwidth=1224,,,,,,,shimmering,,,,,,,,,,,,,
lipgloss,sephora collection glossed lip gloss 95 booked,sephora collection,glossed lip gloss,95 booked,mauve,mauve,https://www.sephora.com/productimages/sku/s2256329-main-zoom.jpg?imwidth=1224,,,,,,,,,,,,,,,,,,,,
lipgloss,sigma beauty re lip oil all heart,sigma beauty,re lip oil,all heart,berry mauve,berry mauve sheen,https://sigmabeauty.com/cdn/shop/files/1080_2024_PDPs_Lip_Oil_All-Heart_282.jpg?v=1705615599&width=1000,,,,,,,sheen,,,,,,,,,,,,,
lipgloss,smashbox gloss angeles lip gloss obvi mauvey,smashbox,gloss angeles lip gloss,obvi mauvey,mauve,mauve,"https://images.ulta.com/is/image/Ulta/2539059?id=Y5sak0&fmt=jpg&fit=constrain,1&wid=168&hei=360&op_sharpen=1&resMode=bilin",,,,,,,,,,,,,,,,,,,,
lipgloss,stila beauty boss lip gloss win-win,stila,beauty boss lip gloss,win-win,mauve,soft mauve no shimmer,"https://images.ulta.com/is/image/Ulta/2544421?id=s2Uaj0&fmt=jpg&fit=constrain,1&wid=154&hei=361&op_sharpen=1&resMode=bilin",,,,,,,,,,,,soft,,,,,,,,
lipgloss,stila plumping high-shine lip glaze pieta,stila,plumping high-shine lip glaze,pieta,mauve,mauve,,,,,,,,,,,,,,,,,,,,,
lipgloss,stila plumping lip glaze pieta,stila,plumping lip glaze,pieta,mauve,mauve,"https://images.ulta.com/is/image/Ulta/2568593?id=xOCa-3&fmt=jpg&fit=constrain,1&wid=124&hei=359&op_sharpen=1&resMode=bilin",,,,,,,,,,,,,,,,,,,,
lipgloss,summer fridays dream lip oil for moisturizing sheer coverage soft mauve,summer fridays,dream lip oil for moisturizing sheer coverage,soft mauve,mauve,sheer cool mauve,https://www.sephora.com/productimages/sku/s2744712-av-3-zoom.jpg?imwidth=1224,,TRUE,,,,cool,sheer,,,,,,,,,,,,,
lipgloss,tarte double duty beauty busy gal gloss coffee break,tarte,double duty beauty busy gal gloss,coffee break,rose mauve,rosy mauve w/ pink glitter,"https://images.ulta.com/is/image/Ulta/2547931sm?$md$&id=W6Man0&fmt=jpg&fit=constrain,1&wid=260&hei=228&op_sharpen=1&resMode=bilin",,,,,,,glitter,,,,,,,,,,pink glitter,,,
lipgloss,tarte double duty beauty busy gal gloss do it all,tarte,double duty beauty busy gal gloss,do it all,mauve,metallic mauve,"https://images.ulta.com/is/image/Ulta/2547938?id=00rbQ2&fmt=jpg&fit=constrain,1&wid=115&hei=360&op_sharpen=1&resMode=bilin",,,,,,,metallic,,,,,,,,,,,,,
lipgloss,tarte maracuja juicy lip orchid,tarte,maracuja juicy lip,orchid,mauve,mauve,"https://images.ulta.com/is/image/Ulta/2566175?id=r-ab52&fmt=jpg&fit=constrain,1&wid=141&hei=361&op_sharpen=1&resMode=bilin",,,,,,,,,,,,,,,,,,,,
lipgloss,tarte tarteist glossy lip paint double tap,tarte,tarteist glossy lip paint,double tap,mauve,cool mauve,https://www.sephora.com/productimages/sku/s1787209-main-zoom.jpg?imwidth=1224,,,,,,cool,,,,,,,,,,,,,,
lipgloss,tarte tarteist glossy lip paint snap,tarte,tarteist glossy lip paint,snap,nude mauve,nude mauve,https://www.sephora.com/productimages/sku/s1787167-main-zoom.jpg?imwidth=1224,,,,,,,,,,,,,,,,,,,,
lipgloss,thrive causemetics sheer strength lip-plumping peptide gloss jo,thrive causemetics,sheer strength lip-plumping peptide gloss,jo,pink mauve,pink mauve,,,,,,,,,,,,,,,,,,,,,
lipgloss,tok beauty lip tonic inspire,tok beauty,lip tonic,inspire,mauve,soft mauve,,,TRUE,,,,,,,,,,soft,,,,,,,,
lipgloss,tom ford gloss luxe lip gloss 04 exquise,tom ford,gloss luxe lip gloss,04 exquise,mauve,neutral mauve,https://www.sephora.com/productimages/sku/s2259695-main-zoom.jpg?imwidth=1224,,,,,,neutral,,,,,,,,,,,,,,
lipgloss,too faced lip injection power plumping lip gloss hot love,too faced,lip injection power plumping lip gloss,hot love,mauve,deep mauve w sparkle,https://www.sephora.com/productimages/sku/s2411106-main-zoom.jpg?imwidth=1000,,,,,,,sparkle,,,,,deep,,,,,,,,
lipgloss,too faced lip injection power plumping lip gloss paid off,too faced,lip injection power plumping lip gloss,paid off,mauve,mauve w sparkle,https://www.sephora.com/productimages/sku/s2411015-main-zoom.jpg?imwidth=1000,,,,,,,sparkle,,,,,,,,,,,,,
lipgloss,too faced lip injection power plumping lip gloss wanna play?,too faced,lip injection power plumping lip gloss,wanna play?,mauve,warm rustic mauve,https://www.sephora.com/productimages/sku/s2411072-main-zoom.jpg?imwidth=1000,,,,,,warm,,,,rustic,,,,,,,,,,
lipgloss,tower 28 beauty shineon lip jelly non-stick gloss sesame,tower 28 beauty,shineon lip jelly non-stick gloss,sesame,mauve,semi-sheer milky mauve,https://cdn.shopify.com/s/files/1/2926/6108/files/ShineOn_20Sesame.png?v=1715661380,,,TRUE,,,,semi-sheer,milky,,,,,,,,,,,,
lipgloss,trish mcevoy ultra-wear lip gloss berry,trish mcevoy,ultra-wear lip gloss,berry,pink mauve,shimmering pink mauve,,,,,,,,shimmering,,,,,,,,,,,,,
lipgloss,u beauty the plasma lip compound tinted lady,u beauty,the plasma lip compound tinted,lady,nude mauve,warm nude mauve,,,,TRUE,,,warm,,,,,,,,,,,,,,
lipgloss,ulta lasting color lip gloss stain monarchy,ulta,lasting color lip gloss stain,monarchy,mauve,medium mauve,"https://images.ulta.com/is/image/Ulta/2304144sm?$md$&id=bp_at3&fmt=jpg&fit=constrain,1&wid=260&hei=352&op_sharpen=1&resMode=bilin",,,,,,,,,,,,medium,,,,,,,,
lipgloss,ulta lasting color lip gloss stain regal,ulta,lasting color lip gloss stain,regal,nude mauve,dusty nude mauve,"https://images.ulta.com/is/image/Ulta/2535103?id=ye7bt1&fmt=jpg&fit=constrain,1&wid=76&hei=360&op_sharpen=1&resMode=bilin",,,,,,,,,,,,,,,dusty,,,,,
lipgloss,ulta shiny sheer lip gloss cupid,ulta,shiny sheer lip gloss,cupid,mauve,deep mauve w/ shimmer and glitter,"https://images.ulta.com/is/image/Ulta/2511385?id=o1jb_2&fmt=jpg&fit=constrain,1&wid=114&hei=359&op_sharpen=1&resMode=bilin",,,,,,,shimmer,glitter,,,,deep,,,,,,,,
lipgloss,ulta shiny sheer lip gloss mauve,ulta,shiny sheer lip gloss,mauve,mauve,sheer muted mauve,"https://images.ulta.com/is/image/Ulta/2289126?id=k18b41&fmt=jpg&fit=constrain,1&wid=114&hei=360&op_sharpen=1&resMode=bilin",,,,,,,sheer,,,,,,,,muted,,,,,
lipgloss,ulta shiny sheer lip gloss velvet mauve,ulta,shiny sheer lip gloss,velvet mauve,mauve,true mauve,,,,,,,,,,,true,,,,,,,,,,
lipgloss,ulta tinted juice infused lip oil made for mauve,ulta,tinted juice infused lip oil,made for mauve,mauve,mauve,"https://images.ulta.com/is/image/Ulta/2550890sm?$md$&id=YWDbE2&fmt=jpg&fit=constrain,1&wid=260&hei=194&op_sharpen=1&resMode=bilin",,,,,,,,,,,,,,,,,,,,
lipgloss,vasanti cosmetics power oils lip gloss ace,vasanti cosmetics,power oils lip gloss,ace,mauve,natural mauve,,,,TRUE,,,,,,,natural,,,,,,,,,,
lipgloss,vasanti cosmetics power oils lip gloss exec,vasanti cosmetics,power oils lip gloss,exec,rose mauve,natural rose mauve,,,,TRUE,,,,,,,natural,,,,,,,,,,
lipgloss,vasanti cosmetics power oils lip gloss rani,vasanti cosmetics,power oils lip gloss,rani,rose mauve,vibrant rose mauve,,,,TRUE,,,,,,,,,vibrant,,,,,,,,
lipgloss,vasanti cosmetics power oils lip gloss super mom,vasanti cosmetics,power oils lip gloss,super mom,nude taupe mauve,nude taupe mauve,,,,TRUE,,,,,,,,,,,,,,,,,
lipgloss,wayne goss the high shine gloss petunia,wayne goss,the high shine gloss,petunia,nude mauve,deep nude mauve,https://dy6g3i6a1660s.cloudfront.net/m2bBOGBPRw2gP0wSk4W1TAR-BH4/zb_p.jpg,,,,,,,,,,,,deep,,,,,,,,
lipgloss,youngblood mineral cosmetics lipgloss poetic,youngblood mineral cosmetics,lipgloss,poetic,purple mauve,purple mauve,,,,,,,,,,,,,,,,,,,,,
lipgloss,youthforia dewy gloss hydrating and nourishing lip gloss 3 am,youthforia,dewy gloss hydrating and nourishing lip gloss,3 am,mauve,opaque mauve,,,TRUE,TRUE,,,,opaque,,,,,,,,,,,,,