category,joined,brand,product,shade,clean,bipoc-founded,image,shade_description_original,shade_description,shade_description_colors_only,secondary_colors_1,skin_tones_1,skin_tones_2,undertones_1,undertones_2,descriptor_1,intensity_1,intensity_2,muted_1,finish_1,finish_2,finish_3,shimmer_1,shimmer_2,shimmer_3,adaptive
blush,100% pure fruit pigmented blush peach,100% pure,fruit pigmented blush,peach,TRUE,TRUE,,neutral peach with bronze undertone,neutral bronze peach,bronze peach,,,,neutral,bronze,,,,,,,,,,,
blush,14e cosmetics blush sunset,14e cosmetics,blush,sunset,,,https://images.squarespace-cdn.com/content/v1/547fb0cfe4b0e760559715a5/1618172602178-IZGO8E7F4YZ71K2ZBY39/Sunset.jpg?format=1500w,warm peachy,warm peach,peach,,,,warm,,,,,,,,,,,,
blush,a'pieu juicy-pang water blusher cr01,a'pieu,juicy-pang water blusher,cr01,,TRUE,https://misshaus.com/cdn/shop/files/juicypangwaterblusherCR01.png?v=1701292096,peach,peach,peach,,,,,,,,,,,,,,,,
blush,about-face cheek freak blush balm raunchy,about-face,cheek freak blush balm,raunchy,TRUE,,https://aboutface.com/cdn/shop/products/CF_PDP_Raunchy_swatch.png?v=1673456962&width=1280,nude peach,nude peach,nude peach,,,,,,,,,,,,,,,,
blush,alamar cosmetics colorete blush trio fair/light - apricot aura,alamar cosmetics,colorete blush trio,fair/light - apricot aura,,TRUE,,light peachy blush with golden sheen finish,light peach,peach,,,,,,,light,,,,,,golden,,,
blush,alamar cosmetics colorete blush trio medium/tan - peach beach,alamar cosmetics,colorete blush trio,medium/tan - peach beach,,TRUE,,true peach matte blush,peach,peach,,,,,,true,,,,matte,,,,,,
blush,alamar cosmetics colorete concentrate liquid blush amor de melocoton,alamar cosmetics,colorete concentrate liquid blush,amor de melocoton,,TRUE,https://alamarcosmetics.com/cdn/shop/products/Product5_540x.png?v=1669997273,creamy peach,peach,peach,,,,,,,,,,creamy,,,,,,
blush,alima pure cream blush wink,alima pure,cream blush,wink,,,,fresh peach,peach,peach,,,,,,fresh,,,,,,,,,,
blush,anastasia beverly hills blush trio peachy love - miami,anastasia beverly hills,blush trio,peachy love - miami,,,,matte bright peach with gold sparkle,bright peach,peach,,,,,,,bright,,,matte,,,gold sparkle,,,
blush,anastasia beverly hills blush trio peachy love - nectarine,anastasia beverly hills,blush trio,peachy love - nectarine,,,,matte dusty peach,peach,peach,,,,,,,,,dusty,matte,,,,,,
blush,anastasia beverly hills blush trio pool party - kash,anastasia beverly hills,blush trio,pool party - kash,,,,matte apricot peach,apricot peach,apricot peach,,,,,,,,,,matte,,,,,,
blush,anastasia beverly hills stick cream blush nectarine,anastasia beverly hills,stick cream blush,nectarine,,,,light bright peach,light bright peach,peach,,,,,,,light,bright,,,,,,,,
blush,anastasia beverly hills stick cream blush peach caramel,anastasia beverly hills,stick cream blush,peach caramel,,,,deep warm peach,warm deep peach,peach,,,,warm,,,deep,,,,,,,,,
blush,anastasia beverly hills stick cream blush peachy keen,anastasia beverly hills,stick cream blush,peachy keen,,,https://www.sephora.com/productimages/sku/s2474427-av-04-zoom.jpg?imwidth=1224,soft peach,soft peach,peach,,,,,,,soft,,,,,,,,,
blush,armani beauty neo nude a-line liquid blush 30,armani beauty,neo nude a-line liquid blush,30,,,https://dimg.dillards.com/is/image/DillardsZoom/mainProduct/giorgio-armani-armani-beauty-a-line-liquid-blush/00000000_zi_dcd6941f-7cfd-4fc8-99ef-84dad24047f0__02_ai.jpg,peach,peach,peach,,,,,,,,,,,,,,,,
blush,artist couture love sprung face palette vii - infatuated,artist couture,love sprung face palette,vii - infatuated,,TRUE,,satin terracotta peach,terracotta peach,terracotta peach,,,,,,,,,,satin,,,,,,
blush,au naturale pure powder blush gilded sunset,au naturale,pure powder blush,gilded sunset,TRUE,,"https://images.ulta.com/is/image/Ulta/2564183?id=VpabD0&fmt=jpg&fit=constrain,1&wid=260&hei=122&op_sharpen=1&resMode=bilin",luminous light peach,light peach,peach,,,,,,,light,,,luminous,,,,,,
blush,au naturale the anywhere creme multistick destiny,au naturale,the anywhere creme multistick,destiny,TRUE,,"https://images.ulta.com/is/image/Ulta/2564206?id=jfZao1&fmt=jpg&fit=constrain,1&wid=186&hei=360&op_sharpen=1&resMode=bilin",melon peach with subtle luminosity,melon peach,melon peach,,,,,,,,,,luminous,,,subtle,,,
blush,bareminerals bounce & blur blush coral cloud,bareminerals,bounce & blur blush,coral cloud,TRUE,,"https://images.ulta.com/is/image/Ulta/2549279?id=vvrbq3&fmt=jpg&fit=constrain,1&wid=260&hei=263&op_sharpen=1&resMode=bilin",fresh peach,peach,peach,,,,,,fresh,,,,,,,,,,
blush,bareminerals gen nude blonzer blush + bronzer kiss of copper,bareminerals,gen nude blonzer blush + bronzer,kiss of copper,TRUE,,https://www.sephora.com/productimages/sku/s2410009-main-zoom.jpg?imwidth=1224,copper peach,copper peach,copper peach,,,,,,,,,,,,,,,,
blush,bareminerals gen nude highlighting blush peach glow,bareminerals,gen nude highlighting blush,peach glow,TRUE,,,peach shimmer,peach,peach,,,,,,,,,,shimmer,,,,,,
blush,bareminerals gen nude powder blush bellini brunch,bareminerals,gen nude powder blush,bellini brunch,TRUE,,https://m.media-amazon.com/images/I/71dCGKXNjwL._SL1500_.jpg,peach,peach,peach,,,,,,,,,,,,,,,,
blush,beauty bay liquid cream blush peaches,beauty bay,liquid cream blush,peaches,,,,soft peach,soft peach,peach,,,,,,,soft,,,,,,,,,
blush,beauty by popsugar make me blush cheek color spring fling,beauty by popsugar,make me blush cheek color,spring fling,,,,peachy,peach,peach,,,,,,,,,,,,,,,,
blush,beauty pie supercheek vitamin powder blush la pêche,beauty pie,supercheek vitamin powder blush,la pêche,TRUE,,,warm peach,warm peach,peach,,,,warm,,,,,,,,,,,,
blush,beautyblender bounce liquid whip cream blush playful peach,beautyblender,bounce liquid whip cream blush,playful peach,,TRUE,https://beautyblender.com/cdn/shop/products/BOUNCE_Blush_PlayfulPeach_Swatch_v1_RGB.jpg?v=1675277361&width=1200,soft golden peach,soft golden peach,golden peach,,,,,,,soft,,,,,,,,,
blush,beautycounter cheeky clean cream blush cider,beautycounter,cheeky clean cream blush,cider,TRUE,,https://media.ulta.com/i/ulta/2606447_sm?w=720&h=720&fmt=webp,soft peach,soft peach,peach,,,,,,,soft,,,,,,,,,
blush,benefit cosmetics blush georgia,benefit cosmetics,blush,georgia,,,,golden peach,golden peach,golden peach,,,,,,,,,,,,,,,,
blush,benefit cosmetics wanderful world silky-soft powder blush peachin,benefit cosmetics,wanderful world silky-soft powder blush,peachin,,,https://media.ulta.com/i/ulta/2595632_sm?w=1080&h=1080&fmt=auto,"golden peach, shimmer finish",golden peach,golden peach,,,,,,,,,,shimmer,,,,,,
blush,bobbi brown blush avenue,bobbi brown,blush,avenue,,,"https://images.bloomingdalesassets.com/is/image/BLM/products/0/optimized/13338810_fpx.tif?op_sharpen=1&wid=700&fit=fit,1&$filtersm$&fmt=webp",soft nude peach with gold shimmer,soft nude peach,nude peach,,,,,,,soft,,,shimmer,,,gold,,,
blush,bobbi brown pot rouge for lips and cheeks fresh melon,bobbi brown,pot rouge for lips and cheeks,fresh melon,,,https://media.ulta.com/i/ulta/2583543_sm?w=1080&h=1080&fmt=auto,pink peach,pink peach,pink peach,,,,,,,,,,,,,,,,
blush,bodyography blush cantaloupe,bodyography,blush,cantaloupe,,,https://cdn.shopify.com/s/files/1/0009/6623/0076/products/Blush_Cantaloupe_Front_web_1024x1024.jpg?v=1608747660,brown peach,brown peach,brown peach,,,,,,,,,,,,,,,,
blush,bodyography color cassette liquid blush lip tempo,bodyography,color cassette liquid blush lip,tempo,,,https://www.bodyography.com/cdn/shop/files/LiquidBlushLip_Tempo_1024x1024.jpg?v=1692488190,soft peach,soft peach,peach,,,,,,,soft,,,,,,,,,
blush,bperfect cosmetics scorched blusher magma,bperfect cosmetics,scorched blusher,magma,,,,warm sunset peach,warm peach,peach,,,,warm,,sunset,,,,,,,,,,
blush,burt's bees blush with vitamin e 1205 bare peach,burt's bees,blush with vitamin e,1205 bare peach,,,https://images.ulta.com/is/image/Ulta/2518244sm?op_sharpen=1&resMode=bilin&qlt=85&wid=1000&hei=1000&fmt=webp,warm peach ideal for fair to tan skin tones,warm peach,peach,,fair,tan,warm,,,,,,,,,,,,
blush,butter london glazen blush gelee flicker,butter london,glazen blush gelee,flicker,,,,radiant peach,peach,peach,,,,,,,,,,radiant,,,,,,
blush,butter london plush rush blush & lip amazed,butter london,plush rush blush & lip,amazed,,,,soft peach,soft peach,peach,,,,,,,soft,,,,,,,,,
blush,buxom wanderlust primer-infused blush mykonos,buxom,wanderlust primer-infused blush,mykonos,,,https://storage.googleapis.com/glide-prod.appspot.com/uploads-v2/xJTS2nQmDPn7m1uvUili/pub/wZ5OWdeaJ9ksotQ2DPSU.webp,peach,peach,peach,,,,,,,,,,,,,,,,
blush,caia cosmetics blush stick cupcake glaze,caia cosmetics,blush stick,cupcake glaze,,,,soft peach with a warm undertone and shimmer,warm soft peach,peach,,,,warm,,,soft,,,shimmer,,,,,,
blush,caia cosmetics glow blush peach sorbet,caia cosmetics,glow blush,peach sorbet,,,,soft peach with a warm undertone and shimmer,warm soft peach,peach,,,,warm,,,soft,,,shimmer,,,,,,
blush,caia cosmetics matte blush grapefruit juice,caia cosmetics,matte blush,grapefruit juice,,,,soft peach with a warm undertone,warm soft peach,peach,,,,warm,,,soft,,,,,,,,,
blush,caliray socal superbloom lip + cheek tint soft stain blush laguna peach,caliray,socal superbloom lip + cheek tint soft stain blush,laguna peach,TRUE,,,sheer soft peach,soft peach,peach,,,,,,,soft,,,sheer,,,,,,
blush,cargo blush molokai,cargo,blush,molokai,,,,rosey peach,rose peach,rose peach,,,,,,,,,,,,,,,,
blush,chanel les beiges water-fresh blush light peach,chanel,les beiges water-fresh blush,light peach,,,,light peach,light peach,peach,,,,,,,light,,,,,,,,,
blush,chantecaille cheek gelee happy hydrating gel-cream blush lively,chantecaille,cheek gelee happy hydrating gel-cream blush,lively,,,https://cdn.shopify.com/s/files/1/1951/2637/products/CHEEK-GELEE_SWATCH_Lively_1200x.jpg?v=1627667434,fresh peach,peach,peach,,,,,,fresh,,,,,,,,,,
blush,chantecaille philanthropy cheek shade elephant smitten,chantecaille,philanthropy cheek shade,elephant smitten,,,https://cdn.shopify.com/s/files/1/1951/2637/products/CHEEK_SHADE_SMITTEN_Elephant_copy_1.jpg?v=1701356882&width=600,soft peach,soft peach,peach,,,,,,,soft,,,,,,,,,
blush,charlotte tilbury beach stick moon beach,charlotte tilbury,beach stick,moon beach,,,,shimmering nude-peach,nude peach,nude peach,,,,,,,,,,shimmering,,,,,,
blush,charlotte tilbury beauty light wand peachgasm,charlotte tilbury,beauty light wand,peachgasm,,,https://storage.googleapis.com/glide-prod.appspot.com/uploads-v2/xJTS2nQmDPn7m1uvUili/pub/4LyjpbQeBAGrzzEpwZZs.jpeg,peach,peach,peach,,,,,,,,,,,,,,,,
blush,charlotte tilbury beauty light wand pillow talk medium,charlotte tilbury,beauty light wand,pillow talk medium,,,,pink-peach / opalescent pink-copper highlight,pink peach,pink peach,copper,,,,,,,,,,,,,,,
blush,charlotte tilbury cheek to chic blush first love,charlotte tilbury,cheek to chic blush,first love,,,https://www.sephora.com/productimages/sku/s2115871-main-zoom.jpg?imwidth=1000,peach,peach,peach,,,,,,,,,,,,,,,,
blush,charlotte tilbury matte beauty blush wand peach pop,charlotte tilbury,matte beauty blush wand,peach pop,,,https://media.ulta.com/i/ulta/2619516_sm?w=1080&h=1080&fmt=auto,matte nude-peach,nude peach,nude peach,,,,,,,,,,matte,,,,,,
blush,ciatè london ciate x miss piggy all about moi! cream blush palette oh kermie!,ciatè london,ciate x miss piggy all about moi! cream blush palette,oh kermie!,,,,peach,peach,peach,,,,,,,,,,,,,,,,
blush,clarins joli blush 07 cheeky peach,clarins,joli blush,07 cheeky peach,,,https://n.nordstrommedia.com/id/sr3/0a1c6623-93fb-4e6e-a940-c7ddda5d0949.jpeg?crop=pad&pad_color=FFF&format=jpeg&w=780&h=1196&dpr=2,ph-reactant peach,peach,peach,,universal,,,,,,,,,,,,,,ph-reactant
blush,colourpop blush stix under pressure,colourpop,blush stix,under pressure,,,"https://images.ulta.com/is/image/Ulta/2550464?id=LtlbH1&fmt=jpg&fit=constrain,1&wid=1000&hei=1000&op_sharpen=1&resMode=bilin",true peach or bright salmon,peach,peach,,,,,,true,,,,,,,,,,
blush,colourpop cream blush poppi,colourpop,cream blush,poppi,,,https://colourpop.com/cdn/shop/files/Poppi-Instant-Crush-Matte-Blush-Inline-Half-Closed.jpg?v=1692297572,true peach,peach,peach,,,,,,true,,,,,,,,,,
blush,colourpop pressed powder blush fresh n' peachy,colourpop,pressed powder blush,fresh n' peachy,,,https://cdn.shopify.com/s/files/1/1338/0845/products/fresh-n-peachy_2_800x1200.jpg?v=1569307409,bright coral peach,bright coral peach,coral peach,,,,,,,bright,,,,,,,,,
blush,colourpop pressed powder blush morning vibes,colourpop,pressed powder blush,morning vibes,,,https://colourpop.com/cdn/shop/files/Morning-Vibes-PPB-Target-Pre-Fall-Half-Closed_800x1200.jpg?v=1688667257,nude peach,nude peach,nude peach,,,,,,,,,,,,,,,,
blush,colourpop pressed powder blush shortbread,colourpop,pressed powder blush,shortbread,,,,neutral peach,neutral peach,peach,,,,neutral,,,,,,,,,,,,
blush,colourpop pressed powder blush wayfarer,colourpop,pressed powder blush,wayfarer,,,,soft warm peach with pinpoints of gold and silver pearl,warm soft peach,peach,,,,warm,,,soft,,,,,,gold,silver,pearl,
blush,colourpop pressed powder blush wish me luck,colourpop,pressed powder blush,wish me luck,,,https://colourpop.com/cdn/shop/files/Wish-Me-Luck-PPB-Target-Pre-Fall-Half-Closed_800x1200.jpg?v=1688667268,pinky peach,pink peach,pink peach,,,,,,,,,,,,,,,,
blush,colourpop super shock blush 2 cool 4 school,colourpop,super shock blush,2 cool 4 school,,,,toasted peach,peach,peach,,,,,,toasted,,,,,,,,,,
blush,colourpop super shock blush drop of a hat,colourpop,super shock blush,drop of a hat,,,"https://images.ulta.com/is/image/Ulta/2552481?id=YIubK2&fmt=jpg&fit=constrain,1&wid=260&hei=260&op_sharpen=1&resMode=bilin",pearlized peach with a gold duo chrome sheen,peach,peach,,,,,,,,,,pearlized,,,pearl,gold,chrome sheen,
blush,colourpop super shock blush get leid,colourpop,super shock blush,get leid,,,,bright peach,bright peach,peach,,,,,,,bright,,,,,,,,,
blush,danessa myricks beauty colorfix glaze biscotti,danessa myricks beauty,colorfix glaze,biscotti,,TRUE,,muted light peach,light muted peach,peach,,,,,,,light,,muted,,,,,,,
blush,danessa myricks beauty yummy skin blurring balm powder flushed matte color for cheek & lip bellini,danessa myricks beauty,yummy skin blurring balm powder flushed matte color for cheek & lip,bellini,,TRUE,,poppy golden peach,poppy golden peach,poppy golden peach,,,,,,,,,,,,,,,,
blush,daniel sandler watercolour liquid blush angel,daniel sandler,watercolour liquid blush,angel,,,https://www.danielsandler.com/cdn/shop/products/Watercolour-Liquid-Blush-Angel-3.jpg?v=1688984536&width=1206,"delicate, shimmery medium peach that suits very fair skin tones",medium delicate peach,peach,,very fair,,,,,delicate,medium,,shimmery,,,,,,
blush,daniel sandler watercolour liquid blush caress,daniel sandler,watercolour liquid blush,caress,,,https://www.danielsandler.com/cdn/shop/products/Watercolour-Liquid-Blush-Caress-3.jpg?v=1688984552&width=1206,"delicate, subtle matte peach with a very natural finish",subtle delicate peach,peach,,,,,,,delicate,subtle,,matte,natural,,,,,
blush,daniel sandler watercolour liquid blush chelsea,daniel sandler,watercolour liquid blush,chelsea,,,https://www.danielsandler.com/cdn/shop/products/Watercolour-Liquid-Blush-Chelsea-3.jpg?v=1688984561&width=1206,"peach tone with a merest hint of a sheen, great for fair skin tones",peach,peach,,fair,,,,,,,,,,,,,,
blush,daniel sandler watercolour liquid blush crush,daniel sandler,watercolour liquid blush,crush,,,https://www.danielsandler.com/cdn/shop/products/Watercolour-Liquid-Blush-Crush-3.jpg?v=1688984588&width=1206,semi-bright peach shade with a natural-looking matte finish,semi-bright peach,peach,,,,,,,semi-bright,,,natural,matte,,,,,
blush,daniel sandler watercolour liquid blush gentle,daniel sandler,watercolour liquid blush,gentle,,,https://www.danielsandler.com/cdn/shop/products/Watercolour-Liquid-Blush-Gentle-3.jpg?v=1688984625&width=1206,warm terracotta-peach with a hint of shimmer that elegantly warms up medium skin tones,warm terracotta peach,terracotta peach,,medium,,warm,,,,,,shimmer,,,,,,
blush,daniel sandler watercolour liquid blush glamour,daniel sandler,watercolour liquid blush,glamour,,,https://www.danielsandler.com/cdn/shop/products/Watercolour-Liquid-Blush-Glamour-3.jpg?v=1688984634&width=1206,rich matte terracotta-peach designed to enhance and flatter medium and dark skin tones,rich terracotta peach,terracotta peach,,dark,medium,,,,rich,,,matte,,,,,,
blush,daniel sandler watercolour liquid illuminator elegance,daniel sandler,watercolour liquid illuminator,elegance,,,https://www.danielsandler.com/cdn/shop/products/Watercolour-Liquid-Illuminator-Elegance-3.jpg?v=1688984718&width=1646,peach,peach,peach,,,,,,,,,,,,,,,,
blush,daniel sandler watercolour liquid illuminator grace,daniel sandler,watercolour liquid illuminator,grace,,,https://www.danielsandler.com/cdn/shop/products/Watercolour-Liquid-Illuminator-Grace-3.jpg?v=1688984770&width=1206,peach shimmer,peach,peach,,,,,,,,,,shimmer,,,,,,
blush,dear dahlia paradise dual palette blusher duo 01 fair lady,dear dahlia,paradise dual palette blusher duo,01 fair lady,,TRUE,,soft pale peach,soft pale peach,peach,,,,,,,pale,soft,,,,,,,,
blush,dear dahlia paradise soft dream blush 02 joy,dear dahlia,paradise soft dream blush,02 joy,,TRUE,,pink and apricot peach,"pink, apricot peach","pink, apricot peach",,,,,,,,,,,,,,,,
blush,doll 10 beauty pretty fly blusher take me to the peach,doll 10 beauty,pretty fly blusher,take me to the peach,,,https://cdn.shopify.com/s/files/1/1337/7215/products/BLUSHSWATCH_TAKEMETOTHEPEACH_720x.jpg?v=1629124339,peach,peach,peach,,,,,,,,,,,,,,,,
blush,dominique cosmetics skin gloss cream highlighter glossed peach,dominique cosmetics,skin gloss cream highlighter,glossed peach,,,,peach,peach,peach,,,,,,,,,,,,,,,,
blush,dragun beauty face palette t girl,dragun beauty,face palette,t girl,,TRUE,https://images.beautybay.com/eoaaqxyywn6o/DRAG0038F_1.jpg_s3.lmb_3jph/083f3abed602aef05b56e4742beda004/DRAG0038F_1.jpg?w=1000&fm=jpg&fl=progressive&q=70,shimmering peachy,peach,peach,,,,,,,,,,shimmering,,,,,,
blush,e.l.f. cosmetics halo glow blush beauty wand candlelit,e.l.f. cosmetics,halo glow blush beauty wand,candlelit,,,,light peach,light peach,peach,,,,,,,light,,,,,,,,,
blush,e.l.f. cosmetics primer-infused blush always cheeky,e.l.f. cosmetics,primer-infused blush,always cheeky,,,,light peach,light peach,peach,,,,,,,light,,,,,,,,,
blush,e.l.f. cosmetics primer-infused blush always fresh,e.l.f. cosmetics,primer-infused blush,always fresh,,,https://www.elfcosmetics.com/dw/image/v2/BBXC_PRD/on/demandware.static/-/Sites-elf-master/default/dwb1c0f3cf/2024/PrimerInfusedMatteBlush/83747_SWATCH_V4_R.jpg?sfrm=png&sw=700&q=90,peach,peach,peach,,,,,,,,,,,,,,,,
blush,em cosmetics color drops serum blush peachy peach,em cosmetics,color drops serum blush,peachy peach,,TRUE,,true peach,peach,peach,,,,,,true,,,,,,,,,,
blush,essence pure nude baked blush pretty peach,essence,pure nude baked blush,pretty peach,,,https://media.ulta.com/i/ulta/2603107?w=1278&h=1278,bright peach,bright peach,peach,,,,,,,bright,,,,,,,,,
blush,estée lauder pure color envy sculpting blush 310 peach passion,estée lauder,pure color envy sculpting blush,310 peach passion,,,"https://slimages.macysassets.com/is/image/MCY/products/6/optimized/3388676_fpx.tif?op_sharpen=1&wid=1230&hei=1500&fit=fit,1&$filterxlrg$&fmt=webp",light peach with a neutral undertone,neutral light peach,peach,,,,neutral,,,light,,,,,,,,,
blush,et al. versatile blush cheek + eye dune,et al.,versatile blush cheek + eye,dune,,,,pink meets peach,pink peach,pink peach,,,,,,,,,,,,,,,,
blush,et al. versatile blush cheek + eye sandstone,et al.,versatile blush cheek + eye,sandstone,,,,fresh peach,peach,peach,,,,,,fresh,,,,,,,,,,
blush,face stockholm cream blush catskill,face stockholm,cream blush,catskill,,,,sheer peach glow,peach,peach,,,,,,,,,,sheer,,,,,,
blush,fenty beauty by rihanna cheeks out freestyle cream blush peach face,fenty beauty by rihanna,cheeks out freestyle cream blush,peach face,,TRUE,https://www.sephora.com/productimages/sku/s2700961-av-2-zoom.jpg?imwidth=1224,soft peach,soft peach,peach,,,,,,,soft,,,,,,,,,
blush,fenty beauty by rihanna match stix shimmer skinstick beach bum,fenty beauty by rihanna,match stix shimmer skinstick,beach bum,,TRUE,https://cdn.shopify.com/s/files/1/0341/3458/9485/products/FB30004_FB3047_smear_650x.png?v=1615088147,radiant peach,peach,peach,,,,,,,,,,radiant,,,,,,
blush,flesh beauty tender flesh blush bloom,flesh beauty,tender flesh blush,bloom,,,,matte light peach,light peach,peach,,,,,,,light,,,matte,,,,,,
blush,flower beauty blush bomb color drops nectar,flower beauty,blush bomb color drops,nectar,,,"https://images.ulta.com/is/image/Ulta/2533041?id=yXlaU1&fmt=jpg&fit=constrain,1&wid=121&hei=360&op_sharpen=1&resMode=bilin",warm peach,warm peach,peach,,,,warm,,,,,,,,,,,,
blush,flower beauty blush bomb color drops spiced petal,flower beauty,blush bomb color drops,spiced petal,,,https://cdn.shopify.com/s/files/1/0070/1707/0662/products/flower_pdp_face_blush-bomb-color-drops_alt-img_swatches_spiced_720x.jpg?v=1628267306,peach,peach,peach,,,,,,,,,,,,,,,,
blush,gabriel cosmetics multi pot magnolia,gabriel cosmetics,multi pot,magnolia,,,,shimmering peach with bronze undertone,bronze peach,bronze peach,,,,bronze,,,,,,shimmering,,,,,,
blush,gen see clean sheen cheek + lip color apricot 02,gen see,clean sheen cheek + lip color,apricot 02,TRUE,,,light peach,light peach,peach,,,,,,,light,,,,,,,,,
blush,glossier cloud paint beam,glossier,cloud paint,beam,,,https://www.sephora.com/productimages/sku/s2649382-av-9-zoom.jpg?imwidth=1224,soft peach,soft peach,peach,,,,,,,soft,,,,,,,,,
blush,glow for it blush stick cheeky peach,glow for it,blush stick,cheeky peach,,,,coral-toned peach,coral peach,coral peach,,,,,,,,,,,,,,,,
blush,glow for it blush stick fresh face,glow for it,blush stick,fresh face,,,,warm peach-toned,warm peach,peach,,,,warm,,,,,,,,,,,,
blush,half caked candy paint cheek + lip tint millions of peaches,half caked,candy paint cheek + lip tint,millions of peaches,,,,midtone warm peach with a dewy finish,warm midtone peach,peach,,,,warm,,,midtone,,,dewy,,,,,,
blush,haus labs by lady gaga color fuse talc-free powder blush with fermented arnica fire moon,haus labs by lady gaga,color fuse talc-free powder blush with fermented arnica,fire moon,TRUE,,https://www.sephora.com/productimages/sku/s2760957-main-zoom.jpg?imwidth=1224,beige peach,beige peach,beige peach,,,,,,,,,,,,,,,,
blush,haus labs by lady gaga head rush blush + highlighter duo all night,haus labs by lady gaga,head rush blush + highlighter duo,all night,TRUE,,,pale peach with pink pearl,pale peach,peach,,,,,,,pale,,,,,,pink,pearl,,
blush,haus labs by lady gaga head rush blush + highlighter duo flirt,haus labs by lady gaga,head rush blush + highlighter duo,flirt,TRUE,,,warm dusty peach,warm dusty peach,peach,,,,warm,,,,,dusty,,,,,,,
blush,haus labs by lady gaga head rush blush + highlighter duo intoxicate,haus labs by lady gaga,head rush blush + highlighter duo,intoxicate,TRUE,,,peach with gold pearl,peach,peach,,,,,,,,,,,,,gold,pearl,,
blush,haus labs by lady gaga head rush blush + highlighter duo untamed,haus labs by lady gaga,head rush blush + highlighter duo,untamed,TRUE,,,warm coral peach,warm coral peach,coral peach,,,,warm,,,,,,,,,,,,
blush,"haus labs by lady gaga hy-power eye, cheek & lip pigment paint blush matte",haus labs by lady gaga,"hy-power eye, cheek & lip pigment paint",blush matte,TRUE,,,muted peach,peach,peach,,,,,,,,,muted,,,,,,,
blush,honest beauty creme cheek blush coral peach,honest beauty,creme cheek blush,coral peach,,TRUE,https://www.honest.com/dw/image/v2/BDBW_PRD/on/demandware.static/-/Sites-HC-master-catalog/default/dwc2004b67/images/large/Creme-Cheek-Blush/BeautyRestage-CremeCheekLipColor/OnWhite/COLOR_CORAL_PEACH_SMEAR.jpg?sw=2000&sh=2000&sm=fit,bright warm peach,bright warm peach,peach,,,,warm,,,bright,,,,,,,,,
blush,hourglass ambient lighting blush ethereal flush,hourglass,ambient lighting blush,ethereal flush,,,,soft peach,soft peach,peach,,,,,,,soft,,,,,,,,,
blush,hourglass ambient lighting blush incandescent electra,hourglass,ambient lighting blush,incandescent electra,,,https://media.ulta.com/i/ulta/2575640?w=1080&h=1080&fmt=auto,cool peach,cool peach,peach,,,,cool,,,,,,,,,,,,
blush,hourglass ambient lighting blush soft light,hourglass,ambient lighting blush,soft light,,,https://dy6g3i6a1660s.cloudfront.net/7zLInVaTs0wOtiZJ_LVAfQR-BH4/p_550x550-b1/hourglass-ambient-lighting-edit-unlocked-elephant.jpg,pale peach,pale peach,peach,,,,,,,pale,,,,,,,,,
blush,hourglass ambient lighting blush sun beam,hourglass,ambient lighting blush,sun beam,,,,rich peach,rich peach,peach,,,,,,,rich,,,,,,,,,
blush,hourglass vanish blush stick sacred,hourglass,vanish blush stick,sacred,,,https://thirteenlune.com/cdn/shop/products/Hourglass_VanishBlushStick_Sacred_Swatch_1800x1800.jpg?v=1717098870,coral peach,coral peach,coral peach,,,,,,,,,,,,,,,,
blush,hourglass vanish blush stick wonder,hourglass,vanish blush stick,wonder,,,,soft peach,soft peach,peach,,,,,,,soft,,,,,,,,,
blush,huda beauty cheeky tint cream blush stick perky peach,huda beauty,cheeky tint cream blush stick,perky peach,,TRUE,,warm dusty peach,warm dusty peach,peach,,,,warm,,,,,dusty,,,,,,,
blush,huda beauty glowish cheeky vegan soft glow powder blush 01 healthy peach,huda beauty,glowish cheeky vegan soft glow powder blush,01 healthy peach,TRUE,TRUE,https://hudabeauty.com/dw/image/v2/BCNC_PRD/on/demandware.static/-/Sites-huda-master-catalog/default/dw02c4a535/images/GloWishBlushPowder/Glowish-Blush-Texture-01HealthyPeach.png?sw=1242&sh=1242&sm=fit,warm soft peach,warm soft peach,peach,,,,warm,,,soft,,,,,,,,,
blush,huda beauty lip blush cream lip & cheek stain peachy kiss,huda beauty,lip blush cream lip & cheek stain,peachy kiss,,TRUE,,sheer peach,peach,peach,,,,,,,,,,sheer,,,,,,
blush,ilia multi-stick cream blush + highlighter + lip tint in the mood,ilia,multi-stick cream blush + highlighter + lip tint,in the mood,TRUE,,,golden peach pearl,golden peach,golden peach,,,,,,,,,,,,,pearl,,,
blush,inika organic baked mineral blush duo burnt peach,inika organic,baked mineral blush duo,burnt peach,TRUE,,,shimmering peach duo with warm undertones perfect for medium to dark skin tones,warm peach,peach,,medium to dark,,warm,,,,,,shimmering,,,,,,
blush,it cosmetics bye bye pores blush naturally pretty,it cosmetics,bye bye pores blush,naturally pretty,,,https://www.sephora.com/productimages/sku/s2199479-main-zoom.jpg?imwidth=1000,warm peach,warm peach,peach,,,,warm,,,,,,,,,,,,
blush,jane iredale just kissed lip and cheek stain forever peach,jane iredale,just kissed lip and cheek stain,forever peach,TRUE,,"https://images.ulta.com/is/image/Ulta/2544987?id=ZAdbQ2&fmt=jpg&fit=constrain,1&wid=115&hei=361&op_sharpen=1&resMode=bilin",peach,peach,peach,,,,,,,,,,,,,,,,
blush,jane iredale purepressed blush velvet petal,jane iredale,purepressed blush,velvet petal,TRUE,,https://janeiredale.com/cdn/shop/files/PPBlush_Swatch_VelvetPetal_PDP_2000x.jpg?v=1711137711,dusty peach,peach,peach,,,,,,,,,dusty,,,,,,,
blush,jason wu beauty blush trio 05 sexed,jason wu beauty,blush trio,05 sexed,,TRUE,,peach,peach,peach,,,,,,,,,,,,,,,,
blush,jordana ticia cosmetics blusher reloaded lotts of love,jordana ticia cosmetics,blusher reloaded,lotts of love,,TRUE,https://cdn.shopify.com/s/files/1/0293/7588/9456/products/LOTTSOFLOVE_700x.jpg?v=1592059712,soft peach with yellow gold sheen,soft peach,peach,,,,,,,soft,,,,,,yellow,gold,,
blush,jouer cosmetics blush & bloom cheek + lip duo uplift - uplift me,jouer cosmetics,blush & bloom cheek + lip duo,uplift - uplift me,,,,soft peach,soft peach,peach,,,,,,,soft,,,,,,,,,
blush,jouer cosmetics blush bouquet dual blush palette adore - adore me,jouer cosmetics,blush bouquet dual blush palette,adore - adore me,,,,matte warm dusty peach,warm dusty peach,peach,,,,warm,,,,,dusty,matte,,,,,,
blush,jouer cosmetics blush bouquet dual blush palette adore - hold me,jouer cosmetics,blush bouquet dual blush palette,adore - hold me,,,,shimmering warm pale nude peach,warm pale nude peach,nude peach,,,,warm,,,pale,,,shimmering,,,,,,
blush,jouer cosmetics blush bouquet dual blush palette flirt - touch me,jouer cosmetics,blush bouquet dual blush palette,flirt - touch me,,,,shimmering warm light peach,warm light peach,peach,,,,warm,,,light,,,shimmering,,,,,,
blush,jouer cosmetics blush bouquet dual blush palette rose gold collection - marigold,jouer cosmetics,blush bouquet dual blush palette,rose gold collection - marigold,,,,warm shimmering golden peach,warm golden peach,golden peach,,,,warm,,,,,,shimmering,,,,,,
blush,jouer cosmetics les brights! blush & bronze powder duo peach bouquet perfect tan,jouer cosmetics,les brights! blush & bronze powder duo,peach bouquet perfect tan,,,,sheer golden peach,golden peach,golden peach,,,,,,,,,,sheer,,,,,,
blush,jouer cosmetics rose cut gems blush & cheek topper palette peach quartz,jouer cosmetics,rose cut gems blush & cheek topper palette,peach quartz,,,,satin warm peach,warm peach,peach,,,,warm,,,,,,satin,,,,,,
blush,juvia's place blushed liquid blush marigold,juvia's place,blushed liquid blush,marigold,,TRUE,,soft peach,soft peach,peach,,,,,,,soft,,,,,,,,,
blush,juvia's place blushed liquid blush peach rose,juvia's place,blushed liquid blush,peach rose,,TRUE,,pinky peach,pink peach,pink peach,,,,,,,,,,,,,,,,
blush,juvia's place blushed liquid blush soft tulip,juvia's place,blushed liquid blush,soft tulip,,TRUE,,soft pops of peach,soft peach,peach,,,,,,,soft,,,,,,,,,
blush,juvia's place serafina blush,juvia's place,serafina blush,,,TRUE,,peach-toned with mild sheen/shimmer for darker skin tones,peach,peach,,dark,,,,,,,,shimmer,,,,,,
blush,kett cosmetics kett hydro blush peace,kett cosmetics,kett hydro blush,peace,,,,warm peach,warm peach,peach,,,,warm,,,,,,,,,,,,
blush,kiko milano smart colour blush 03 peach,kiko milano,smart colour blush,03 peach,,,,peach,peach,peach,,,,,,,,,,,,,,,,
blush,kjaer weis cream blush precious,kjaer weis,cream blush,precious,TRUE,,,soft peach,soft peach,peach,,,,,,,soft,,,,,,,,,
blush,kkw beauty blush duo classic peach,kkw beauty,blush duo,classic peach,,,,matte warm peach,warm peach,peach,,,,warm,,,,,,matte,,,,,,
blush,kkw beauty blush duo classic peach,kkw beauty,blush duo,classic peach,,,,shimmering soft peach,soft peach,peach,,,,,,,soft,,,shimmering,,,,,,
blush,kkw beauty blush very graceful,kkw beauty,blush,very graceful,,,https://cdn.shopify.com/s/files/1/0059/6895/3447/products/I_726x709.jpg?v=1595688882,sheer matte peach,peach,peach,,,,,,,,,,sheer,matte,,,,,
blush,kosas color & light: creme cream blush & highlighter duo velvet melon,kosas,color & light: creme cream blush & highlighter duo,velvet melon,TRUE,TRUE,https://www.sephora.com/productimages/sku/s2288447-av-01-zoom.jpg?imwidth=1224,warm peach,warm peach,peach,,,,warm,,,,,,,,,,,,
blush,kosas color & light: creme cream blush & highlighter duo velvet melon high intensity,kosas,color & light: creme cream blush & highlighter duo,velvet melon high intensity,TRUE,TRUE,,warm peach,warm peach,peach,,,,warm,,,,,,,,,,,,
blush,kosas color & light: pressed powder blush & highlighter duo papaya 1972,kosas,color & light: pressed powder blush & highlighter duo,papaya 1972,TRUE,TRUE,https://www.sephora.com/productimages/sku/s2289270-av-01-zoom.jpg?imwidth=612,warm peach,warm peach,peach,,,,warm,,,,,,,,,,,,
blush,kosas color & light: pressed powder blush & highlighter duo papaya 1972 high intensity,kosas,color & light: pressed powder blush & highlighter duo,papaya 1972 high intensity,TRUE,TRUE,,warm peach,warm peach,peach,,,,warm,,,,,,,,,,,,
blush,kylie cosmetics pressed blush powder close to perfect,kylie cosmetics,pressed blush powder,close to perfect,,,"https://images.ulta.com/is/image/Ulta/2543054?id=wZ-aw3&fmt=jpg&fit=constrain,1&wid=260&hei=301&op_sharpen=1&resMode=bilin",dusty peach,peach,peach,,,,,,,,,dusty,,,,,,,
blush,laura lee los angeles blush aesthetic palette peach fuzz,laura lee los angeles,blush aesthetic palette,peach fuzz,,,,matte peach,peach,peach,,,,,,,,,,matte,,,,,,
blush,laura lee los angeles fool fantasy blush cheek palette peachy keen,laura lee los angeles,fool fantasy blush cheek palette,peachy keen,,,,true peach matte,peach,peach,,,,,,true,,,,matte,,,,,,
blush,laura mercier shimmer bloc peach mosaic,laura mercier,shimmer bloc,peach mosaic,,,,"golden pink, peach",golden pink peach,golden pink peach,,,,,,,,,,,,,,,,
blush,laura mercier tinted moisturizer cream blush corsica,laura mercier,tinted moisturizer cream blush,corsica,,,,sparkling peach,peach,peach,,,,,,sparkling,,,,,,,,,,
blush,lawless make me blush talc-free velvet blush angel suede,lawless,make me blush talc-free velvet blush,angel suede,TRUE,,,"soft peach, matte finish",soft peach,peach,,,,,,,soft,,,matte,,,,,,
blush,lethal cosmetics magnetic face powder nectar,lethal cosmetics,magnetic face powder,nectar,,,https://cdn.shopify.com/s/files/1/1073/6222/products/Calyx_Tin-1024x1024.jpg?v=1627672087,peach,peach,peach,,,,,,,,,,,,,,,,
blush,lh cosmetics duo dimension zone - limit,lh cosmetics,duo dimension,zone - limit,,,,warm peach,warm peach,peach,,,,warm,,,,,,,,,,,,
blush,lh cosmetics duo dimension zone - time,lh cosmetics,duo dimension,zone - time,,,,warm coral peach,warm coral peach,coral peach,,,,warm,,,,,,,,,,,,
blush,lily lolo pressed blush just peachy,lily lolo,pressed blush,just peachy,,,,matte warm peach,warm peach,peach,,,,warm,,,,,,matte,,,,,,
blush,lily lolo pressed blush life's a peach,lily lolo,pressed blush,life's a peach,,,,matte medium peach,medium peach,peach,,,,,,,medium,,,matte,,,,,,
blush,lime crime softwear blush glow anthurium,lime crime,softwear blush glow,anthurium,,,"https://images.ulta.com/is/image/Ulta/2547350?id=Sd-a_1&fmt=jpg&fit=constrain,1&wid=260&hei=314&op_sharpen=1&resMode=bilin",soft peach sheer glow,soft peach,peach,,,,,,,soft,,,sheer,,,,,,
blush,lime crime softwear blush soft matte wifi,lime crime,softwear blush soft matte,wifi,,,"https://images.ulta.com/is/image/Ulta/2547359?id=fCPaz3&fmt=jpg&fit=constrain,1&wid=260&hei=314&op_sharpen=1&resMode=bilin",warm terracotta peach matte,warm terracotta peach,terracotta peach,,,,warm,,,,,,matte,,,,,,
blush,lorac color source buildable blush prism,lorac,color source buildable blush,prism,,,"https://images.ulta.com/is/image/Ulta/2296930?id=KuCaA0&fmt=jpg&fit=constrain,1&wid=260&hei=351&op_sharpen=1&resMode=bilin",matte peach,peach,peach,,,,,,,,,,matte,,,,,,
blush,lunar beauty nude prism blush peachy,lunar beauty,nude prism blush,peachy,,TRUE,,matte light peach,light peach,peach,,,,,,,light,,,matte,,,,,,
blush,lys beauty higher standard satin matte cream blush classy,lys beauty,higher standard satin matte cream blush,classy,TRUE,TRUE,https://lysbeauty.com/cdn/shop/products/Higher_Standards_Open_CLASSY___Swatch_300dpi.jpg?v=1717708286&width=1512,coral peach,coral peach,coral peach,,,,,,,,,,,,,,,,
blush,mac cosmetics cinderella iridescent powder coupe d'chic,mac cosmetics,cinderella iridescent powder,coupe d'chic,,,https://dy6g3i6a1660s.cloudfront.net/Md46xCHA7LvSORzx4IUcgQR-BH4/p_550x550-d8/mac-cinderella-iridescent-powder.jpg,light golden peach with solid shimmer,golden peach,golden peach,,,,,,,light,,,shimmer,,,,,,
blush,mac cosmetics extra dimension blush hushed tone,mac cosmetics,extra dimension blush,hushed tone,,,https://media.ulta.com/i/ulta/2510930_sm?w=1298&h=1298,neutralized pink peach,neutral pink peach,pink peach,,,,neutral,,,,,,,,,,,,
blush,mac cosmetics glow play blush that's peachy,mac cosmetics,glow play blush,that's peachy,,,,light peach,light peach,peach,,,,,,,light,,,,,,,,,
blush,mac cosmetics mineralize blush new romance,mac cosmetics,mineralize blush,new romance,,,,peach,peach,peach,,,,,,,,,,,,,,,,
blush,mac cosmetics powder blush buff,mac cosmetics,powder blush,buff,,,,soft muted pinkish-peach (matte),pink peach,pink peach,,,,,,,soft,,muted,matte,,,,,,
blush,mac cosmetics powder blush easy manner,mac cosmetics,powder blush,easy manner,,,,light dirty peach,light dirty peach,peach,,,,,,,light,,dirty,,,,,,,
blush,mac cosmetics powder blush immortal flower,mac cosmetics,powder blush,immortal flower,,,,bright peach,bright peach,peach,,,,,,,bright,,,,,,,,,
blush,mac cosmetics powder blush launch away!,mac cosmetics,powder blush,launch away!,,,,true peach,peach,peach,,,,,,true,,,,,,,,,,
blush,mac cosmetics powder blush margin,mac cosmetics,powder blush,margin,,,,peach with golden shimmer (frost),peach,peach,,,,,,,,,,shimmer,frost,,golden,,,
blush,mac cosmetics powder blush melba,mac cosmetics,powder blush,melba,,,https://sdcdn.io/mac/us/mac_sku_M22017_1x1_4.png?width=1080&height=1080,soft coral-peach,soft coral peach,coral peach,,,,,,,soft,,,,,,,,,
blush,mac cosmetics powder blush peaches,mac cosmetics,powder blush,peaches,,,https://media.ulta.com/i/ulta/2510876_sm?w=1080&h=1080&fmt=auto,pure peach,peach,peach,,,,,,pure,,,,,,,,,,
blush,mac cosmetics powder blush peachtwist,mac cosmetics,powder blush,peachtwist,,,,golden peach,golden peach,golden peach,,,,,,,,,,,,,,,,
blush,mac cosmetics powder blush peachykeen,mac cosmetics,powder blush,peachykeen,,,,very baby peach,baby peach,peach,,,,,,,baby,,,,,,,,,
blush,mac cosmetics powder blush pinch o peach,mac cosmetics,powder blush,pinch o peach,,,,wash of warm peach,warm peach,peach,,,,warm,,,,,,,,,,,,
blush,mac cosmetics powder blush springsheen,mac cosmetics,powder blush,springsheen,,,,golden tawny peach (sheertone shimmer),golden tawny peach,golden tawny peach,,,,,,,,,,sheer,shimmer,,,,,
blush,mac cosmetics powder blush style,mac cosmetics,powder blush,style,,,,coral-peach with gold pearl (frost),coral peach,coral peach,,,,,,,,,,frost,,,gold,pearl,,
blush,mac cosmetics powder blush sunbasque,mac cosmetics,powder blush,sunbasque,,,"https://slimages.macysassets.com/is/image/MCY/products/5/optimized/15135905_fpx.tif?op_sharpen=1&wid=500&hei=611&fit=fit,1&fmt=webp",peach with pearl,peach,peach,,,,,,,,,,,,,pearl,,,
blush,mac cosmetics sheertone blush peaches,mac cosmetics,sheertone blush,peaches,,,,pure peach,peach,peach,,,,,,pure,,,,,,,,,,
blush,mac cosmetics sheertone shimmer blush peach twist,mac cosmetics,sheertone shimmer blush,peach twist,,,https://www.maccosmetics.com/media/export/cms/products/640x600/mac_sku_M4RM18_640x600_0.jpg,golden peach,golden peach,golden peach,,,,,,,,,,,,,,,,
blush,mac cosmetics sheertone shimmer blush peachykeen,mac cosmetics,sheertone shimmer blush,peachykeen,,,https://www.maccosmetics.com/media/export/cms/products/640x600/mac_sku_M4RM07_640x600_0.jpg,very baby peach,baby peach,peach,,,,,,,baby,,,,,,,,,
blush,mac cosmetics sheertone shimmer blush sunbasque,mac cosmetics,sheertone shimmer blush,sunbasque,,,https://www.maccosmetics.com/media/export/cms/products/640x600/mac_sku_M4RM10_640x600_0.jpg,peach with pearl,peach,peach,,,,,,,,,,,,,pearl,,,
blush,made by mitchell blursh liquid blusher papaya pudding,made by mitchell,blursh liquid blusher,papaya pudding,,,,red-peach with a slight golden undertone,golden red peach,golden red peach,,,,slight golden,,,slight,,,,,,,,,
blush,"make up for ever artist face color highlight, sculpt and blush powder b302",make up for ever,"artist face color highlight, sculpt and blush powder",b302,,,https://www.sephora.com/productimages/sku/s1972645-main-zoom.jpg?imwidth=1000,shimmery peach,peach,peach,,,,,,,,,,shimmery,,,,,,
blush,make up for ever artist longwear skin-fusing powder blush b200 rebel blossom,make up for ever,artist longwear skin-fusing powder blush,b200 rebel blossom,,,,pale peach with light gold shimmer,pale peach,peach,,,,,,,pale,,,shimmer,,,light,gold,,
blush,make up for ever artist longwear skin-fusing powder blush b300 anywhere peach,make up for ever,artist longwear skin-fusing powder blush,b300 anywhere peach,,,,matte light peach,light peach,peach,,,,,,,light,,,matte,,,,,,
blush,makeup by mario soft pop blush stick soft coral,makeup by mario,soft pop blush stick,soft coral,,,,peachy pop,peach,peach,,,,,,,,,,,,,,,,
blush,makeup by mario soft pop powder blush creamy peach,makeup by mario,soft pop powder blush,creamy peach,,,,"soft muted peach, shimmer finish",soft muted peach,peach,,,,,,,soft,,muted,shimmer,,,,,,
blush,makeup geek blush bliss,makeup geek,blush,bliss,,,,"true peach blush, perfect for porcelain and fair skin tones",peach,peach,,fair,,,,true,,,,,,,,,,
blush,makeup obsession isn't it peachy blush palette,makeup obsession,isn't it peachy blush palette,,,,https://www.revolutionbeauty.com/dw/image/v2/BCZJ_PRD/on/demandware.static/-/Sites-revbe-master-catalog/default/dw9405742b/images/hi-res/1105613_2.jpg,two warm peachy matte blushes,warm peach,peach,,,,warm,,,,,,matte,,,,,,
blush,makeup obsession isn't it peachy blush palette,makeup obsession,isn't it peachy blush palette,,,,https://www.revolutionbeauty.com/dw/image/v2/BCZJ_PRD/on/demandware.static/-/Sites-revbe-master-catalog/default/dw9405742b/images/hi-res/1105613_2.jpg,glitter flecked pale peach matte,pale peach,peach,,,,,,,pale,,,matte,,,glitter flecked,,,
blush,makeup revolution blush & lift liquid blush peaches,makeup revolution,blush & lift liquid blush,peaches,,,,peach,peach,peach,,,,,,,,,,,,,,,,
blush,makeup revolution cheek & lip tint duo stick no. 1 crush,makeup revolution,cheek & lip tint duo stick,no. 1 crush,,,,soft peach,soft peach,peach,,,,,,,soft,,,,,,,,,
blush,makeup revolution vintage lace blush palette,makeup revolution,vintage lace blush palette,,,,,pretty pink and peach tones,peach,peach,,,,,,,,,,,,,,,,
blush,manasi 7 all over colour densuke,manasi 7,all over colour,densuke,,TRUE,https://cdn.shopify.com/s/files/1/2235/4359/products/manasi-7-all-over-colour-densuke-002_1800x.jpg?v=1683535229,light coral peach,light coral peach,coral peach,,,,,,,light,,,,,,,,,
blush,marc jacobs beauty o!mega x three powder blush-bronze-highlight palette tan-tastic glo!,marc jacobs beauty,o!mega x three powder blush-bronze-highlight palette,tan-tastic glo!,,,,golden peach shimmer,golden peach,golden peach,,,,,,,,,,shimmer,,,,,,
blush,maréna beauté blush tarou marron peach,maréna beauté,blush tarou,marron peach,,,,radiant warm peach,warm peach,peach,,,,warm,,,,,,radiant,,,,,,
blush,maria orbai tinted cheek balm soft peach,maria orbai,tinted cheek balm,soft peach,,,,soft peach,soft peach,peach,,,,,,,soft,,,,,,,,,
blush,maybelline fit me blush 40 peach,maybelline,fit me blush,40 peach,,,"https://images.ulta.com/is/image/Ulta/2510263?id=vXiaF3&fmt=jpg&fit=constrain,1&wid=260&hei=280&op_sharpen=1&resMode=bilin",peach,peach,peach,,,,,,,,,,,,,,,,
blush,melt cosmetics cream blushlight honey thief,melt cosmetics,cream blushlight,honey thief,,,https://www.sephora.com/productimages/sku/s2229565-main-zoom.jpg?imwidth=1000,neutral peach,neutral peach,peach,,,,neutral,,,,,,,,,,,,
blush,melt cosmetics monarca blush palette feliz,melt cosmetics,monarca blush palette,feliz,,,,golden peach,golden peach,golden peach,,,,,,,,,,,,,,,,
blush,melt cosmetics monarca blush palette milagritos,melt cosmetics,monarca blush palette,milagritos,,,,matte soft peach,soft peach,peach,,,,,,,soft,,,matte,,,,,,
blush,mented cosmetics blush peach for the stars,mented cosmetics,blush,peach for the stars,,TRUE,"https://images.ulta.com/is/image/Ulta/2578472?id=H82b-1&fmt=jpg&fit=constrain,1&wid=260&hei=273&op_sharpen=1&resMode=bilin",radiant shimmery peach,peach,peach,,,,,,,,,,radiant,shimmery,,,,,
blush,merit flush balm cream blush beverly hills,merit,flush balm cream blush,beverly hills,TRUE,,https://www.sephora.com/productimages/sku/s2743763-av-2-zoom.jpg?imwidth=1224,soft peach,soft peach,peach,,,,,,,soft,,,,,,,,,
blush,milani baked blush 05 luminoso,milani,baked blush,05 luminoso,,,https://target.scene7.com/is/image/Target/GUEST_6814c6ab-758e-461d-b782-61d5b4999d4a?fmt=webp&wid=1400&qlt=80,luminous peach with satin finish,peach,peach,,,,,,,,,,luminous,satin,,,,,
blush,milani rose powder blush 08 tea rose,milani,rose powder blush,08 tea rose,,,,matte light nude-peach,light nude peach,nude peach,,,,,,,light,,,matte,,,,,,
blush,mineral fusion 3-in-1 color stick terra cotta,mineral fusion,3-in-1 color stick,terra cotta,,,,peach with shimmer,peach,peach,,,,,,,,,,shimmer,,,,,,
blush,mineral fusion blush pale,mineral fusion,blush,pale,,,,shimmering peach,peach,peach,,,,,,,,,,shimmering,,,,,,
blush,morphe 2 wondertint cheek & lip mousse dream,morphe 2,wondertint cheek & lip mousse,dream,,,,soft peach,soft peach,peach,,,,,,,soft,,,,,,,,,
blush,morphe 8c cool master blush palette sexy,morphe,8c cool master blush palette,sexy,,,,sugared peach,peach,peach,,,,,,sugared,,,,,,,,,,
blush,morphe 8w warm master blush palette babe,morphe,8w warm master blush palette,babe,,,,lustrous peach,peach,peach,,,,,,lustrous,,,,lustrous,,,,,,
blush,morphe blushing babes pop of blush - sexy,morphe,blushing babes,pop of blush - sexy,,,,sugared peach,peach,peach,,,,,,sugared,,,,,,,,,,
blush,morphe wondertint cheek & lip mousse dream,morphe,wondertint cheek & lip mousse,dream,,,,soft peach,soft peach,peach,,,,,,,soft,,,,,,,,,
blush,nabla blossom blush nectarine,nabla,blossom blush,nectarine,,,https://images.beautybay.com/eoaaqxyywn6o/NABL0176F_1.jpg_s3.lmb_grwrz4/e25af3b7f29aadb1de8e12b773a74a40/NABL0176F_1.jpg?w=700&fm=jpg&fl=progressive&q=70,peach sorbet,peach,peach,,,,,,sorbet,,,,,,,,,,
blush,nars afterglow liquid blush brazen,nars,afterglow liquid blush,brazen,,,,coral peach,coral peach,coral peach,,,,,,,,,,,,,,,,
blush,nars air matte sheer cream blush rush,nars,air matte sheer cream blush,rush,,,https://www.sephora.com/productimages/sku/s2417699-av-01-zoom.jpg?imwidth=612,sheer matte peach,peach,peach,,,,,,,,,,sheer,matte,,,,,
blush,nars blush 4033,nars,blush,4033,,,,soft peach,soft peach,peach,,,,,,,soft,,,,,,,,,
blush,nars blush deep throat,nars,blush,deep throat,,,https://www.sephora.com/productimages/sku/s652347-main-zoom.jpg?imwidth=612,peach with shimmer,peach,peach,,,,,,,,,,shimmer,,,,,,
blush,nars blush sex appeal,nars,blush,sex appeal,,,https://www.sephora.com/productimages/sku/s2756344-av-1-zoom.jpg?imwidth=1224,soft peach,soft peach,peach,,,,,,,soft,,,,,,,,,
blush,nars exposed cheek palette make you mine,nars,exposed cheek palette,make you mine,,,,satin peach,peach,peach,,,,,,,,,,satin,,,,,,
blush,nars wild thing face palette goddess complex,nars,wild thing face palette,goddess complex,,,https://www.narscosmetics.co.uk/fstrz/r/s/www.narscosmetics.co.uk/dw/image/v2/BCMQ_PRD/on/demandware.static/-/Sites-itemmaster_NARS/en_GB/dwca663296/hi-res/0607845011880.jpg?sw=856&sh=750&sm=fit&frz-v=694,golden shimmering peach,golden peach,golden peach,,,,,,,,,,shimmering,,,,,,
blush,natasha denona bloom cheek palette glow cream base in peach,natasha denona,bloom cheek palette,glow cream base in peach,,,,natural peach,peach,peach,,,,,,natural,,,,,,,,,,
blush,natasha denona blush duo 01 toutou,natasha denona,blush duo,01 toutou,,,,peach toned shimmer,peach,peach,,,,,,,,,,shimmer,,,,,,
blush,natasha denona blush duo 07 neutral beige,natasha denona,blush duo,07 neutral beige,,,,champagne peach shimmer,champagne peach,champagne peach,,,,,,,,,,shimmer,,,,,,
blush,natasha denona blush duo 08 peach,natasha denona,blush duo,08 peach,,,,champagne peach shimmer,champagne peach,champagne peach,,,,,,,,,,shimmer,,,,,,
blush,natasha denona blush duo 08 peach,natasha denona,blush duo,08 peach,,,,warm peach with shimmer,warm peach,peach,,,,warm,,,,,,shimmer,,,,,,
blush,natasha denona blush duo 09 matte peachy nude,natasha denona,blush duo,09 matte peachy nude,,,,champagne peach shimmer,champagne peach,champagne peach,,,,,,,,,,shimmer,,,,,,
blush,natasha denona blush duo 10 sheer peachy nude,natasha denona,blush duo,10 sheer peachy nude,,,,champagne peach shimmer,champagne peach,champagne peach,,,,,,,light,,,shimmer,,,,,,
blush,natasha denona blush duo 11 burnt orange,natasha denona,blush duo,11 burnt orange,,,,champagne peach shimmer,champagne peach,champagne peach,,,,,,,,,,shimmer,,,,,,
blush,natasha denona blush duo 12 warm golden berry,natasha denona,blush duo,12 warm golden berry,,,,champagne peach shimmer,champagne peach,champagne peach,,,,,,,,,,shimmer,,,,,,
blush,natasha denona blush duo 13 golden carribean coral,natasha denona,blush duo,13 golden carribean coral,,,https://www.sephora.com/productimages/sku/s1909571-main-zoom.jpg?imwidth=612,champagne peach shimmer,champagne peach,champagne peach,,,,,,,,,,shimmer,,,,,,
blush,natasha denona blush duo 14 golden coral,natasha denona,blush duo,14 golden coral,,,,champagne peach shimmer,champagne peach,champagne peach,,,,,,,,,,shimmer,,,,,,
blush,natasha denona blush duo 15 sheer nude,natasha denona,blush duo,15 sheer nude,,,,champagne peach shimmer,champagne peach,champagne peach,,,,,,,,,,shimmer,,,,,,
blush,natasha denona blush duo 16 matte nude,natasha denona,blush duo,16 matte nude,,,,champagne peach shimmer,champagne peach,champagne peach,,,,,,,,,,shimmer,,,,,,
blush,natasha denona blush duo 17 fresh tan,natasha denona,blush duo,17 fresh tan,,,,champagne peach shimmer,champagne peach,champagne peach,,,,,,,,,,shimmer,,,,,,
blush,natasha denona blush duo 18 dark berry,natasha denona,blush duo,18 dark berry,,,,champagne peach shimmer,champagne peach,champagne peach,,,,,,,,,,shimmer,,,,,,
blush,natasha denona blush duo 19 strawberry cheeks,natasha denona,blush duo,19 strawberry cheeks,,,,champagne peach shimmer,champagne peach,champagne peach,,,,,,,,,,shimmer,,,,,,
blush,neen going rouge cheek & lip cream mellow,neen,going rouge cheek & lip cream,mellow,,,,neutral deep peach,neutral deep peach,peach,,,,neutral,,,deep,,,,,,,,,
blush,note cosmetique luminous silk compact blusher 04 soft peach,note cosmetique,luminous silk compact blusher,04 soft peach,,,,soft peach,soft peach,peach,,,,,,,soft,,,,,,,,,
blush,nudestix cream lip + cheek pencil ripe,nudestix,cream lip + cheek pencil,ripe,,,"https://images.ulta.com/is/image/Ulta/2508053?id=N3oaS3&fmt=jpg&fit=constrain,1&wid=226&hei=360&op_sharpen=1&resMode=bilin",coral peach,coral peach,coral peach,,,,,,,,,,,,,,,,
blush,nudestix gel color lip + cheek balm haven,nudestix,gel color lip + cheek balm,haven,TRUE,,NO IMG URL,warm glossy nude peach,warm nude peach,nude peach,,,,warm,,,,,,glossy,,,,,,
blush,nudestix nudies bloom all over dewy face color sweet peach peony,nudestix,nudies bloom all over dewy face color,sweet peach peony,TRUE,,,neutral soft peach,neutral soft peach,peach,,,,neutral,,,soft,,,,,,,,,
blush,nudestix nudies cream blush all-over-face color in the nude,nudestix,nudies cream blush all-over-face color,in the nude,TRUE,,https://www.sephora.com/productimages/sku/s1897917-main-zoom.jpg?imwidth=60,warm nude peach,warm nude peach,nude peach,,,,warm,,,,,,,,,,,,
blush,nudestix nudies cream blush all-over-face color nude peach,nudestix,nudies cream blush all-over-face color,nude peach,TRUE,,https://www.sephora.com/productimages/sku/s2328870-main-zoom.jpg?imwidth=1000,warm fresh peach,warm peach,peach,,,,warm,,fresh,,,,,,,,,,
blush,oden's eye alva fruit blusher m1204 sweet peach,oden's eye,alva fruit blusher,m1204 sweet peach,,,,soft peach,soft peach,peach,,,,,,,soft,,,,,,,,,
blush,oden's eye solmåne ii sunlight love blusher w102 peach gleam,oden's eye,solmåne ii sunlight love blusher,w102 peach gleam,,,,peach shimmer,peach,peach,,,,,,,,,,shimmer,,,,,,
blush,ofra cosmetics liquid blush loyal,ofra cosmetics,liquid blush,loyal,,,https://images.ctfassets.net/jfmoo9v2wmty/4TRaf1UiAUC4wdT3mtFn1j/cb6c08bb65538ffc1c969e6005fbaa89/Loyal-Liquid-Blush.png?w=700&fm=webp,light warm peach,light warm peach,peach,,,,warm,,,light,,,,,,,,,
blush,ofra cosmetics liquid blush truly,ofra cosmetics,liquid blush,truly,,,https://images.ctfassets.net/jfmoo9v2wmty/6nQP37n1vBpgMUQC7vYeZT/1ef99410466fa2930d09ae467dea79b6/Truly-Liquid-Blush.png?w=700&fm=webp,warm tan peach,warm tan peach,tan peach,,,,warm,,,,,,,,,,,,
blush,ofra cosmetics pressed blush apricot,ofra cosmetics,pressed blush,apricot,,,,pale peachy tone with shimmer,pale peach,peach,,,,,,,pale,,,shimmer,,,,,,
blush,ofra cosmetics pressed blush chameleon,ofra cosmetics,pressed blush,chameleon,,,https://images.ctfassets.net/jfmoo9v2wmty/4XCpKszt8nc1q0p3IJUFk1/45fc0ef00f3363cbcee860e59a322399/chameleon-blush-4g.png?w=700&fm=webp,dusty peach,peach,peach,,,,,,,,,dusty,,,,,,,
blush,ofra cosmetics pressed blush charm,ofra cosmetics,pressed blush,charm,,,,natural peach matte,peach,peach,,,,,,natural,,,,matte,,,,,,
blush,ofra cosmetics pressed blush ollie need is love,ofra cosmetics,pressed blush,ollie need is love,,,https://images.ctfassets.net/jfmoo9v2wmty/3UCw6TE8MOIbKKNiH33Yn3/5b408b57f22f4c81d35ec002d1b309a2/ollie-need-is-love-blush-10g.png?w=700&fm=webp,terracotta peach,terracotta peach,terracotta peach,,,,,,,,,,,,,,,,
blush,ofra cosmetics x madison miller blush ollie need is love,ofra cosmetics,x madison miller blush,ollie need is love,,,,terracotta peach with a hint of sheen,terracotta peach,terracotta peach,,,,,,,,,,,,,,,,
blush,one/size by patrick starrr cheek clapper 3d blush trio palette freaky peach,one/size by patrick starrr,cheek clapper 3d blush trio palette,freaky peach,,TRUE,,coral peach,coral peach,coral peach,,,,,,,,,,,,,,,,
blush,pac cosmetics spotlight blusher leading lady,pac cosmetics,spotlight blusher,leading lady,,TRUE,,vibrant blushed peach,vibrant blush peach,blush peach,,,,,,blushed,vibrant,,,,,,,,,
blush,patrick ta major beauty headlines double take creme & powder blush duo do we know her?,patrick ta,major beauty headlines double take creme & powder blush duo,do we know her?,,TRUE,https://storage.googleapis.com/glide-prod.appspot.com/uploads-v2/xJTS2nQmDPn7m1uvUili/pub/9mTnJHHmPWRaoYJMzapj.webp,neutral peach,neutral peach,peach,,,,neutral,,,,,,,,,,,,
blush,patrick ta major beauty headlines double take creme & powder blush duo she's the moment,patrick ta,major beauty headlines double take creme & powder blush duo,she's the moment,,TRUE,https://www.sephora.com/productimages/sku/s2742567-av-1-zoom.jpg?imwidth=1224,golden peach,golden peach,golden peach,,,,,,,,,,,,,,,,
blush,patrick ta monochrome moment velvet blush she's adorable,patrick ta,monochrome moment velvet blush,she's adorable,,TRUE,https://www.sephora.com/productimages/sku/s2281764-main-zoom.jpg?imwidth=1000,golden peach,golden peach,golden peach,,,,,,,,,,,,,,,,
blush,patrick ta monochrome moment velvet blush she's sincere,patrick ta,monochrome moment velvet blush,she's sincere,,TRUE,https://storage.googleapis.com/glide-prod.appspot.com/uploads-v2/xJTS2nQmDPn7m1uvUili/pub/hM9YOhj7ghhw4ElWp5GS.webp,soft peach,soft peach,peach,,,,,,,soft,,,,,,,,,
blush,persona dreamstick cream blush bloom,persona,dreamstick cream blush,bloom,,,https://personacosmetics.com/cdn/shop/files/Bloom_swatch2_1000x.jpg?v=1693408981,neutral peach with a slight pink undertone ideal for fair to medium-tan skin tones,neutral pink peach,pink peach,,fair to medium tan,,neutral,slight pink,,,,,,,,,,,
blush,persona super blush georgia,persona,super blush,georgia,,,"https://images.ulta.com/is/image/Ulta/2565796?id=nwwax1&fmt=jpg&fit=constrain,1&wid=260&hei=258&op_sharpen=1&resMode=bilin",sun-kissed peach,peach,peach,,,,,,sun-kissed,,,,,,,,,,
blush,petite 'n pretty 9021-bungalow! eye & cheek palette tropcali,petite 'n pretty,9021-bungalow! eye & cheek palette,tropcali,,,,matte peach,peach,peach,,,,,,,,,,matte,,,,,,
blush,phase zero makeup powder blusher cosmo,phase zero makeup,powder blusher,cosmo,,,,rosey peach hue with warm undertones,warm rose peach,rose peach,,,,warm,,,,,,,,,,,,
blush,phytosurgence skin spark toasted blush evaporate (aka toasted smolder),phytosurgence,skin spark toasted blush,evaporate (aka toasted smolder),,,,neutral smoky peach,neutral smoky peach,peach,,,,neutral,,,,,smoky,,,,,,,
blush,pley beauty one stop pop plush powder blush golden hour,pley beauty,one stop pop plush powder blush,golden hour,,,,peach,peach,peach,,,,,,,,,,,,,,,,
blush,r.e.m. beauty hypernova satin matte blush peach planet,r.e.m. beauty,hypernova satin matte blush,peach planet,,,https://media.ulta.com/i/ulta/2613123?w=720&h=720&fmt=webp,soft peach,soft peach,peach,,,,,,,soft,,,,,,,,,
blush,rare beauty by selena gomez soft pinch liquid blush joy,rare beauty by selena gomez,soft pinch liquid blush,joy,,TRUE,https://www.sephora.com/productimages/sku/s2354140-av-02-zoom.jpg?imwidth=612,dewy muted peach,peach,peach,,,,,,,,,muted,dewy,,,,,,
blush,rare beauty by selena gomez soft pinch liquid blush virtue,rare beauty by selena gomez,soft pinch liquid blush,virtue,,TRUE,,beige peach,beige peach,beige peach,,,,,,,,,,,,,,,,
blush,rare beauty by selena gomez soft pinch luminous powder blush joy,rare beauty by selena gomez,soft pinch luminous powder blush,joy,,TRUE,,muted peach,peach,peach,,,,,,,,,muted,,,,,,,
blush,revolution pro crystal luxe face palette peach royale,revolution pro,crystal luxe face palette,peach royale,,,,soft peach,soft peach,peach,,,,,,,soft,,,,,,,,,
blush,rms beauty redimension hydra powder blush bohemian girl,rms beauty,redimension hydra powder blush,bohemian girl,TRUE,,,70’s peach,peach,peach,,,,,,,,,,,,,,,,
blush,róen beauty cheeky cream blush peach flush,róen beauty,cheeky cream blush,peach flush,TRUE,,,soft peach,soft peach,peach,,,,,,,soft,,,,,,,,,
blush,rose inc cream blush refillable cheek & lip color delphine,rose inc,cream blush refillable cheek & lip color,delphine,TRUE,,,muted peach,peach,peach,,,,,,,,,muted,,,,,,,
blush,saie glow sculpt multi-use cream highlighting blush peachglow,saie,glow sculpt multi-use cream highlighting blush,peachglow,TRUE,,,warm pinky peach,warm pink peach,pink peach,,,,warm,,,,,,,,,,,,
blush,saint cosmetics radiant finish blush living coral,saint cosmetics,radiant finish blush,living coral,,,,peach velvet finish,peach,peach,,,,,,,,,,velvet,,,,,,
blush,saint cosmetics radiant finish blush pink sunset,saint cosmetics,radiant finish blush,pink sunset,,,,golden peach radiant finish,golden peach,golden peach,,,,,,,,,,radiant,,,,,,
blush,sappho new paradigm unabashed blush natalie,sappho new paradigm,unabashed blush,natalie,,,,"peachy fresh blush, suitable for all skin tones, matte satin finish",peach,peach,,universal,,,,fresh,,,,matte,satin,,,,,
blush,sheglam sweet cheeks blush trio sunset cruise,sheglam,sweet cheeks blush trio,sunset cruise,,,,peach,peach,peach,,,,,,,,,,,,,,,,
blush,shiseido innerglow cheek makeup: blush & highlighter alpen glow 06,shiseido,innerglow cheek makeup: blush & highlighter,alpen glow 06,,TRUE,https://shiseido.ipscdn.net/sa2/dw/image/v2/BBSK_PRD/on/demandware.static/-/Sites-itemmaster_shiseido/default/dw7e87f4a4/images/alt1/0730852148871.jpg?sw=800&sh=800&sm=fit,soft peach,soft peach,peach,,,,,,,soft,,,,,,,,,
blush,shiseido minimalist whipped powder blush momoko 03,shiseido,minimalist whipped powder blush,momoko 03,,TRUE,,peach,peach,peach,,,,,,,,,,,,,,,,
blush,simihaze beauty solar tint cream blush duo tropic,simihaze beauty,solar tint cream blush duo,tropic,,TRUE,,peach,peach,peach,,,,,,,,,,,,,,,,
blush,simihaze beauty sun flush all-over face tint liquid blush peach,simihaze beauty,sun flush all-over face tint liquid blush,peach,,TRUE,,peach,peach,peach,,,,,,,,,,,,,,,,
blush,sisley paris l'orchidee highlighter blush veil,sisley paris,l'orchidee highlighter blush,veil,,,,bronzed peach with a luminous finish,peach,peach,,,,,,bronzed,,,,luminous finish,,,,,,
blush,skinglass cream blush soft,skinglass,cream blush,soft,,TRUE,,soft light peach,soft light peach,peach,,,,,,,light,soft,,,,,,,,
blush,skinglass cream blush spicy,skinglass,cream blush,spicy,,TRUE,,"medium-dark peach (depending on skin tone, if you’re light-medium olive/tan undertone- this will show up more of an orange-peach. If you’re golden/medium deep undertone this will show up more pinky-peach)",peach,peach,,,,,,,,medium-dark,,,,,golden,,,
blush,smith & cult flash flush cream velvet blush universal peach,smith & cult,flash flush cream velvet blush,universal peach,,,"https://images.ulta.com/is/image/Ulta/2543904?id=BJ_aL1&fmt=jpg&fit=constrain,1&wid=260&hei=271&op_sharpen=1&resMode=bilin",universal peach,peach,peach,,universal,,,,,,,,,,,,,,
blush,smith & cult flash flush powder blush universal peach,smith & cult,flash flush powder blush,universal peach,,,"https://images.ulta.com/is/image/Ulta/2543079?id=5qVan2&fmt=jpg&fit=constrain,1&wid=260&hei=271&op_sharpen=1&resMode=bilin",universal peach,peach,peach,,universal,,,,,,,,,,,,,,
blush,sosu cosmetics blush on the go cream stick peach,sosu cosmetics,blush on the go cream stick,peach,,,,soft peach,soft peach,peach,,,,,,,soft,,,,,,,,,
blush,sosu cosmetics liquid blush peach,sosu cosmetics,liquid blush,peach,,,,peach,peach,peach,,,,,,,,,,,,,,,,
blush,stila complete harmony lip & cheek stick sheer petunia,stila,complete harmony lip & cheek stick,sheer petunia,,,,coral peach,coral peach,coral peach,,,,,,,,,,,,,,,,
blush,stila convertible color gerbera,stila,convertible color,gerbera,,,"https://images.ulta.com/is/image/Ulta/2507533?id=SHya_1&fmt=jpg&fit=constrain,1&wid=260&hei=259&op_sharpen=1&resMode=bilin",rosey pinky peach,rose pink peach,rose pink peach,,,,,,,,,,,,,,,,
blush,stila convertible color petunia,stila,convertible color,petunia,,,https://images.ulta.com/is/image/Ulta/2153892sm?op_sharpen=1&resMode=bilin&qlt=85&wid=1000&hei=1000&fmt=webp,coral peach cream,coral peach,coral peach,,,,,,,,,,cream,,,,,,
blush,stilazzi bahamas blush palette rum punch,stilazzi,bahamas blush palette,rum punch,,,,golden-peach sheen,golden peach,golden peach,,,,,,,,,,,,,,,,
blush,stilazzi barbados blush palette papaya,stilazzi,barbados blush palette,papaya,,,,rosey peach with golden sheen,rose peach,rose peach,,,,,,,,,,,,,golden,,,
blush,sunnies face airblush peached,sunnies face,airblush,peached,,TRUE,,warm peach,warm peach,peach,,,,warm,,,,,,,,,,,,
blush,surratt beauty artistique blush angelique,surratt beauty,artistique blush,angelique,,TRUE,https://www.surrattbeauty.com/cdn/shop/products/Surratt-Artistique-Blush-Angelique-SB016-09_02_4e1741da-8952-43de-b01d-d9a70b6a9536.jpg?v=1583431316,golden peach,golden peach,golden peach,,,,,,,,,,,,,,,,
blush,surratt beauty artistique blush duchesse,surratt beauty,artistique blush,duchesse,,TRUE,,soft peach,soft peach,peach,,,,,,,soft,,,,,,,,,
blush,surratt beauty artistique blush peau de peche,surratt beauty,artistique blush,peau de peche,,TRUE,https://www.surrattbeauty.com/cdn/shop/products/Surratt-Artistique-Blush-Peau-De-Peche-SB016-19_02_d850a8fb-95c5-4e04-8c07-aee76e092e61.jpg?v=1583431228,true peach,peach,peach,,,,,,true,,,,,,,,,,
blush,tarte amazonian clay 12-hour blush captivating,tarte,amazonian clay 12-hour blush,captivating,,,https://www.sephora.com/productimages/sku/s1604917-main-zoom.jpg?imwidth=1224,bright peach,bright peach,peach,,,,,,,bright,,,,,,,,,
blush,tarte amazonian clay 12-hour blush peaceful,tarte,amazonian clay 12-hour blush,peaceful,,,,soft nude peach,soft nude peach,nude peach,,,,,,,soft,,,,,,,,,
blush,tarte amazonian clay 12-hour blush white peach,tarte,amazonian clay 12-hour blush,white peach,,,,soft peach,soft peach,peach,,,,,,,soft,,,,,,,,,
blush,temptu perfect canvas airpod blush dahlia,temptu,perfect canvas airpod blush,dahlia,,,,universally flattering peachy shade infused with a subtle gold fleck for all skin tones,peach,peach,,universal,,,,,,,,,,,subtle,gold,,
blush,the beauty crop glow milk powder blush glistening gardenia,the beauty crop,glow milk powder blush,glistening gardenia,,,,faint peach,faint peach,peach,,,,,,,faint,,,,,,,,,
blush,tom ford shade & illuminate blush duo cherry blaze,tom ford,shade & illuminate blush duo,cherry blaze,,,,peach,peach,peach,,,,,,,,,,,,,,,,
blush,tom ford shade & illuminate blush duo explicit flush,tom ford,shade & illuminate blush duo,explicit flush,,,https://www.sephora.com/productimages/sku/s2475002-main-zoom.jpg?imwidth=1224,neutral peach with shimmer,neutral peach,peach,,,,neutral,,,,,,shimmer,,,,,,
blush,tom ford shade & illuminate blush duo explicit flush,tom ford,shade & illuminate blush duo,explicit flush,,,,pinky peach,pink peach,pink peach,,,,,,,,,,,,,,,,
blush,tom ford shade & illuminate blush duo sun drunk,tom ford,shade & illuminate blush duo,sun drunk,,,,soft peach,peach,peach,,,,,,,soft,,,,,,,,,
blush,too faced cloud crush blurring blush tequila sunset,too faced,cloud crush blurring blush,tequila sunset,,,,muted peach,peach,peach,,,,,,,,,muted,,,,,,,
blush,tower 28 beauty beachplease lip + cheek balm rush hour,tower 28 beauty,beachplease lip + cheek balm,rush hour,TRUE,TRUE,https://www.sephora.com/productimages/sku/s2436665-main-zoom.jpg?imwidth=612,sun-kissed peach,peach,peach,,,,,,sun-kissed,,,,,,,,,,
blush,trinny london lip2cheek lady j,trinny london,lip2cheek,lady j,,,,soft neutral peach,neutral peach,peach,,,,neutral,,,soft,,,,,,,,,
blush,urban decay hydromaniac dewy liquid blush obsessed,urban decay,hydromaniac dewy liquid blush,obsessed,,,,coral peach,coral peach,coral peach,,,,,,,,,,,,,,,,
blush,"urban decay stay naked threesome blush, bronzer, & highlighter palette rise",urban decay,"stay naked threesome blush, bronzer, & highlighter palette",rise,,,"https://images.ulta.com/is/image/Ulta/2556546?id=HaSar2&fmt=jpg&fit=constrain,1&wid=260&hei=171&op_sharpen=1&resMode=bilin",pale bronze peachy shimmer bright pink,peach,peach,,,,,,,,,,shimmer,,,,,,
blush,vasanti cosmetics blush duo life is a peach,vasanti cosmetics,blush duo,life is a peach,,TRUE,,golden peach flush,golden peach flush,golden peach flush,,,,,,flush,,,,,,,,,,
blush,velvet concepts rouge stick power,velvet concepts,rouge stick,power,,,https://images.squarespace-cdn.com/content/v1/5782ebec46c3c42c5278feee/1568613769008-KNZM12RATYXZ4VCJ0PDB/rougestick-power-swatch.jpg?format=1500w,perfect peach,peach,peach,,,,,,perfect,,,,,,,,,,
blush,vieve muse sunset blush balm pesca,vieve muse,sunset blush balm,pesca,,,https://www.vieve.us/cdn/shop/products/vieve-pesca-peach-cream-blush-balm-5.jpg?v=1691156943&width=1100,peach,peach,peach,,,,,,,,,,,,,,,,
blush,vieve muse sunset blush pesca,vieve muse,sunset blush,pesca,,,,soft peach blush,peach,peach,,,,,,,soft,,,,,,,,,
blush,w3ll people nudist multi-use stick nude peach,w3ll people,nudist multi-use stick,nude peach,TRUE,,"https://images.ulta.com/is/image/Ulta/2553304?id=CCdbs2&fmt=jpg&fit=constrain,1&wid=175&hei=361&op_sharpen=1&resMode=bilin",natural peach,peach,peach,,,,,,natural,,,,,,,,,,
blush,w3ll people supernatural stick multi-use blush peach,w3ll people,supernatural stick multi-use blush,peach,TRUE,,https://www.wellpeople.com/dw/image/v2/BBXC_PRD/on/demandware.static/-/Sites-w3llpeople-master/default/dw2b0ab230/2021/Supernatural%20Multi-Use%20Stick%20Blush/500082_Supernatural-StickBlush_Nude%20Peach_Swatch.jpg?sh=700&sw=700,light peach,peach,peach,,,,,,,light,,,,,,,,,
blush,wander beauty trip for two blush & bronzer duo costa rei/bellini,wander beauty,trip for two blush & bronzer duo,costa rei/bellini,,TRUE,https://www.wanderbeauty.com/media/catalog/product/cache/d8e10445249404c01e7722f185a54c85/t/r/trip_for_two_bellini_costa_rei_1.jpg,peachy,peach,peach,,,,,,,,,,,,,,,,
blush,westman atelier baby cheeks lip + cheek cream blush stick chouchette,westman atelier,baby cheeks lip + cheek cream blush stick,chouchette,TRUE,,https://www.sephora.com/productimages/sku/s2434124-main-zoom.jpg?imwidth=1224,nude peach,nude peach,nude peach,,,,,,,,,,,,,,,,
blush,westman atelier baby cheeks lip + cheek cream blush stick minette,westman atelier,baby cheeks lip + cheek cream blush stick,minette,TRUE,,,luminous peach,peach,peach,,,,,,,,,,luminous,,,,,,
blush,xx revolution xxcess blush powder entice,xx revolution,xxcess blush powder,entice,,,,matte: peach,peach,peach,,,,,,,,,,matte,,,,,,
blush,xx revolution xxcess blush powder jitter,xx revolution,xxcess blush powder,jitter,,,,matte: bright peach,peach,peach,,,,,,,bright,,,matte,,,,,,
blush,xx revolution xxcess blush powder obscure,xx revolution,xxcess blush powder,obscure,,,,matte: dusty peach,peach,peach,,,,,,,,,dusty,matte,,,,,,
blush,yensa super serum silk cream blush peach sunset,yensa,super serum silk cream blush,peach sunset,,TRUE,,warm soft peach,warm soft peach,peach,,,,warm,,,soft,,,,,,,,,
lipstick,about-face cherry pick lip color butter peach punisher,about-face,cherry pick lip color butter,peach punisher,TRUE,,,cinnamon peach,cinnamon peach,cinnamon peach,,,,,,,,,,,,,,,,
lipstick,af94 lava lust lip stain racecar,af94,lava lust lip stain,slip dress,,,https://media.ulta.com/i/ulta/2619036_sm?w=1080&h=1080&fmt=auto,peach,peach,peach,,,,,,,,,,,,,,,,
lipstick,anastasia beverly hills lip velvet full-pigment lip mousse peach amber,anastasia beverly hills,lip velvet full-pigment lip mousse,peach amber,,,https://www.sephora.com/productimages/sku/s2747301-av-2-zoom.jpg?imwidth=1224,deep warm peach,warm deep peach,peach,,,,warm,,,deep,,,,,,,,,
lipstick,anastasia beverly hills matte lipstick hollywood,anastasia beverly hills,matte lipstick,hollywood,,,"https://images.ulta.com/is/image/Ulta/2529286?id=7Pzam1&fmt=jpg&fit=constrain,1&wid=89&hei=359&op_sharpen=1&resMode=bilin",pale peach,pale peach,peach,,,,,,,pale,,,,,,,,,
lipstick,anastasia beverly hills satin lipstick peach amber,anastasia beverly hills,satin lipstick,peach amber,,,https://www.sephora.com/productimages/sku/s2519254-av-01-zoom.jpg?imwidth=1224,deep warm peach,warm deep peach,peach,,,,warm,,,deep,,,,,,,,,
lipstick,anastasia beverly hills satin lipstick warm peach,anastasia beverly hills,satin lipstick,warm peach,,,,soft peach,soft peach,peach,,,,,,,soft,,,,,,,,,
lipstick,armani beauty lip magnet liquid lipstick 503 glow,armani beauty,lip magnet liquid lipstick,503 glow,,,https://www.sephora.com/productimages/sku/s1875327-main-zoom.jpg?imwidth=1000,reddish peach,red peach,red peach,,,,,,,,,,,,,,,,
lipstick,armani beauty lip power long lasting satin lipstick 103 androgino,armani beauty,lip power long lasting satin lipstick,103 androgino,,,https://n.nordstrommedia.com/id/sr3/c46b3c60-9f38-4786-b560-626b869a87d6.jpeg?crop=pad&w=1950&h=2990&dpr=2,pinky peach,pink peach,pink peach,,,,,,,,,,,,,,,,
lipstick,armani beauty lip power long lasting satin lipstick 108 in love,armani beauty,lip power long lasting satin lipstick,108 in love,,,,medium beige peach,medium beige peach,beige peach,,,,,,,medium,,,,,,,,,
lipstick,bareminerals gen nude matte liquid lipcolor weekend,bareminerals,gen nude matte liquid lipcolor,weekend,,,"https://images.ulta.com/is/image/Ulta/2303753?id=xKvaT0&fmt=jpg&fit=constrain,1&wid=65&hei=362&op_sharpen=1&resMode=bilin",honeyed pink peach,pink peach,pink peach,,,,,,honeyed,,,,,,,,,,
lipstick,beauty pie wondergloss luxe sheer lipstick beach peach,beauty pie,wondergloss luxe sheer lipstick,beach peach,TRUE,,,warm peach,warm peach,peach,,,,warm,,,,,,,,,,,,
lipstick,becca cosmetics ultimate lipstick love dune,becca cosmetics,ultimate lipstick love,dune,,,"https://images.ulta.com/is/image/Ulta/2539072?id=2gZaE1&fmt=jpg&fit=constrain,1&wid=180&hei=359&op_sharpen=1&resMode=bilin",neutral soft peach,neutral soft peach,peach,,,,neutral,,,soft,,,,,,,,,
lipstick,bellapierre cosmetics mineral lipstick sassy,bellapierre cosmetics,mineral lipstick,sassy,,,,coral peach,coral peach,coral peach,,,,,,,,,,,,,,,,
lipstick,bobbi brown extra lip tint bare melon,bobbi brown,extra lip tint,bare melon,,,,pink peachy tint,pink peach,pink peach,,,,,,,,,,tint,,,,,,
lipstick,bobbi brown luxe lipstick plaza peach,bobbi brown,luxe lipstick,plaza peach,,,,warm peach,warm peach,peach,,,,warm,,,,,,,,,,,,
lipstick,bodyography fabric texture lipstick chiffon,bodyography,fabric texture lipstick,chiffon,,,https://cdn.shopify.com/s/files/1/0009/6623/0076/products/FabricTextureLipstick_Closed_web_compact.jpg?v=1615565437,nude peach,nude peach,nude peach,,,,,,,,,,,,,,,,
lipstick,bodyography fabric texture lipstick silk,bodyography,fabric texture lipstick,silk,,,https://cdn.shopify.com/s/files/1/0009/6623/0076/products/FabricTextureLipstick_Closed_web_compact.jpg?v=1615565437,coral peach,coral peach,coral peach,,,,,,,,,,,,,,,,
lipstick,by terry terrybly velvet rouge 1 lady bare,by terry,terrybly velvet rouge,1 lady bare,,,,warm peach,peach,peach,,,,,,,,,,,,,,,,
lipstick,chantecaille lip chic lily,chantecaille,lip chic,lily,,,,"soft, playful peach",soft peach,peach,,,,,,,soft,,,,,,,,,
lipstick,chantecaille lip chic peach blossom,chantecaille,lip chic,peach blossom,,,"https://images.bloomingdalesassets.com/is/image/BLM/products/2/optimized/11355682_fpx.tif?op_sharpen=1&wid=700&fit=fit,1&$filtersm$&fmt=webp",warm peach with a semi-sheer finish,peach,peach,,,,,,,,,,semi-sheer,,,,,,
lipstick,chantecaille lip veil baobab,chantecaille,lip veil,baobab,,,,"tawny, mocha peach","tawny, mocha peach","tawny, mocha peach",,,,,,,,,,,,,,,,
lipstick,charlotte tilbury k.i.s.s.i.n.g lipstick runway royalty,charlotte tilbury,k.i.s.s.i.n.g lipstick,runway royalty,,,https://images.ctfassets.net/wlke2cbybljx/5ORLbs9GGuOatovQkuz9Uq/fbcbb0171cf033d797322d7aff5d7efa/Runway-Royalty-1-Packshot.png?w=500&h=500&fit=fill&fm=jpg&bg=,nude soft rosy peach,soft nude rose peach,nude rose peach,,,,,,,soft,,,,,,,,,
lipstick,charlotte tilbury matte revolution lipstick catwalking,charlotte tilbury,matte revolution lipstick,catwalking,,,https://www.sephora.com/productimages/sku/s2458933-av-07-zoom.jpg?imwidth=1224,nude peach matte,nude peach,nude peach,,,,,,,,,,matte,,,,,,
lipstick,charlotte tilbury superstar lips glow kiss,charlotte tilbury,superstar lips,glow kiss,,,https://images.ctfassets.net/wlke2cbybljx/2D5fhsOngCwoM6uYwo2nee/07df9b8800db40d15547ad0da107af62/glow-kiss-packshot.png?w=500&h=500&fit=fill&fm=jpg&bg=,peach,peach,peach,,,,,,,,,,,,,,,,
lipstick,charlotte tilbury superstar lips sexy lips,charlotte tilbury,superstar lips,sexy lips,,,https://www.sephora.com/productimages/sku/s2116879-main-zoom.jpg?imwidth=135&imwidth=160,nude peach,nude peach,nude peach,,,,,,,,,,,,,,,,
lipstick,ciatè london wonderwand lipstick dreamer,ciatè london,wonderwand lipstick,dreamer,,,https://us.ciatelondon.com/cdn/shop/products/SCL001-Wonderwand-Lipstick-Swatch-Dreamer.jpg?v=1627987840,nude peach,nude peach,nude peach,,,,,,,,,,,,,,,,
lipstick,clinique pop matte lip colour + primer 5 melon pop,clinique,pop matte lip colour + primer,5 melon pop,,,https://www.sephora.com/productimages/sku/s1674787-main-zoom.jpg?imwidth=1000,"a light, light creme peach",light peach,peach,,,,,,,light,,,creme,,,,,,
lipstick,ctzn cosmetics nudiversal lip duo bali,ctzn cosmetics,nudiversal lip duo,bali,,TRUE,https://www.ctzncosmetics.com/cdn/shop/products/Bali.jpg?v=1675425325,coral peach with a cool undertone,cool coral peach,coral peach,,,,cool,,,,,,,,,,,,
lipstick,ctzn cosmetics nudiversal lip duo barbados,ctzn cosmetics,nudiversal lip duo,barbados,,TRUE,,warm peach with beige undertones,warm beige peach,beige peach,,,,warm,beige,,,,,,,,,,,
lipstick,dapop lipstick balbina,dapop,lipstick,balbina,,,https://m.media-amazon.com/images/I/51Q26ohDHSL._AC_SX679_.jpg,soft peach,soft peach,peach,,,,,,,soft,,,,,,,,,
lipstick,dior addict refillable shine lipstick 331 mimirose,dior,addict refillable shine lipstick,331 mimirose,,,,nude peach,nude peach,nude peach,,,,,,,,,,,,,,,,
lipstick,dior rouge ultra care liquid lipstick 539 petal,dior,rouge ultra care liquid lipstick,539 petal,,,https://www.sephora.com/productimages/sku/s2244119-main-zoom.jpg?imwidth=1000,intense peach matte,intense peach,peach,,,,,,,intense,,,matte,,,,,,
lipstick,dominique cosmetics cream matte liquid lipstick nude kiss,dominique cosmetics,cream matte liquid lipstick,nude kiss,,,,warm peach,warm peach,peach,,,,warm,,,,,,,,,,,,
lipstick,dose of colors liquid matte lipstick sweet & sassy,dose of colors,liquid matte lipstick,sweet & sassy,,,"https://images.ulta.com/is/image/Ulta/2521530?id=oLya02&fmt=jpg&fit=constrain,1&wid=198&hei=360&op_sharpen=1&resMode=bilin",warm muted peach,warm muted peach,peach,,,,warm,,,,,muted,,,,,,,
lipstick,ellis faas creamy lips l108,ellis faas,creamy lips,l108,,,,pale peach,pale peach,peach,,,,,,,pale,,,,,,,,,
lipstick,emolyne cosmetics velvet lip fes,emolyne cosmetics,velvet lip,fes,,TRUE,https://www.emolyne.com/wp-content/uploads/2021/04/Emolyne_Lipstick_Fes_02-scaled-1440x1912.jpg,"muted peach, recommended for fair cool skin tones",cool muted peach,peach,,fair,,cool,,,,,muted,,,,,,,
lipstick,ere perez coco crayon charm,ere perez,coco crayon,charm,TRUE,,,burnt peach,peach,peach,,,,,,burnt,,,,,,,,,,
lipstick,estée lauder pure color creme lipstick 826 modern muse,estée lauder,pure color creme lipstick,826 modern muse,,,,light peach with a warm undertone,warm light peach,peach,,,,warm,,,light,,,,,,,,,
lipstick,estée lauder pure color creme lipstick 840 show stopper,estée lauder,pure color creme lipstick,840 show stopper,,,,very light peach with a warm undertone,warm very light peach,peach,,,,warm,,,very light,,,,,,,,,
lipstick,estée lauder pure color crystal lipstick 564 crystal baby,estée lauder,pure color crystal lipstick,564 crystal baby,,,https://www.esteelauder.com/media/export/cms/products/640x640/el_sku_GRRC01_640x640_0.jpg,light pinky peach with a warm undertone,warm light pink peach,pink peach,,,,warm,,,light,,,,,,,,,
lipstick,estée lauder pure color explicit slick shine lipstick 903 wrong number,estée lauder,pure color explicit slick shine lipstick,903 wrong number,,,https://www.esteelauder.com/media/export/cms/products/640x640/el_sku_G7YA07_640x640_1.jpg,soft peach with warm undertones,warm soft peach,peach,,,,warm,,,soft,,,,,,,,,
lipstick,estée lauder pure color hi-lustre lipstick 546 angel lips,estée lauder,pure color hi-lustre lipstick,546 angel lips,,,https://www.esteelauder.com/media/export/cms/products/640x640/el_sku_GRFX49_640x640_1.jpg,light pinky peach with a warm undertone,warm light pink peach,pink peach,,,,warm,,,light,,,,,,,,,
lipstick,estée lauder pure color illuminating shine lipstick dreamlike 904,estée lauder,pure color illuminating shine lipstick,dreamlike 904,,,https://media.ulta.com/i/ulta/2574337_sm?w=720&h=720&fmt=webp,soft peach,soft peach,peach,,,,,,,soft,,,,,,,,,
lipstick,estée lauder pure color matte lipstick 676 flirtacious,estée lauder,pure color matte lipstick,676 flirtacious,,,https://www.esteelauder.com/media/export/cms/products/640x640/el_sku_GRFW22_640x640_1.jpg,light burn peach with a warm undertone,warm light peach,peach,,,,warm,,burnt,light,,,,,,,,,
lipstick,estée lauder pure color matte lipstick 856 object of desire,estée lauder,pure color matte lipstick,856 object of desire,,,https://www.esteelauder.com/media/export/cms/products/640x640/el_sku_GRFW01_640x640_1.jpg,light pinky peach with a warm undertone,warm light pink peach,pink peach,,,,warm,,,light,,,,,,,,,
lipstick,fitglow beauty multi-use ceramide cream lip + cheek palette freshly picked - sun peach,fitglow beauty,multi-use ceramide cream lip + cheek palette,freshly picked - sun peach,,,,soft peach,soft peach,peach,,,,,,,soft,,,,,,,,,
lipstick,flower beauty bitten lip stain coy,flower beauty,bitten lip stain,coy,,,,peach,peach,peach,,,,,,,,,,,,,,,,
lipstick,flower beauty petal pout lip mask nectar,flower beauty,petal pout lip mask,nectar,,,,"nude peach, buttercream scent",nude peach,nude peach,,,,,,,,,,cream,,,,,,
lipstick,gen see clean sheen cheek + lip color apricot,gen see,clean sheen cheek + lip color,apricot,TRUE,,,light peach,light peach,peach,,,,,,,light,,,,,,,,,
lipstick,glossier g suit soft touch lip crème curve,glossier,g suit soft touch lip crème,curve,,,,dusty peach,dusty peach,peach,,,,,,,,,dusty,,,,,,,
lipstick,glossier generation g sheer matte lipstick cake,glossier,generation g sheer matte lipstick,cake,,,https://images.ctfassets.net/p3w8f4svwgcg/557ay2S39LL30xjkIbnG3D/bcee5c85f60be895f113f6d8c71b1311/0_GenG_Cake.jpg,subtle peach,subtle peach,peach,,,,,,,subtle,,,,,,,,,
lipstick,gxve by gwen stefani original me clean high-performance matte lipstick lovable me,gxve by gwen stefani,original me clean high-performance matte lipstick,lovable me,TRUE,,,brown peachy natural,brown peach,brown peach,,,,,,,,,,natural,,,,,,
lipstick,gxve by gwen stefani original me clean high-performance matte lipstick tragic me,gxve by gwen stefani,original me clean high-performance matte lipstick,tragic me,TRUE,,,beige peachy neutral,beige peach,beige peach,,,,,,,,,,,,,,,,
lipstick,haus labs by lady gaga atomic shake long lasting liquid lipstick sepia shine,haus labs by lady gaga,atomic shake long lasting liquid lipstick,sepia shine,TRUE,,,light brown peach,light brown peach,brown peach,,,,,,,light,,,,,,,,,
lipstick,haus labs by lady gaga le monster lip crayon vegan lipstick and lip liner peach matte,haus labs by lady gaga,le monster lip crayon vegan lipstick and lip liner,peach matte,TRUE,,"https://haus-laboratories.imgix.net/products/uglvaewA_PeachMatte_1534x.jpg?v=1681976722&auto=format,compress",warm light orange peach,warm light orange peach,orange peach,,,,warm,,,light,,,,,,,,,
lipstick,hourglass phantom volumizing glossy lip balm wish 95,hourglass,phantom volumizing glossy lip balm,wish 95,,,https://www.sephora.com/productimages/sku/s2738839-av-2-zoom.jpg?imwidth=1224,warm peach,warm peach,peach,,,,warm,,,,,,,,,,,,
lipstick,hourglass unlocked satin crème lipstick dove 316,hourglass,unlocked satin crème lipstick,dove 316,,,,soft pink peach,soft pink peach,pink peach,,,,,,,soft,,,,,,,,,
lipstick,i heart revolution soft peach liquid lipstick apricot,i heart revolution,soft peach liquid lipstick,apricot,,,"https://images.ulta.com/is/image/Ulta/2562899?id=RYEao2&fmt=jpg&fit=constrain,1&wid=174&hei=360&op_sharpen=1&resMode=bilin",pure peach,peach,peach,,,,,,pure,,,,,,,,,,
lipstick,i heart revolution soft peach liquid lipstick nectarine,i heart revolution,soft peach liquid lipstick,nectarine,,,"https://images.ulta.com/is/image/Ulta/2562894?id=LhHaz1&fmt=jpg&fit=constrain,1&wid=174&hei=360&op_sharpen=1&resMode=bilin",deep pink peach,deep pink peach,pink peach,,,,,,,deep,,,,,,,,,
lipstick,ilia lip sketch hydrating lipstick + lip liner crayon pampas,ilia,lip sketch hydrating lipstick + lip liner crayon,pampas,TRUE,,,soft peach,soft peach,peach,,,,,,,soft,,,,,,,,,
lipstick,jeffree star cosmetics velour liquid lipstick allegedly,jeffree star cosmetics,velour liquid lipstick,allegedly,,,,brown toned peach,brown peach,brown peach,,,,,,,,,,,,,,,,
lipstick,jeffree star cosmetics velour liquid lipstick circus peanut,jeffree star cosmetics,velour liquid lipstick,circus peanut,,,,light orange peach,light orange peach,orange peach,,,,,,,light,,,,,,,,,
lipstick,jeffree star cosmetics velour liquid lipstick gemini,jeffree star cosmetics,velour liquid lipstick,gemini,,,https://cdn.shopify.com/s/files/1/0673/2291/products/11-3Liquid-Lipstick-Swatch-Gemini-WebResize_29e1729b-2c7a-412b-99a6-1c2462bb506b.jpg?v=1633384967,sultry peach,peach,peach,,,,,,sultry,,,,,,,,,,
lipstick,jeffree star cosmetics velour liquid lipstick no squeeze,jeffree star cosmetics,velour liquid lipstick,no squeeze,,,,muted peach with warm undertones,warm muted peach,peach,,,,warm,,,,,muted,,,,,,,
lipstick,kaja air heart lightweight natural finish lipstick 02 bbygirl,kaja,air heart lightweight natural finish lipstick,02 bbygirl,,TRUE,https://www.sephora.com/productimages/sku/s2327336-main-zoom.jpg?imwidth=1000,nude peach,nude peach,nude peach,,,,,,,,,,,,,,,,
lipstick,kaleidos cloud lab lip clay nu01 adobe,kaleidos,cloud lab lip clay,nu01 adobe,,,https://www.kaleidosmakeup.com/cdn/shop/products/dfe97378a9165fa1f2e1aeb642f9b8ca_704x704.jpg?v=1636685735,dusty cool-toned pinky peach,cool dusty pink peach,pink peach,,,,cool,,,,,dusty,,,,,,,
lipstick,kash beauty secret treasure lipstick rust nude,kash beauty,secret treasure lipstick,rust nude,,,,soft peach,soft peach,peach,,,,,,,soft,,,,,,,,,
lipstick,kosas weightless lip color nourishing satin lipstick sugar high,kosas,weightless lip color nourishing satin lipstick,sugar high,TRUE,TRUE,,neutral baby peach,neutral baby peach,peach,,,,neutral,,,baby,,,,,,,,,
lipstick,kulfi heirloom satin lipstick polki dots,kulfi,heirloom satin lipstick,polki dots,TRUE,TRUE,https://www.sephora.com/productimages/sku/s2699098-av-19-zoom.jpg?imwidth=1224,peach neutral,neutral peach,peach,,,,neutral,,,,,,,,,,,,
lipstick,kylie cosmetics matte lip kit dirty peach,kylie cosmetics,matte lip kit,dirty peach,,,,yellow peach,yellow peach,yellow peach,,,,,,,,,,,,,,,,
lipstick,kylie cosmetics matte liquid lipstick apricot,kylie cosmetics,matte liquid lipstick,apricot,,,,light peach,light peach,peach,,,,,,,light,,,,,,,,,
lipstick,kylie cosmetics matte liquid lipstick dirty peach,kylie cosmetics,matte liquid lipstick,dirty peach,,,,yellow peach,yellow peach,yellow peach,,,,,,,,,,,,,,,,
lipstick,lime crime metallic velvetine lipstick siren,lime crime,metallic velvetine lipstick,siren,,,"https://images.ulta.com/is/image/Ulta/2520573?id=2Qla13&fmt=jpg&fit=constrain,1&wid=147&hei=361&op_sharpen=1&resMode=bilin",sunset/peach/gold,peach,peach,,,,,,sunset,,,,,,,,,,
lipstick,lime crime plushies liquid lipstick marmalade,lime crime,plushies liquid lipstick,marmalade,,,"https://images.ulta.com/is/image/Ulta/2526438?id=KlUaP0&fmt=jpg&fit=constrain,1&wid=167&hei=360&op_sharpen=1&resMode=bilin",sheer nude-peach,nude peach,nude peach,,,,,,,,,,sheer,,,,,,
lipstick,mac cosmetics electric wonder lustre lipstick feelin' sedimental,mac cosmetics,electric wonder lustre lipstick,feelin' sedimental,,,https://images.asos-media.com/products/mac-electric-wonder-satin-lipstick-feelin-sedimental/12172518-1-feelinsedimental?$n_960w$&wid=952&fit=constrain,pale beige peach,pale beige peach,beige peach,,,,,,,pale,,,,,,,,,
lipstick,mac cosmetics locked kiss ink lipstick mull it over and over,mac cosmetics,locked kiss ink lipstick,mull it over and over,,,,dirty peach,dirty peach,peach,,,,,,,,,dirty,,,,,,,
lipstick,mac cosmetics m·a·cximal silky matte lipstick mull it to the max,mac cosmetics,m·a·cximal silky matte lipstick,mull it to the max,,,,dirty peach,dirty peach,peach,,,,,,,,,dirty,,,,,,,
lipstick,mac cosmetics powder kiss lipstick mull it over,mac cosmetics,powder kiss lipstick,mull it over,,,"https://images.ulta.com/is/image/Ulta/2535387?id=t-0a_3&fmt=jpg&fit=constrain,1&wid=85&hei=362&op_sharpen=1&resMode=bilin",dirty peach,dirty peach,peach,,,,,,,,,dirty,,,,,,,
lipstick,mac cosmetics powder kiss velvet blur slim stick mull it over,mac cosmetics,powder kiss velvet blur slim stick,mull it over,,,,dirty peach,dirty peach,peach,,,,,,,,,dirty,,,,,,,
lipstick,make up for ever rouge artist lipstick 104 bold cinnamon,make up for ever,rouge artist lipstick,104 bold cinnamon,,,https://www.sephora.com/productimages/sku/s2312502-main-zoom.jpg?imwidth=1000,light neutral peach,neutral light peach,peach,,,,neutral,,,light,,,,,,,,,
lipstick,mango people mango cream blush & lip multistick apricot,mango people,mango cream blush & lip multistick,apricot,TRUE,TRUE,,soft pinky peach,soft pink peach,pink peach,,,,,,,soft,,,,,,,,,
lipstick,mango people mango cream blush & lip multistick peach,mango people,mango cream blush & lip multistick,peach,TRUE,TRUE,,bright peach,bright peach,peach,,,,,,,bright,,,,,,,,,
lipstick,melt cosmetics ultra matte lipstick summer!,melt cosmetics,ultra matte lipstick,summer!,,,https://www.sephora.com/productimages/sku/s2229300-main-zoom.jpg?imwidth=1000,ultra matte neon peach,neon peach,peach,,,,,,,neon,,,ultra matte,,,,,,
lipstick,mented cosmetics liquid lipstick peachy keen,mented cosmetics,liquid lipstick,peachy keen,,TRUE,,warm peach,warm peach,peach,,,,warm,,,,,,,,,,,,
lipstick,mented cosmetics semi-matte lipstick peach please,mented cosmetics,semi-matte lipstick,peach please,,TRUE,"https://images.ulta.com/is/image/Ulta/2578213?id=rORap1&fmt=jpg&fit=constrain,1&wid=216&hei=359&op_sharpen=1&resMode=bilin",subtle peach with coral undertones,subtle coral peach,coral peach,,,,coral,,,subtle,,,,,,,,,
lipstick,merit signature lip lightweight matte lipstick antibes,merit,signature lip lightweight matte lipstick,antibes,TRUE,,https://www.sephora.com/productimages/sku/s2759835-av-9-zoom.jpg?imwidth=1224,soft peach,soft peach,peach,,,,,,,soft,,,,,,,,,
lipstick,milk makeup lip color c.r.e.a.m.,milk makeup,lip color,c.r.e.a.m.,,,https://www.sephora.com/productimages/sku/s2169290-main-zoom.jpg?imwidth=1000,neutral pink peach,neutral pink peach,pink peach,,,,neutral,,,,,,,,,,,,
lipstick,morphe matte liquid lipstick pep talk,morphe,matte liquid lipstick,pep talk,,,https://eu.morphe.com/cdn/shop/products/MatteLiquidLip_PDP_HERO_PEPTALK_88437223-6abe-4bc5-94b4-4a4dc14d64cc_1400x@2x.jpg?v=1578680344,peach,peach,peach,,,,,,,,,,,,,,,,
lipstick,nars lipstick barbarella,nars,lipstick,barbarella,,,,sheer peach,peach,peach,,,,,,,,,,sheer,,,,,,
lipstick,nars lipstick start your engines,nars,lipstick,start your engines,,,,sheer bright orange peach,bright orange peach,orange peach,,,,,,,bright,,,sheer,,,,,,
lipstick,natasha denona i need a nude lipstick 14nb judith,natasha denona,i need a nude lipstick,14nb judith,,,https://www.sephora.com/productimages/sku/s2243244-main-zoom.jpg?imwidth=1000,medium antique peach,medium peach,peach,,,,,,antique,medium,,,,,,,,,
lipstick,nudestix magnetic plush paint - lip cheek & eye color sunset peach,nudestix,magnetic plush paint - lip cheek & eye color,sunset peach,,,https://www.nudestix.com/cdn/shop/products/Nudestix-MagneticMatte-Eye-SunsetPeach-2_5ad91f84-1554-4b97-9117-b28d8b4764ba.jpg?v=1662593979&width=1426,warm soft peach,warm soft peach,peach,,,,warm,,,soft,,,,,,,,,
lipstick,nyx professional makeup lip lingerie xxl long-lasting matte liquid lipstick peach flirt,nyx professional makeup,lip lingerie xxl long-lasting matte liquid lipstick,peach flirt,,TRUE,,orange peach,orange peach,orange peach,,,,,,,,,,,,,,,,
lipstick,nyx professional makeup shine loud vegan high shine long-lasting liquid lipstick movin' up,nyx professional makeup,shine loud vegan high shine long-lasting liquid lipstick,movin' up,,TRUE,,bright pink peach,bright pink peach,pink peach,,,,,,,bright,,,,,,,,,
lipstick,nyx professional makeup soft matte lip cream kyoto,nyx professional makeup,soft matte lip cream,kyoto,,TRUE,https://m.media-amazon.com/images/W/MEDIAX_849526-T2/images/I/61kHKIj62nS._SX679_.jpg,light peach,light peach,peach,,,,,,,light,,,,,,,,,
lipstick,pat mcgrath labs lip fetish sheer colour balm passion flower,pat mcgrath labs,lip fetish sheer colour balm,passion flower,,TRUE,https://www.patmcgrath.com/cdn/shop/products/PMG_LIPFETISH_SMEAR_SHEER_PASSION_FLOWER_LABEL.jpg?v=1633978945&width=1100,pale peach,pale peach,peach,,,,,,,pale,,,,,,,,,
lipstick,pat mcgrath labs liquilust: legendary wear matte lipstick nude cabaret,pat mcgrath labs,liquilust: legendary wear matte lipstick,nude cabaret,,TRUE,https://www.patmcgrath.com/cdn/shop/products/PMG_LIPS_LIQUILUST_NUDECABARET_SMEAR_LABELED_0adc6a5f-1a7c-4284-99d2-e8040cfab0b9.jpg?v=1674832412&width=1100,soft beige peach,soft beige peach,beige peach,,,,,,,soft,,,,,,,,,
lipstick,persona daymask peptide lip balm june,persona,daymask peptide lip balm,june,,,https://personacosmetics.com/cdn/shop/files/Swatch_June_700x.png?v=1695662452,"warm, sheer pink peach",warm pink peach,pink peach,,,,warm,,,,,,sheer,,,,,,
lipstick,rabanne lovebalm hydrating lip balm 011 soul kiss,rabanne,lovebalm hydrating lip balm,030 kiss my neck,,,,sheer peach,peach,peach,,,,,,,,,,sheer,,,,,,
lipstick,rare beauty by selena gomez kind words matte lipstick creative,rare beauty by selena gomez,kind words matte lipstick,creative,,TRUE,,muted peach,muted peach,peach,,,,,,,,,muted,,,,,,,
lipstick,rare beauty by selena gomez with gratitude dewy lip balm praise,rare beauty by selena gomez,with gratitude dewy lip balm,praise,,TRUE,https://cdn.shopify.com/s/files/1/0314/1143/7703/products/swatch-praise.png?v=1685665340,muted peach,muted peach,peach,,,,,,,,,muted,,,,,,,
lipstick,revlon super lustrous lipstick 225 rosewine,revlon,super lustrous lipstick,225 rosewine,,,,creamy copper peach,copper peach,copper peach,,,,,,,,,,creamy,,,,,,
lipstick,revlon super lustrous lipstick 415 pink in the afternoon,revlon,super lustrous lipstick,415 pink in the afternoon,,,https://media.ulta.com/i/ulta/1741455_sm?w=1080&h=1080&fmt=auto,creamy pink-peach,pink peach,pink peach,,,,,,,,,,creamy,,,,,,
lipstick,revlon super lustrous lipstick 423 pink velvet,revlon,super lustrous lipstick,423 pink velvet,,,"https://images.ulta.com/is/image/Ulta/2068413?id=qw4bn1&fmt=jpg&fit=constrain,1&wid=170&hei=360&op_sharpen=1&resMode=bilin",creamy brown-peach,brown peach,brown peach,,,,,,,,,,creamy,,,,,,
lipstick,revlon super lustrous lipstick 628 peach me,revlon,super lustrous lipstick,628 peach me,,,,pearlized dusty peach,dusty peach,peach,,,,,,,,,dusty,pearlized,,,,,,
lipstick,revlon super lustrous lipstick 808 dirty shirley,revlon,super lustrous lipstick,808 dirty shirley,,,https://target.scene7.com/is/image/Target/GUEST_ebc21c01-4d54-4121-8106-aecf23d35adf?wid=1200&hei=1200&qlt=80&fmt=webp,dirty peach pearl,dirty peach,peach,,,,,,,,,dirty,,,,,,,
lipstick,rituel de fille enchanted lip sheer narcissus,rituel de fille,enchanted lip sheer,narcissus,TRUE,,https://ritueldefille.com/cdn/shop/files/Narcissus-Enchanted-Lip-Sheer-Swirl--2000px.jpg?v=1712880532&width=1800,neutral peach,neutral peach,peach,,,,neutral,,,,,,,,,,,,
lipstick,rokael beauty refined gold velvet lip creme destined,rokael beauty,refined gold velvet lip creme,destined,,,https://rokaelbeauty.com/cdn/shop/files/Destined.png?v=1714010227&width=5000,coral peach with golden undertones,golden coral peach,golden coral peach,,,,golden,,,,,,,,,,,,
lipstick,rokael beauty refined gold velvet lip creme shekinah,rokael beauty,refined gold velvet lip creme,shekinah,,,https://rokaelbeauty.com/cdn/shop/files/Shekinah.png?v=1714010227&width=5000,light peach with golden undertones,light golden peach,golden peach,,,,golden,,,light,,,,,,,,,
lipstick,saint jane beauty luxury lip cream vow,saint jane beauty,luxury lip cream,vow,TRUE,,,peach with a golden undertone,golden peach,golden peach,,,,golden,,,,,,,,,,,,
lipstick,sann nourish + tint solid lip serum sunset,sann,nourish + tint solid lip serum,sunset,,,,copper peach,copper peach,copper peach,,,,,,,,,,,,,,,,
lipstick,sephora collection lip last matte lipstick melon,sephora collection,lip last matte lipstick,melon,,,,warm peach,warm peach,peach,,,,warm,,,,,,,,,,,,
lipstick,sephora collection melting lip clicks lip balm 05 peach sorbet,sephora collection,melting lip clicks lip balm,05 peach sorbet,,,https://www.sephora.com/productimages/sku/s1990019-main-zoom.jpg?imwidth=1000,peach,peach,peach,,,,,,,,,,,,,,,,
lipstick,sephora collection rouge lacquer lipstick 27 strong as helle,sephora collection,rouge lacquer lipstick,27 strong as helle,,,https://www.sephora.com/productimages/sku/s2066355-main-zoom.jpg?imwidth=1000,peach,peach,peach,,,,,,,,,,,,,,,,
lipstick,sephora collection sheer matte lip balm apricot,sephora collection,sheer matte lip balm,apricot,,,https://media.kohlsimg.com/is/image/kohls/f0300d9a407aeebb3804b4c4c931a34190c159f4?wid=1500&hei=1500&op_sharpen=1&qlt=60,light warm peach,warm light peach,peach,,,,warm,,,light,,,,,,,,,
lipstick,sephora collection sheer matte lip balm soft sienna,sephora collection,sheer matte lip balm,soft sienna,,,,deep cool peach,cool deep peach,peach,,,,cool,,,deep,,,,,,,,,
lipstick,shiseido technosatin gel lipstick 402 chatbot,shiseido,technosatin gel lipstick,402 chatbot,,TRUE,,light peach,light peach,peach,,,,,,,light,,,,,,,,,
lipstick,shiseido visionairy gel lipstick 202 bullet train,shiseido,visionairy gel lipstick,202 bullet train,,TRUE,https://www.sephora.com/productimages/sku/s2140754-main-zoom.jpg?imwidth=1000,muted peach,muted peach,peach,,,,,,,,,muted,,,,,,,
lipstick,sigma beauty infinity point lipstick peach tea,sigma beauty,infinity point lipstick,peach tea,,,https://www.sigmabeauty.com/cdn/shop/files/Infinity_Point_Lipstick_Peach_Tea_00004.jpg?v=1683581806&width=1000,peach spiced neutral,neutral peach,peach,,,,neutral,,spiced,,,,,,,,,,
lipstick,simihaze beauty velvet blur matte lipstick balm mist,simihaze beauty,velvet blur matte lipstick balm,mist,,TRUE,https://www.sephora.com/productimages/sku/s2633857-av-7-zoom.jpg?imwidth=1224,peach,peach,peach,,,,,,,,,,,,,,,,
lipstick,smashbox always on cream to matte lipstick not today,smashbox,always on cream to matte lipstick,not today,,,https://www.sephora.com/productimages/sku/s2304236-main-zoom.jpg?imwidth=1000,peachy neutral,neutral peach,peach,,,,neutral,,,,,,,,,,,,
lipstick,soshe beauty ceramide refillable lip silk with love,soshe beauty,ceramide refillable lip silk,with love,TRUE,TRUE,https://credobeauty.com/cdn/shop/files/SOSHE_CeramideLipSilk_Swatch_02_Withlove_1346x.png?v=1705466981,warm peach,warm peach,peach,,,,warm,,,,,,,,,,,,
lipstick,stila stay all day liquid lipstick romanza,stila,stay all day liquid lipstick,romanza,,,https://www.stilacosmetics.com/cdn/shop/products/Stay-All-Day-Liquid-Lipstick---Romanza-_SWATCH.jpg?v=1671625686&width=1100,warm peach,warm peach,peach,,,,warm,,,,,,,,,,,,
lipstick,stila stay all day liquid lipstick salina,stila,stay all day liquid lipstick,salina,,,"https://images.ulta.com/is/image/Ulta/2579142?id=geUaU2&fmt=jpg&fit=constrain,1&wid=49&hei=358&op_sharpen=1&resMode=bilin",bright peach,bright peach,peach,,,,,,,bright,,,,,,,,,
lipstick,sunnies face fluffmatte baked,sunnies face,fluffmatte,baked,,TRUE,,terracotta peach,terracotta peach,terracotta peach,,,,,,,,,,,,,,,,
lipstick,sunnies face fluffmatte it girl,sunnies face,fluffmatte,it girl,,TRUE,,smoked peach,smoky peach,peach,,,,,,,,,smoky,,,,,,,
lipstick,sunnies face lip dip peachy kinda,sunnies face,lip dip,peachy kinda,,TRUE,https://sunniesface.com/cdn/shop/products/02PeachyKinda_24a39db8-14fb-450e-b88b-13dcb476f5ad.png?crop=center&format=pjpg&height=1000&v=1692268791&width=752,soft peach,soft peach,peach,,,,,,,soft,,,,,,,,,
lipstick,tom ford lip color lipstick 14 sable smoke,tom ford,lip color lipstick,14 sable smoke,,,https://cosbar.com/cdn/shop/products/888066010719_1.jpg?v=1676363819&width=1800,"warm toned, medium peach",warm medium peach,peach,,,,warm,,,medium,,,,,,,,,
lipstick,trestique prime + shine lip crayon georgia peach,trestique,prime + shine lip crayon,georgia peach,,,,"warm, summery peach",warm peach,peach,,,,warm,,summery,,,,,,,,,,
lipstick,trinny london lip luxe tashi,trinny london,lip luxe,tashi,,,,warm-toned peach,warm peach,peach,,,,warm,,,,,,,,,,,,
lipstick,ultra violette sheen screen spf50 hydrating lip balm peach,ultra violette,sheen screen spf50 hydrating lip balm,peach,,,https://www.net-a-porter.com/variants/images/16114163150911164/in/w920_a3-4_q60.jpg,shimmery golden peach,golden peach,golden peach,,,,,,,,,,shimmery,,,,,,
lipstick,uoma beauty badass icon matte lipstick coretta,uoma beauty,badass icon matte lipstick,coretta,,TRUE,,dusty peach,dusty peach,peach,,,,,,,,,dusty,,,,,,,
lipstick,valentino rosso valentino high pigment refillable lipstick 106a soft sienna,valentino,rosso valentino high pigment refillable lipstick,106a soft sienna,,,https://www.sephora.com/productimages/sku/s2541761-av-25-zoom.jpg?imwidth=1224,nude peach,nude peach,nude peach,,,,,,,,,,,,,,,,
lipstick,vasanti cosmetics matte crush lipstick pencil peachy keen,vasanti cosmetics,matte crush lipstick pencil,peachy keen,,TRUE,https://vasanticosmetics.com/cdn/shop/files/6-12-peachy_keen_transparent_hi_res.jpg?v=1700844507&width=540,natural peach,peach,peach,,,,,,natural,,,,natural,,,,,,
lipstick,victoria beckham beauty bitten lip tint amour,victoria beckham beauty,bitten lip tint,amour,,,https://victoriabeckhambeauty.com/cdn/shop/files/BLT_AMOUR_SWATCH.png?v=1686048574&width=960,sheer nude peach,nude peach,nude peach,,,,,,,,,,sheer,,,,,,
lipstick,vieve muse modern matte lipstick comin’ in haute,vieve muse,modern matte lipstick,comin’ in haute,,,,a deep peach,deep peach,peach,,,,,,,deep,,,,,,,,,
lipstick,w3ll people lip butter spf 15 tinted balm peach,w3ll people,lip butter spf 15 tinted balm,peach,TRUE,,,peach,peach,peach,,,,,,,,,,,,,,,,
lipstick,wayne goss the luxury cream lipstick dahlia,wayne goss,the luxury cream lipstick,dahlia,,,https://dy6g3i6a1660s.cloudfront.net/fN6a30nNuwgdXnjRPPpDPAR-BH4/p_550x550.jpg,warm pink peach,warm pink peach,pink peach,,,,warm,,,,,,,,,,,,
lipstick,zoeva powerful lip twist hestia,zoeva,powerful lip twist,hestia,,,https://zoevacosmetics.com/cdn/shop/products/zoeva-powerful-lip-twist-hestia-swatch.jpg?v=1658221012&width=576,dusty peach,dusty peach,peach,,,,,,,,,dusty,,,,,,,
lipstick,zoeva velvet love matte hyaluronic long-lasting lipstick parda,zoeva,velvet love matte hyaluronic long-lasting lipstick,parda,,,https://zoevacosmetics.com/cdn/shop/products/zoeva-velvet-love-matte-hyaluronic-long-lasting-lipstick-parda.jpg?v=1680696644&width=576,nude-peach,nude peach,nude peach,,,,,,,,,,,,,,,,
lipgloss,1day beauty lip dew peach,1day beauty,lip dew,peach,,,,warm mid-tone peach,warm midtone peach,peach,,,,warm,,,midtone,,,,,,,,,
lipgloss,about-face light lock lip gloss such great heights,about-face,light lock lip gloss,such great heights,TRUE,,,shimmering pale peach,pale peach,peach,,,,,,,pale,,,shimmering,,,,,,
lipgloss,anastasia beverly hills lip gloss dainty,anastasia beverly hills,lip gloss,dainty,,,https://m.media-amazon.com/images/I/41LRscZYcaL._SX466_.jpg,soft peach,soft peach,peach,,,,,,,soft,,,,,,,,,
lipgloss,anastasia beverly hills lip gloss summer vibes,anastasia beverly hills,lip gloss,summer vibes,,,"https://slimages.macysassets.com/is/image/MCY/products/4/optimized/15349854_fpx.tif?op_sharpen=1&wid=500&hei=611&fit=fit,1&fmt=webp",iridescent pink peach with multi-reflective gold,pink peach,pink peach,,,,,,,,,,iridescent,multi-reflective,,multi-reflective gold,,,
lipgloss,anastasia beverly hills tinted lip gloss cantalope,anastasia beverly hills,tinted lip gloss,cantalope,,,https://www.sephora.com/productimages/sku/s2675676-av-3-zoom.jpg?imwidth=1224,nude peach with sparkling reflects,nude peach,nude peach,,,,,,,,,,sparkling reflects,,,,,,
lipgloss,anastasia beverly hills tinted lip gloss coral,anastasia beverly hills,tinted lip gloss,coral,,,,metallic pinky-peach,pink peach,pink peach,,,,,,,,,,metallic,,,,,,
lipgloss,anastasia beverly hills tinted lip gloss guava,anastasia beverly hills,tinted lip gloss,guava,,,,nude pinky-peach,nude pink peach,nude pink peach,,,,,,,,,,,,,,,,
lipgloss,anastasia beverly hills tinted lip gloss peachy,anastasia beverly hills,tinted lip gloss,peachy,,,https://www.sephora.com/productimages/sku/s2567857-av-2-zoom.jpg?imwidth=1224,dazzling golden peach,golden peach,golden peach,,,,,,dazzling,,,,,,,,,,
lipgloss,armani beauty ecstasy lacquer lip gloss 302 amber,armani beauty,ecstasy lacquer lip gloss,302 amber,,,https://www.sephora.com/productimages/sku/s1755644-main-zoom.jpg?imwidth=1224,coral peach,coral peach,coral peach,,,,,,,,,,,,,,,,
lipgloss,au naturale high lustre lip gloss fortune,au naturale,high lustre lip gloss,fortune,,,"https://images.ulta.com/is/image/Ulta/2564192?id=FmCa73&fmt=jpg&fit=constrain,1&wid=131&hei=361&op_sharpen=1&resMode=bilin",sheer peachy gloss with pink + gold shimmer,peach,peach,,,,,,,,,,sheer,shimmer,,pink and gold shimmer,,,
lipgloss,babo botanicals nutri-shine hydrating luminizer vegan lip gloss brilliant guava,babo botanicals,nutri-shine hydrating luminizer vegan lip gloss,brilliant guava,,,,nude peach,nude peach,nude peach,,,,,,,,,,,,,,,,
lipgloss,bareminerals gen nude patent lip lacquer hype,bareminerals,gen nude patent lip lacquer,hype,,,"https://images.ulta.com/is/image/Ulta/2521619sm?$md$&id=pDDay0&fmt=jpg&fit=constrain,1&wid=231&hei=359&op_sharpen=1&resMode=bilin",muted burnt peach,burnt muted peach,peach,,,,,,,burnt,,muted,,,,,,,
lipgloss,bellapierre cosmetics holographic lip gloss vega,bellapierre cosmetics,holographic lip gloss,vega,,,https://www.bellapierre.com/media/catalog/product/cache/9f9aa2235d3aa845b78f3b84d18b89e8/h/l/hlg003_vega-swatch.jpg,romantic peach with gold and pink shift,peach,peach,gold and pink shift,,,,,romantic,,,,,,,,,,
lipgloss,bperfect cosmetics x ellie kelly born ready lip gloss she's here,bperfect cosmetics,x ellie kelly born ready lip gloss,she's here,,,,the perfect pink/peach shade to add the ultimate shine,pink peach,pink peach,,,,,,perfect,,,,shine,,,,,,
lipgloss,buxom full-on plumping lip cream bellini,buxom,full-on plumping lip cream,bellini,,,"https://images.ulta.com/is/image/Ulta/2299256sm?$md$&id=UnHa82&fmt=jpg&fit=constrain,1&wid=1000&hei=1000&op_sharpen=1&resMode=bilin",peach,peach,peach,,,,,,,,,,,,,,,,
lipgloss,buxom full-on plumping lip cream peach daiquiri,buxom,full-on plumping lip cream,peach daiquiri,,,https://media.ulta.com/i/ulta/2512696_sm?w=1080&h=1080&fmt=auto,nude peach,nude peach,nude peach,,,,,,,,,,,,,,,,
lipgloss,buxom full-on plumping lip matte brunching,buxom,full-on plumping lip matte,brunching,,,,brown peach,brown peach,brown peach,,,,,,,,,,,,,,,,
lipgloss,buxom full-on plumping lip polish amber,buxom,full-on plumping lip polish,amber,,,"https://images.ulta.com/is/image/Ulta/2299158?id=N3zac2&fmt=jpg&fit=constrain,1&wid=143&hei=360&op_sharpen=1&resMode=bilin",light peach w/ golden shimmer,peach,peach,,,,,,,,,,shimmer,,,golden shimmer,,,
lipgloss,buxom full-on plumping lip polish andrea,buxom,full-on plumping lip polish,andrea,,,"https://images.ulta.com/is/image/Ulta/2299243sm?$md$&id=hVhak2&fmt=jpg&fit=constrain,1&wid=260&hei=205&op_sharpen=1&resMode=bilin",golden peach w/ pink iridescence,golden peach,golden peach,pink iridescence,,,,,,,,,,,,,,,
lipgloss,buxom full-on plumping lip polish april,buxom,full-on plumping lip polish,april,,,"https://images.ulta.com/is/image/Ulta/2299149?id=XSHan0&fmt=jpg&fit=constrain,1&wid=143&hei=360&op_sharpen=1&resMode=bilin",sheer pinky peach sparkle,pink peach,pink peach,,,,,,,,,,sheer,sparkle,,,,,
lipgloss,buxom full-on plumping lip polish ashley,buxom,full-on plumping lip polish,ashley,,,"https://images.ulta.com/is/image/Ulta/2299204?id=smnaH3&fmt=jpg&fit=constrain,1&wid=143&hei=360&op_sharpen=1&resMode=bilin",sandy peach shimmer,sand peach,sand peach,,,,,,sandy,,,,shimmer,,,,,,
lipgloss,buxom full-on plumping lip polish brooke,buxom,full-on plumping lip polish,brooke,,,"https://images.ulta.com/is/image/Ulta/2299224?id=-_9b60&fmt=jpg&fit=constrain,1&wid=143&hei=360&op_sharpen=1&resMode=bilin",creamy copper peach shimmer,copper peach,copper peach,,,,,,,,,,creamy,shimmer,,peach shimmer,,,
lipgloss,buxom full-on plumping lip polish bunny,buxom,full-on plumping lip polish,bunny,,,"https://images.ulta.com/is/image/Ulta/2299173?id=aVma-3&fmt=jpg&fit=constrain,1&wid=143&hei=360&op_sharpen=1&resMode=bilin",light peach w/ opal shimmer,peach,peach,,,,,,,,,,shimmer,,,opal shimmer,,,
lipgloss,buxom full-on plumping lip polish debbie,buxom,full-on plumping lip polish,debbie,,,"https://images.ulta.com/is/image/Ulta/2299169?id=2c0bn1&fmt=jpg&fit=constrain,1&wid=104&hei=361&op_sharpen=1&resMode=bilin",coral peach shimmer,coral peach,coral peach,,,,,,,,,,shimmer,,,,,,
lipgloss,buxom full-on plumping lip polish katie,buxom,full-on plumping lip polish,katie,,,https://www.sephora.com/productimages/sku/s1143262-main-zoom.jpg?imwidth=1000,sheer peach with opal shimmer,peach,peach,,,,,,,,,,sheer,shimmer,,opal shimmer,,,
lipgloss,buxom full-on plumping lip polish leslie,buxom,full-on plumping lip polish,leslie,,,"https://images.ulta.com/is/image/Ulta/2299171?id=5iCa11&fmt=jpg&fit=constrain,1&wid=143&hei=360&op_sharpen=1&resMode=bilin",golden peach w/ pink sparkle,golden peach,golden peach,,,,,,,,,,sparkle,,,pink sparkle,,,
lipgloss,buxom full-on plumping lip polish margaret,buxom,full-on plumping lip polish,margaret,,,"https://images.ulta.com/is/image/Ulta/2299241?id=5qGaH2&fmt=jpg&fit=constrain,1&wid=143&hei=360&op_sharpen=1&resMode=bilin",rich nude peach w/ golden shimmer,nude peach,nude peach,,,,,,,,,,shimmer,,,golden shimmer,,,
lipgloss,caliray glazed and infused no burn plumping lip gloss likely story,caliray,glazed and infused no burn plumping lip gloss,likely story,,TRUE,,warmed up nude peach,warm nude peach,nude peach,,,,warm,,,,,,,,,,,,
lipgloss,charlotte tilbury collagen lip bath gloss peachy plump,charlotte tilbury,collagen lip bath gloss,peachy plump,,,https://www.sephora.com/productimages/sku/s2245082-main-zoom.jpg?imwidth=1224,peach,peach,peach,,,,,,,,,,,,,,,,
lipgloss,clinique moisture surge pop triple lip balm grapefruit,clinique,moisture surge pop triple lip balm,grapefruit,,,https://www.sephora.com/productimages/sku/s2351633-main-zoom.jpg?imwidth=1224,"sheer, soft peach",peach,peach,,,,,,,,,,sheer,,,,,,
lipgloss,code8 beauty glazé lip gloss spyglass,code8 beauty,glazé lip gloss,spyglass,,,https://us.codeeight.com/media/catalog/product/cache/f666d5107f61c7b9bc4f4e2201916980/2/0/200113-code-8-417-gloss-cap-off-copy.jpg,sheer wash of peach,peach,peach,,,,,,,,,,sheer,,,,,,
lipgloss,colorescience sunforgettable lip shine spf 35 coral,colorescience,sunforgettable lip shine spf 35,coral,,,,a warm and playful peachy-tone that shimmers with flecks of gold,warm peach,peach,gold flecks,,,warm,,playful,,,,shimmer,,,,,,
lipgloss,colourpop glossy lip stain first bite,colourpop,glossy lip stain,first bite,,,,warm peach,warm peach,peach,,,,warm,,,,,,,,,,,,
lipgloss,colourpop lux gloss come thru,colourpop,lux gloss,come thru,,,,midtone nudey peach gloss with gold flecks,nude peach,nude peach,gold flecks,,,,,,,,,,,,,,,
lipgloss,colourpop lux gloss ticklish,colourpop,lux gloss,ticklish,,,,pale peach with pinpoints of multi-dimensional pearl,peach,peach,multi-dimensional pearl pinpoints,,,,,,,,,pinpoints,,,,,,
lipgloss,colourpop so juicy plumping gloss partly rowdy,colourpop,so juicy plumping gloss,partly rowdy,,,"https://images.ulta.com/is/image/Ulta/2561468?id=rd7bY0&fmt=jpg&fit=constrain,1&wid=105&hei=358&op_sharpen=1&resMode=bilin",pale peach with a silvery sheen,peach,peach,,,,,,,,,,silvery sheen,,,,,,
lipgloss,colourpop ultra glossy lip ps,colourpop,ultra glossy lip,ps,,,"https://images.ulta.com/is/image/Ulta/2552484?id=Q99bd1&fmt=jpg&fit=constrain,1&wid=118&hei=359&op_sharpen=1&resMode=bilin",golden peach,golden peach,golden peach,,,,,,,,,,,,,,,,
lipgloss,danessa myricks beauty colorfix glaze biscotti,danessa myricks beauty,colorfix glaze,biscotti,,TRUE,,muted light peach,peach,peach,,,,,,,,,muted,,,,,,,
lipgloss,dominique cosmetics hydrating lip gloss peach tea,dominique cosmetics,hydrating lip gloss,peach tea,,,,pinky peach,pink peach,pink peach,,,,,,,,,,,,,,,,
lipgloss,dose of colors lip gloss playful,dose of colors,lip gloss,playful,,,https://doseofcolors.com/cdn/shop/products/PLAYFUL-SW_1024x1024@2x.jpg?v=1659382936,rosy nude peach,rose nude peach,rose nude peach,,,,,,,,,,,,,,,,
lipgloss,e.l.f. cosmetics retro paradise dream on lip gloss tropical fruit punch,e.l.f. cosmetics,retro paradise dream on lip gloss,tropical fruit punch,,,,soft peach gloss with warm gold and peach shimmer,warm soft peach,peach,,,,warm,,,,,,shimmer,,,gold and peach shimmer,,,
lipgloss,ellis faas milky lips l208,ellis faas,milky lips,l208,,,,soft peach,peach,peach,,,,,,,,,,,,,,,,
lipgloss,estate lip icing lip gloss peach,estate,lip icing lip gloss,peach,,,,peach with coral undertones,coral peach,coral peach,,,,coral,,,,,,,,,,,,
lipgloss,fenty beauty by rihanna gloss bomb cream color drip lip cream peach pout,fenty beauty by rihanna,gloss bomb cream color drip lip cream,peach pout,,TRUE,https://media.kohlsimg.com/is/image/kohls/5175044_ALT4?wid=390&hei=390&op_sharpen=1,universal peach,peach,peach,,universal,,,,,,,,,,,,,,
lipgloss,florence by mills get glossed lip gloss marvelous mills,florence by mills,get glossed lip gloss,marvelous mills,,,https://florencebymills.com/cdn/shop/products/FLORENCE_325-MARVELOUS-2700.jpg?v=1699990667&width=1350,peach,peach,peach,,,,,,,,,,,,,,,,
lipgloss,gxve by gwen stefani bubble pop electric high-performance clean lip gloss sweet tooth,gxve by gwen stefani,bubble pop electric high-performance clean lip gloss,sweet tooth,TRUE,,,natural peach,peach,peach,,,,,,,,,,natural,,,,,,
lipgloss,half magic magic drip lip gloss frosty b*tch,half magic,magic drip lip gloss,frosty b*tch,,,,icy peach,peach,peach,,,,,,,,,,icy,,,,,,
lipgloss,han skincare cosmetics lip gloss jovial,han skincare cosmetics,lip gloss,jovial,TRUE,TRUE,,pinky peach with a shimmery sheen,pink peach,pink peach,,,,,,,,,,shimmery,,,,,,
lipgloss,haus labs by lady gaga le riot lip gloss angel tears,haus labs by lady gaga,le riot lip gloss,angel tears,,,,pink peach with multi-color pearl,pink peach,pink peach,multi-color pearl,,,,,,,,,pearl,,,,,,
lipgloss,haus labs by lady gaga le riot lip gloss corset,haus labs by lady gaga,le riot lip gloss,corset,,,,peach neutral,neutral peach,peach,,,,neutral,,,,,,,,,,,,
lipgloss,haus labs by lady gaga le riot lip gloss peach qween,haus labs by lady gaga,le riot lip gloss,peach qween,,,,peach with gold pearl,peach,peach,gold pearl,,,,,,,,,pearl,,,,,,
lipgloss,hourglass unreal high shine voluminizing lip gloss ignite,hourglass,unreal high shine voluminizing lip gloss,ignite,,,,peach with gold shimmer,peach,peach,,,,,,,,,,shimmer,,,gold shimmer,,,
lipgloss,iconic london lip plumping gloss tickle your fancy,iconic london,lip plumping gloss,tickle your fancy,,,https://www.sephora.com/productimages/sku/s2217032-main-zoom.jpg?imwidth=135&imwidth=160,light cream peach,peach,peach,,,,,,,,,,cream,,,,,,
lipgloss,inc.redible roller baby lip gloss rolling like a honey,inc.redible,roller baby lip gloss,rolling like a honey,,,https://www.sephora.com/productimages/sku/s2200616-main-zoom.jpg?imwidth=1224,subtle peach tint,peach,peach,,,,,,,,,,tint,,,,,,
lipgloss,inika organic lip glaze blossom,inika organic,lip glaze,blossom,TRUE,,,iridescent nude peach,nude peach,nude peach,,,,,,,,,,iridescent,,,,,,
lipgloss,jeffree star cosmetics the gloss peach price tag,jeffree star cosmetics,the gloss,peach price tag,,,,soft peach with a green pearl and a high-shine finish,peach,peach,green pearl,,,,,,,,,pearl,high shine,,,,,
lipgloss,jouer cosmetics high pigment pearl lip gloss maui,jouer cosmetics,high pigment pearl lip gloss,maui,,,,warm peach pearl,warm peach,peach,,,,warm,,,,,,pearl,,,,,,
lipgloss,jouer cosmetics tinted lip oil esprit,jouer cosmetics,tinted lip oil,esprit,,,,sheer honey peach,honey peach,honey peach,,,,,,,,,,sheer,,,,,,
lipgloss,juvia's place nubian earth lip gloss mirage,juvia's place,nubian earth lip gloss,mirage,,TRUE,,shimmery peach,peach,peach,,,,,,,,,,shimmery,,,,,,
lipgloss,laura mercier lip glacé 360 cherry blossom,laura mercier,lip glacé,360 cherry blossom,,,https://www.lauramercier.com/cdn/shop/products/LM_SP22_LipGlace_CherryBlossom_TX_2000x2000_R72.jpg?v=1701984469&width=1500,cool midtone peach,cool midtone peach,peach,,,,cool,,,,,,,,,,,,
lipgloss,lawless lip shine lip gloss georgia,lawless,lip shine lip gloss,georgia,,,https://www.sephora.com/productimages/sku/s2297810-main-zoom.jpg?imwidth=1224,milky pale peach,peach,peach,,,,,,,,,,milky,,,,,,
lipgloss,lh cosmetics infinity lip gloss pastel peach,lh cosmetics,infinity lip gloss,Pastel peach,,,,warm light peach,warm light peach,peach,,,,warm,,,,,,,,,,,,
lipgloss,lilah b. lovingly lip tinted lip oil b.brilliant,lilah b.,lovingly lip tinted lip oil,b.brilliant,,,https://www.sephora.com/productimages/sku/s2325967-main-zoom.jpg?imwidth=1224,bare peach,peach,peach,,,,,,,,,,bare,,,,,,
lipgloss,lily lolo lip gloss peachy keen,lily lolo,lip gloss,peachy keen,,,,sheer peach shimmer,peach,peach,,,,,,,,,,sheer,shimmer,,,,,
lipgloss,lime crime diamond crusher lip topper summer,lime crime,diamond crusher lip topper,summer,,,"https://images.ulta.com/is/image/Ulta/2520535?id=0mqaW0&fmt=jpg&fit=constrain,1&wid=139&hei=359&op_sharpen=1&resMode=bilin",sparkling peach,peach,peach,,,,,,,,,,sparkling,,,,,,
lipgloss,lime crime wet cherry lip gloss flaming cherry,lime crime,wet cherry lip gloss,flaming cherry,,,"https://images.ulta.com/is/image/Ulta/2546876?id=sPNao3&fmt=jpg&fit=constrain,1&wid=195&hei=361&op_sharpen=1&resMode=bilin",bright peach,peach,peach,,,,,,,,,,,,,,,,
lipgloss,lime crime wet cherry lip gloss unripe cherry,lime crime,wet cherry lip gloss,unripe cherry,,,"https://images.ulta.com/is/image/Ulta/2544328sm?$md$&id=NDNaY0&fmt=jpg&fit=constrain,1&wid=260&hei=65&op_sharpen=1&resMode=bilin",soft peach,peach,peach,,,,,,,,,,,,,,,,
lipgloss,lipstick queen reign & shine lip gloss consort of coral,lipstick queen,reign & shine lip gloss,consort of coral,,,"https://images.ulta.com/is/image/Ulta/2543169?id=j01bh1&fmt=jpg&fit=constrain,1&wid=84&hei=359&op_sharpen=1&resMode=bilin",a subtle peach w/ soft undertones,soft peach,peach,,,,,,,soft,,,,,,,,,
lipgloss,lipstick queen reign & shine lip gloss empress of apricot,lipstick queen,reign & shine lip gloss,empress of apricot,,,"https://images.ulta.com/is/image/Ulta/2526548?id=Mmgax3&fmt=jpg&fit=constrain,1&wid=140&hei=361&op_sharpen=1&resMode=bilin",sheer pop of peach w/ warm undertones,warm peach,peach,,,,warm,,,,,,sheer,,,,,,
lipgloss,mac cosmetics huggable glass kind kiss,mac cosmetics,huggable glass,kind kiss,,,,sheer light peach,light peach,peach,,,,,,,light,,,sheer,,,,,,
lipgloss,mac cosmetics lipglass prrr,mac cosmetics,lipglass,prrr,,,https://media.ulta.com/i/ulta/2510606_sm?w=1080&h=1080&fmt=auto,soft pinky-peach w/ icy shimmer,soft pink peach,pink peach,,,,,,,soft,,,shimmer,,,icy shimmer,,,
lipgloss,made by mitchell blursh beam gloss natural nights,made by mitchell,blursh beam gloss,natural nights,,,,light peach with a silver glitter shift,light peach,peach,silver glitter shift,,,,,,light,,,glitter shift,,,,,,
lipgloss,made by mitchell blursh beam gloss nude mood,made by mitchell,blursh beam gloss,nude mood,,,,a soft neutral peach,neutral soft peach,peach,,,,neutral,,,soft,,,,,,,,,
lipgloss,makeup by mario moistureglow plumping lip serum apricot glow,makeup by mario,moistureglow plumping lip serum,apricot glow,,,,warm peach,warm peach,peach,,,,warm,,,,,,,,,,,,
lipgloss,marc jacobs beauty enamored hi-shine lip lacquer lipgloss 316 french tickler,marc jacobs beauty,enamored hi-shine lip lacquer lipgloss,316 french tickler,,,https://www.sephora.com/productimages/sku/s1687474-main-zoom.jpg?imwidth=1224,iridescent peach shimmer,peach,peach,,,,,,,,,,iridescent,,,,,,
lipgloss,mented cosmetics lip gloss coralition,mented cosmetics,lip gloss,coralition,,TRUE,"https://images.ulta.com/is/image/Ulta/2578722?id=nkyaG2&fmt=jpg&fit=constrain,1&wid=130&hei=361&op_sharpen=1&resMode=bilin",coral peach,coral peach,coral peach,,,,,,,,,,,,,,,,
lipgloss,merit shade slick tinted lip oil marrakech,merit,shade slick tinted lip oil,marrakech,,,https://www.sephora.com/productimages/sku/s2426732-main-zoom.jpg?imwidth=1000,bright peach,bright peach,peach,,,,,,,bright,,,,,,,,,
lipgloss,milani keep it full nourishing lip plumper 03 prismatic peach,milani,keep it full nourishing lip plumper,03 prismatic peach,,,"https://images.ulta.com/is/image/Ulta/2529568?id=lJ6bR0&fmt=jpg&fit=constrain,1&wid=164&hei=361&op_sharpen=1&resMode=bilin",shimmery peach with pink reflects,peach,peach,pink reflects,,,,,,,,,shimmery,,,,,,
lipgloss,milani keep it full nourishing lip plumper 04 luminoso,milani,keep it full nourishing lip plumper,04 luminoso,,,"https://images.ulta.com/is/image/Ulta/2529566?id=Z_qbV3&fmt=jpg&fit=constrain,1&wid=159&hei=361&op_sharpen=1&resMode=bilin",shimmery peach with gold reflects,peach,peach,gold reflects,,,,,,,,,shimmery,,,,,,
lipgloss,morphe 2 glassified lip oil extra glaze,morphe 2,glassified lip oil,extra glaze,,,,sheer peach,peach,peach,,,,,,,,,,sheer,,,,,,
lipgloss,morphe 2 happy glaze lip gloss all smiles,morphe 2,happy glaze lip gloss,all smiles,,,,prismatic peach shimmer,peach,peach,,,,,,,,,,shimmer,,,,,,
lipgloss,morphe wondertint cheek & lip mousse dream,morphe,wondertint cheek & lip mousse,dream,,,https://www.mecca.com.au/on/demandware.static/-/Sites-mecca-online-catalog/default/dw4c2ba3da/product/morphe/hr/i-045517-m2-lip-and-cheek-hype-1-940.jpg,soft peach,soft peach,peach,,,,,,,soft,,,,,,,,,
lipgloss,nars afterglow lip shine gloss deep realm,nars,afterglow lip shine gloss,deep realm,,,,glossy neutral peach,neutral peach,peach,,,,neutral,,,,,,glossy,,,,,,
lipgloss,nars afterglow lip shine gloss egoiste,nars,afterglow lip shine gloss,egoiste,,,,glossy bright peach,bright peach,peach,,,,,,,bright,,,glossy,,,,,,
lipgloss,nars afterglow lip shine gloss sunrush,nars,afterglow lip shine gloss,sunrush,,,,shimmering peach with pink pearl,peach,peach,pink pearl,,,,,,,,,shimmering,,,,,,
lipgloss,nars lip gloss giza,nars,lip gloss,giza,,,,sheer peach,peach,peach,,,,,,,,,,sheer,,,,,,
lipgloss,nars lip gloss outrage,nars,lip gloss,outrage,,,,light peach,light peach,peach,,,,,,,light,,,,,,,,,
lipgloss,nude envie lip gloss whisper,nude envie,lip gloss,whisper,,,https://nudeenvie.com/cdn/shop/files/Whisperlipglosswithaward_590x.png?v=1698872097,peachy with a pearly sheen,peach,peach,,,,,,,,,,pearly,,,,,,
lipgloss,ofra cosmetics lip gloss apricot dream,ofra cosmetics,lip gloss,apricot dream,,,https://images.ctfassets.net/jfmoo9v2wmty/2XUYXl60kazJTpz31N7i9I/0b869e4bcd1d8dac09a005cd0fdbf8e3/Apricot-Dream-Lipgloss.png?w=500&fm=webp,sheer shimmering peach,peach,peach,,,,,,,,,,sheer,,,,,,
lipgloss,ofra cosmetics lip gloss chill pink,ofra cosmetics,lip gloss,chill pink,,,https://images.ctfassets.net/jfmoo9v2wmty/4MSwRFhAbtjUf679yhiSs2/efda5a36d148f84c215b854f5ee9c00a/chill-pink.png?w=500&fm=webp,opaque pinky peach,pink peach,pink peach,,,,,,,,,,opaque,,,,,,
lipgloss,ogee tinted sculpted lip oil linnea,ogee,tinted sculpted lip oil,linnea,,,https://cdn.shopify.com/s/files/1/0007/9858/8989/products/OGEE-LIPOIL-SWATCH-MAGNOLIA-8_750x.jpg?v=1681418364,shimmery peach,peach,peach,,,,,,,,,,shimmery,,,,,,
lipgloss,pat mcgrath labs lip fetish sheer colour balm passion flower,pat mcgrath labs,lip fetish sheer colour balm,passion flower,,TRUE,https://www.sephora.com/productimages/sku/s2372480-main-zoom.jpg?imwidth=1000,pale peach,pale peach,peach,,,,,,,pale,,,,,,,,,
lipgloss,pat mcgrath labs lust: gloss aphrodisiac,pat mcgrath labs,lust: gloss,aphrodisiac,,TRUE,https://n.nordstrommedia.com/id/sr3/22e8f1ed-b8eb-4ed0-b818-09ecebf14fa7.jpeg?crop=pad&w=1950&h=2990&dpr=2,mid-tone peach,midtone peach,peach,,,,,,,midtone,,,,,,,,,
lipgloss,pat mcgrath labs lust: gloss peach perversion,pat mcgrath labs,lust: gloss,peach perversion,,TRUE,https://www.sephora.com/productimages/sku/s2187979-main-zoom.jpg?imwidth=1000,pale peach with iridescent pearl,pale peach,peach,,,,,,,pale,,,,,,,,,
lipgloss,patrick ta major glow lip shine is she younger than me?,patrick ta,major glow lip shine,is she younger than me?,,TRUE,https://www.sephora.com/productimages/sku/s2221299-main-zoom.jpg?imwidth=1224,bright peachy pearl,bright peach,peach,,,,,,,bright,,,,,,,,,
lipgloss,peaches & cream lip gloss bellini,peaches & cream,lip gloss,bellini,,,,vibrant peach with golden sparkles,vibrant peach,peach,,,,,,,vibrant,,,sparkle,,,golden sparkle,,,
lipgloss,peaches & cream lip gloss tease,peaches & cream,lip gloss,tease,,,,delicate pale with pinky peach undertones,delicate pink peach,pink peach,,,,,,,delicate,pale,,,,,,,,
lipgloss,rare beauty by selena gomez soft pinch tinted lip oil joy,rare beauty by selena gomez,soft pinch tinted lip oil,joy,,TRUE,,muted peach,peach,peach,,,,,,,,,muted,,,,,,,
lipgloss,saie really great gloss oil-infused shiny sheer lipgloss cute,saie,really great gloss oil-infused shiny sheer lipgloss,cute,,,https://www.sephora.com/productimages/sku/s2414050-main-zoom.jpg?imwidth=1000,juicy white peach,white peach,white peach,,,,,,juicy,,,,,,,,,,
lipgloss,saint cosmetics amplified lip lacquer champagne,saint cosmetics,amplified lip lacquer,champagne,,,,pearly light peach,light peach,peach,,,,,,,light,,,pearly,,,,,,
lipgloss,saint cosmetics amplified lip lacquer peach cosmo,saint cosmetics,amplified lip lacquer,peach cosmo,,,,glossy pinky peach,pink peach,pink peach,,,,,,,,,,glossy,,,,,,
lipgloss,saint cosmetics amplified lip lacquer sparkly peach,saint cosmetics,amplified lip lacquer,sparkly peach,,,,shimmery light peach,light peach,peach,,,,,,,light,,,shimmery,,,,,,
lipgloss,sephora collection ultra shine lip gloss 21 fresh peach,sephora collection,ultra shine lip gloss,21 fresh peach,,,https://www.sephora.com/productimages/sku/s1691278-main-zoom.jpg?pb=2020-03-sephora-value-2020&imwidth=60,shimmer pink peach with gold pearl,pink peach,pink peach,gold pearl,,,,,,,,,shimmer,pearl,,,,,
lipgloss,stila beauty boss lip gloss elevator pitch,stila,beauty boss lip gloss,elevator pitch,,,"https://images.ulta.com/is/image/Ulta/2544419_prod_altimg_1?id=eE3bp3&fmt=jpg&fit=constrain,1&wid=260&hei=260&op_sharpen=1&resMode=bilin",sheer peach duo-chrome w/ fire opal shimmer,peach,peach,,,,,,,,,,sheer,duo chrome,shimmer,fire opal shimmer,,,
lipgloss,stila beauty boss lip gloss watercooler,stila,beauty boss lip gloss,watercooler,,,"https://images.ulta.com/is/image/Ulta/2563341?id=XtEa42&fmt=jpg&fit=constrain,1&wid=154&hei=361&op_sharpen=1&resMode=bilin",light peach,light peach,peach,,,,,,,light,,,,,,,,,
lipgloss,stila plumping lip glaze angelico,stila,plumping lip glaze,angelico,,,https://www.stilacosmetics.com/cdn/shop/products/PDP-2048x2048-LIPGLAZE-Angelica-swatch.jpg?v=1714506811&width=1500,soft nude peach,soft nude peach,nude peach,,,,,,,soft,,,,,,,,,
lipgloss,stila plumping lip glaze prosecco,stila,plumping lip glaze,prosecco,,,"https://images.ulta.com/is/image/Ulta/2579120?id=zE_ak1&fmt=jpg&fit=constrain,1&wid=126&hei=360&op_sharpen=1&resMode=bilin",bright peach,bright peach,peach,,,,,,,bright,,,,,,,,,
lipgloss,surratt beauty lip lustre charmante,surratt beauty,lip lustre,charmante,,TRUE,https://www.mecca.com.au/on/demandware.static/-/Sites-mecca-online-catalog/default/dw4a98d80e/product/surrat/hr/i-021384-lip-lustre-bon-vivant-1-940.jpg,charming peach,peach,peach,,,,,,charming,,,,,,,,,,
lipgloss,too faced lip injection power plumping lip gloss secret sauce,too faced,lip injection power plumping lip gloss,secret sauce,,,https://www.sephora.com/productimages/sku/s2411056-main-zoom.jpg?imwidth=1000,light peach w sparkle (glitter finish,light peach,peach,,,,,,,light,,,glitter,sparkle,,,,,
lipgloss,ulta plumped up pout candy stick,ulta,plumped up pout,candy stick,,,"https://images.ulta.com/is/image/Ulta/2552999?id=dPbbu2&fmt=jpg&fit=constrain,1&wid=85&hei=362&op_sharpen=1&resMode=bilin",bright peach shimmer,bright peach,peach,,,,,,,bright,,,shimmer,,,,,,
lipgloss,ulta plumped up pout sweet taffy,ulta,plumped up pout,sweet taffy,,,"https://images.ulta.com/is/image/Ulta/2552998?id=BM_a21&fmt=jpg&fit=constrain,1&wid=85&hei=362&op_sharpen=1&resMode=bilin",pale nude peach,pale nude peach,nude peach,,,,,,,pale,,,,,,,,,
lipgloss,ulta tinted juice infused lip oil passionate peach,ulta,tinted juice infused lip oil,passionate peach,,,https://m.media-amazon.com/images/I/518frXl5+vL._SL1179_.jpg,cool peach,cool peach,peach,,,,cool,,,,,,,,,,,,
lipgloss,vesca beauty lush glow creamy lip oil ginger lily,vesca beauty,lush glow creamy lip oil,ginger lily,,,,peach,peach,peach,,,,,,,,,,,,,,,,
lipgloss,vieve muse lip dew pesca,vieve muse,lip dew,pesca,,,,for a peach-perfect pout inspired by our award-winning sunset blush shade,peach,peach,,,,,,,,,,,,,,,,
lipgloss,wayne goss the high shine gloss hyacinth,wayne goss,the high shine gloss,hyacinth,,,,soft pink peach,soft pink peach,pink peach,,,,,,,soft,,,,,,,,,
lipgloss,youngblood mineral cosmetics lipgloss mesmerize,youngblood mineral cosmetics,lipgloss,mesmerize,,,,peach with gold shimmer,peach,peach,,,,,,,,,,shimmer,,,gold shimmer,,,
lipgloss,youngblood mineral cosmetics lipgloss uptown,youngblood mineral cosmetics,lipgloss,uptown,,,,peach with subtle gold pearl,peach,peach,subtle gold pearl,,,,,,,,,pearl,,,,,,
lipliner,anastasia beverly hills lip liner peach amber,anastasia beverly hills,lip liner,peach amber,,,,deep warm peach,warm deep peach,peach,,,,warm,,,deep,,,,,,,,,
lipliner,armani beauty smooth silk lip pencil 2,armani beauty,smooth silk lip pencil,2,,,,"light warm, peach",warm light peach,peach,,,,warm,,,light,,,,,,,,,
lipliner,beauty care naturals lip liner peach,beauty care naturals,lip liner,peach,,,,"rosy, warm, muted peach",warm rose peach,rose peach,,,,warm,,,,,muted,,,,,,,
lipliner,colourpop lip crayon rise n shine,colourpop,lip crayon,rise n shine,,,"https://images.ulta.com/is/image/Ulta/2561417?id=nhUaq3&fmt=jpg&fit=constrain,1&wid=142&hei=359&op_sharpen=1&resMode=bilin",sheer pale peach,pale peach,peach,,,,,,,pale,,,sheer,,,,,,
lipliner,emolyne cosmetics defining lip fes,emolyne cosmetics,defining lip,fes,,TRUE,,muted peach,peach,peach,,,,,,,,,muted,,,,,,,
lipliner,emolyne cosmetics defining lip tanzania,emolyne cosmetics,defining lip,tanzania,,TRUE,,"mauve peach shade recommended for fair warm, olive warm skin tones",mauve peach,mauve peach,,fair warm,olive warm,,,,,,,,,,,,,
lipliner,half magic sculptitude how about no and boundaries,half magic,sculptitude,how about no and boundaries,,,,light peach and true brick,light peach,peach,,,,,,,light,,,,,,,,,
lipliner,haus labs by lady gaga rip lip liner en pointe,haus labs by lady gaga,rip lip liner,en pointe,,,,peach neutral,neutral peach,peach,,,,neutral,,,,,,,,,,,,
lipliner,jeffree star cosmetics velour lip liner i'm nude,jeffree star cosmetics,velour lip liner,i'm nude,,,,light beige peach with a matte finish,light beige peach,beige peach,,,,,,,light,,,matte,,,,,,
lipliner,lh cosmetics crayon lipliner bite,lh cosmetics,crayon lipliner,bite,,,,deep muted peach,deep muted peach,peach,,,,,,,deep,,muted,,,,,,,
lipliner,mented cosmetics lip liner peach,mented cosmetics,lip liner,peach,,TRUE,"https://images.ulta.com/is/image/Ulta/2578221?id=ZSSaN1&fmt=jpg&fit=constrain,1&wid=25&hei=362&op_sharpen=1&resMode=bilin",subtle peach,subtle peach,peach,,,,,,,subtle,,,,,,,,,
lipliner,nyx professional makeup line loud vegan longwear lip liner movin' up,nyx professional makeup,line loud vegan longwear lip liner,movin' up,,TRUE,,bright pink peach,pink peach,pink peach,,,,,,,bright,,,,,,,,,
lipliner,nyx professional makeup slide on lip pencil pink canteloupe,nyx professional makeup,slide on lip pencil,pink canteloupe,,TRUE,https://target.scene7.com/is/image/Target/GUEST_55cb8eb5-f224-417f-a37b-e9a1dea925a1?wid=700&hei=700&qlt=80&fmt=webp,pastel peach,pastel peach,peach,,,,,,,pastel,,,,,,,,,
lipliner,rare beauty by selena gomez kind words lip liner creative,rare beauty by selena gomez,kind words lip liner,creative,,TRUE,,muted peach,peach,peach,,,,,,,,,muted,,,,,,,
lipliner,runway room lip liner nineties brown,runway room,lip liner,nineties brown,,,,nude/peach,nude peach,nude peach,,,,,,,,,,,,,,,,
lipliner,sephora collection rouge gel lip liner 33 let's get lost,sephora collection,rouge gel lip liner,33 let's get lost,,,,matte peach,peach,peach,,,,,,,,,,matte,,,,,,
lipliner,stila complete harmony lip & cheek stick sheer petunia,stila,complete harmony lip & cheek stick,sheer petunia,,,"https://images.ulta.com/is/image/Ulta/2563335?id=c7EaP3&fmt=jpg&fit=constrain,1&wid=260&hei=308&op_sharpen=1&resMode=bilin",coral peach,coral peach,coral peach,,,,,,,,,,,,,,,,
lipliner,ulta automatic lip liner peach,ulta,automatic lip liner,peach,,,"https://images.ulta.com/is/image/Ulta/1951019?id=H2Aah3&fmt=jpg&fit=constrain,1&wid=23&hei=362&op_sharpen=1&resMode=bilin",light peach matte,light peach,peach,,,,,,,light,,,matte,,,,,,
lipliner,victoria beckham beauty lip definer no. 01,victoria beckham beauty,lip definer,no. 01,,,https://victoriabeckhambeauty.com/cdn/shop/files/Lip_Definer_01_105012_02_940x940__1___1.png?v=1686060742&width=960,pale peach for fair to light lip tones,pale peach,peach,,fair to light,,,,,pale,,,,,,,,,