consumer_id,shade_id,skin_tone,consumer_undertone,age_group,hedonic_score,image_file,color_family,undertone,finish,L_star,a_star,b_star,hue_deg,saturation,brightness
C001,S362,Fair,Neutral,18-24,5,IMG_362.png,Coral,Warm,Glossy,44.59,39.79,42.75,47.06,100.0,42.55
C001,S074,Fair,Neutral,18-24,5,IMG_074.png,Brown,Warm,Satin,33.57,18.57,30.19,58.4,74.8,34.04
C001,S375,Fair,Neutral,18-24,6,IMG_375.png,Mauve,Warm,Matte,48.6,21.85,14.88,34.26,58.85,46.15
C001,S156,Fair,Neutral,18-24,5,IMG_156.png,Berry,Cool,Matte,49.66,32.99,2.37,4.12,81.61,49.8
C001,S105,Fair,Neutral,18-24,8,IMG_105.png,Orange,Neutral,Satin,43.96,31.98,45.0,54.6,95.09,43.2
C001,S395,Fair,Neutral,18-24,7,IMG_395.png,Pink,Neutral,Matte,63.76,31.9,3.06,5.49,67.76,62.34
C001,S378,Fair,Neutral,18-24,5,IMG_378.png,Plum,Cool,Satin,34.57,36.3,-11.39,342.58,79.39,34.97
C001,S125,Fair,Neutral,18-24,5,IMG_125.png,Brown,Warm,Satin,37.1,19.35,27.23,54.6,83.32,36.88
C001,S069,Fair,Neutral,18-24,6,IMG_069.png,Mauve,Warm,Satin,50.92,23.73,4.49,10.72,61.53,52.34
C001,S451,Fair,Neutral,18-24,6,IMG_451.png,Berry,Warm,Satin,46.36,43.95,-0.07,359.91,87.49,43.78
C001,S010,Fair,Neutral,18-24,8,IMG_010.png,Orange,Cool,Matte,64.14,27.86,33.47,50.22,86.36,65.06
C001,S195,Fair,Neutral,18-24,4,IMG_195.png,Plum,Warm,Matte,30.1,24.27,-9.32,338.99,62.78,30.42
C001,S407,Fair,Neutral,18-24,7,IMG_407.png,Coral,Cool,Matte,45.34,34.17,21.6,32.3,88.31,44.23
C001,S085,Fair,Neutral,18-24,6,IMG_085.png,Orange,Warm,Satin,44.61,33.92,42.86,51.64,93.54,46.28
C001,S372,Fair,Neutral,18-24,7,IMG_372.png,Berry,Neutral,Satin,51.76,37.7,9.95,14.78,80.47,50.23
C001,S389,Fair,Neutral,18-24,5,IMG_389.png,Berry,Neutral,Glossy,37.98,38.26,-5.12,352.38,79.83,35.73
C001,S496,Fair,Neutral,18-24,9,IMG_496.png,Orange,Neutral,Satin,63.61,26.61,43.06,58.29,94.45,62.31
C001,S031,Fair,Neutral,18-24,5,IMG_031.png,Plum,Neutral,Satin,29.74,29.53,-15.0,333.07,69.1,34.0
C001,S317,Fair,Neutral,18-24,5,IMG_317.png,Nude,Warm,Glossy,49.49,17.95,18.57,45.98,72.61,52.36
C001,S409,Fair,Neutral,18-24,5,IMG_409.png,Red,Neutral,Glossy,41.5,45.1,20.21,24.14,94.06,40.62
C001,S491,Fair,Neutral,18-24,6,IMG_491.png,Coral,Cool,Matte,63.93,27.99,18.86,33.97,73.98,62.27
C001,S492,Fair,Neutral,18-24,5,IMG_492.png,Mauve,Warm,Glossy,55.1,22.72,7.8,18.95,61.46,53.01
C001,S281,Fair,Neutral,18-24,8,IMG_281.png,Orange,Warm,Matte,60.83,29.03,43.83,56.48,100.0,60.4
C001,S357,Fair,Neutral,18-24,3,IMG_357.png,Brown,Cool,Matte,26.54,8.39,10.47,51.3,56.74,27.15
C001,S077,Fair,Neutral,18-24,5,IMG_077.png,Mauve,Warm,Matte,41.89,27.69,3.2,6.6,63.54,42.78
C001,S462,Fair,Neutral,18-24,7,IMG_462.png,Orange,Cool,Matte,62.73,31.4,31.55,45.13,93.64,64.55
C001,S498,Fair,Neutral,18-24,6,IMG_498.png,Pink,Neutral,Matte,62.17,31.28,11.43,20.08,85.25,62.51
C001,S212,Fair,Neutral,18-24,5,IMG_212.png,Plum,Cool,Matte,36.22,24.36,-15.0,328.38,59.84,36.7
C001,S102,Fair,Neutral,18-24,7,IMG_102.png,Orange,Neutral,Satin,67.72,35.5,37.34,46.45,90.45,67.09
C001,S335,Fair,Neutral,18-24,9,IMG_335.png,Orange,Neutral,Glossy,65.14,24.44,42.18,59.91,99.55,65.56
C001,S476,Fair,Neutral,18-24,6,IMG_476.png,Mauve,Warm,Matte,60.59,26.41,8.59,18.01,68.95,60.25
C001,S337,Fair,Neutral,18-24,9,IMG_337.png,Pink,Neutral,Satin,60.41,30.57,8.81,16.07,80.2,58.23
C001,S441,Fair,Neutral,18-24,7,IMG_441.png,Coral,Neutral,Satin,50.89,43.17,19.48,24.29,96.73,50.39
C001,S174,Fair,Neutral,18-24,6,IMG_174.png,Coral,Cool,Matte,60.02,33.42,19.58,30.36,79.89,60.94
C001,S003,Fair,Neutral,18-24,6,IMG_003.png,Nude,Cool,Glossy,61.7,15.08,5.74,20.85,56.97,60.84
C001,S334,Fair,Neutral,18-24,6,IMG_334.png,Pink,Warm,Glossy,53.81,29.68,12.52,22.87,80.21,54.8
C001,S410,Fair,Neutral,18-24,5,IMG_410.png,Pink,Cool,Glossy,72.37,34.7,6.55,10.69,81.42,73.34
C001,S071,Fair,Neutral,18-24,5,IMG_071.png,Mauve,Warm,Matte,46.67,24.65,9.83,21.74,65.36,48.47
C001,S210,Fair,Neutral,18-24,7,IMG_210.png,Mauve,Neutral,Satin,48.16,28.2,0.31,0.63,72.26,47.88
C001,S064,Fair,Neutral,18-24,7,IMG_064.png,Nude,Neutral,Matte,57.68,8.49,1.18,7.9,46.71,62.52
C001,S385,Fair,Neutral,18-24,6,IMG_385.png,Berry,Warm,Satin,54.08,40.96,-4.88,353.21,89.28,56.18
C001,S094,Fair,Neutral,18-24,7,IMG_094.png,Nude,Cool,Matte,52.28,4.76,16.16,73.58,53.43,48.56
C001,S486,Fair,Neutral,18-24,7,IMG_486.png,Coral,Cool,Satin,56.54,36.42,21.42,30.47,88.45,57.18
C001,S186,Fair,Neutral,18-24,5,IMG_186.png,Plum,Neutral,Satin,36.97,30.89,-11.08,340.27,75.99,35.73
C001,S034,Fair,Neutral,18-24,6,IMG_034.png,Mauve,Cool,Matte,54.83,30.06,0.19,0.36,73.34,54.83
C001,S078,Fair,Neutral,18-24,3,IMG_078.png,Plum,Warm,Satin,39.28,31.21,-5.96,349.19,72.75,39.35
C001,S001,Fair,Neutral,18-24,6,IMG_001.png,Nude,Neutral,Glossy,67.64,6.24,9.49,56.65,53.13,67.01
C001,S012,Fair,Neutral,18-24,7,IMG_012.png,Pink,Neutral,Matte,57.46,29.6,-0.44,359.15,65.33,54.81
C001,S416,Fair,Neutral,18-24,5,IMG_416.png,Berry,Cool,Glossy,44.52,42.13,-10.82,345.6,74.33,43.28
C001,S023,Fair,Neutral,18-24,7,IMG_023.png,Pink,Warm,Glossy,59.29,31.43,20.39,32.97,79.16,61.5
C002,S362,Tan,Neutral,18-24,7,IMG_362.png,Coral,Warm,Glossy,44.59,39.79,42.75,47.06,100.0,42.55
C002,S074,Tan,Neutral,18-24,4,IMG_074.png,Brown,Warm,Satin,33.57,18.57,30.19,58.4,74.8,34.04
C002,S375,Tan,Neutral,18-24,6,IMG_375.png,Mauve,Warm,Matte,48.6,21.85,14.88,34.26,58.85,46.15
C002,S156,Tan,Neutral,18-24,8,IMG_156.png,Berry,Cool,Matte,49.66,32.99,2.37,4.12,81.61,49.8
C002,S105,Tan,Neutral,18-24,7,IMG_105.png,Orange,Neutral,Satin,43.96,31.98,45.0,54.6,95.09,43.2
C002,S395,Tan,Neutral,18-24,7,IMG_395.png,Pink,Neutral,Matte,63.76,31.9,3.06,5.49,67.76,62.34
C002,S378,Tan,Neutral,18-24,6,IMG_378.png,Plum,Cool,Satin,34.57,36.3,-11.39,342.58,79.39,34.97
C002,S125,Tan,Neutral,18-24,6,IMG_125.png,Brown,Warm,Satin,37.1,19.35,27.23,54.6,83.32,36.88
C002,S069,Tan,Neutral,18-24,8,IMG_069.png,Mauve,Warm,Satin,50.92,23.73,4.49,10.72,61.53,52.34
C002,S451,Tan,Neutral,18-24,7,IMG_451.png,Berry,Warm,Satin,46.36,43.95,-0.07,359.91,87.49,43.78
C002,S010,Tan,Neutral,18-24,5,IMG_010.png,Orange,Cool,Matte,64.14,27.86,33.47,50.22,86.36,65.06
C002,S195,Tan,Neutral,18-24,5,IMG_195.png,Plum,Warm,Matte,30.1,24.27,-9.32,338.99,62.78,30.42
C002,S407,Tan,Neutral,18-24,6,IMG_407.png,Coral,Cool,Matte,45.34,34.17,21.6,32.3,88.31,44.23
C002,S085,Tan,Neutral,18-24,7,IMG_085.png,Orange,Warm,Satin,44.61,33.92,42.86,51.64,93.54,46.28
C002,S372,Tan,Neutral,18-24,8,IMG_372.png,Berry,Neutral,Satin,51.76,37.7,9.95,14.78,80.47,50.23
C002,S389,Tan,Neutral,18-24,9,IMG_389.png,Berry,Neutral,Glossy,37.98,38.26,-5.12,352.38,79.83,35.73
C002,S496,Tan,Neutral,18-24,7,IMG_496.png,Orange,Neutral,Satin,63.61,26.61,43.06,58.29,94.45,62.31
C002,S031,Tan,Neutral,18-24,6,IMG_031.png,Plum,Neutral,Satin,29.74,29.53,-15.0,333.07,69.1,34.0
C002,S317,Tan,Neutral,18-24,5,IMG_317.png,Nude,Warm,Glossy,49.49,17.95,18.57,45.98,72.61,52.36
C002,S409,Tan,Neutral,18-24,6,IMG_409.png,Red,Neutral,Glossy,41.5,45.1,20.21,24.14,94.06,40.62
C002,S491,Tan,Neutral,18-24,6,IMG_491.png,Coral,Cool,Matte,63.93,27.99,18.86,33.97,73.98,62.27
C002,S492,Tan,Neutral,18-24,6,IMG_492.png,Mauve,Warm,Glossy,55.1,22.72,7.8,18.95,61.46,53.01
C002,S281,Tan,Neutral,18-24,3,IMG_281.png,Orange,Warm,Matte,60.83,29.03,43.83,56.48,100.0,60.4
C002,S357,Tan,Neutral,18-24,6,IMG_357.png,Brown,Cool,Matte,26.54,8.39,10.47,51.3,56.74,27.15
C002,S077,Tan,Neutral,18-24,6,IMG_077.png,Mauve,Warm,Matte,41.89,27.69,3.2,6.6,63.54,42.78
C002,S462,Tan,Neutral,18-24,5,IMG_462.png,Orange,Cool,Matte,62.73,31.4,31.55,45.13,93.64,64.55
C002,S498,Tan,Neutral,18-24,7,IMG_498.png,Pink,Neutral,Matte,62.17,31.28,11.43,20.08,85.25,62.51
C002,S212,Tan,Neutral,18-24,5,IMG_212.png,Plum,Cool,Matte,36.22,24.36,-15.0,328.38,59.84,36.7
C002,S102,Tan,Neutral,18-24,5,IMG_102.png,Orange,Neutral,Satin,67.72,35.5,37.34,46.45,90.45,67.09
C002,S335,Tan,Neutral,18-24,6,IMG_335.png,Orange,Neutral,Glossy,65.14,24.44,42.18,59.91,99.55,65.56
C002,S476,Tan,Neutral,18-24,7,IMG_476.png,Mauve,Warm,Matte,60.59,26.41,8.59,18.01,68.95,60.25
C002,S337,Tan,Neutral,18-24,8,IMG_337.png,Pink,Neutral,Satin,60.41,30.57,8.81,16.07,80.2,58.23
C002,S441,Tan,Neutral,18-24,7,IMG_441.png,Coral,Neutral,Satin,50.89,43.17,19.48,24.29,96.73,50.39
C002,S174,Tan,Neutral,18-24,6,IMG_174.png,Coral,Cool,Matte,60.02,33.42,19.58,30.36,79.89,60.94
C002,S003,Tan,Neutral,18-24,6,IMG_003.png,Nude,Cool,Glossy,61.7,15.08,5.74,20.85,56.97,60.84
C002,S334,Tan,Neutral,18-24,5,IMG_334.png,Pink,Warm,Glossy,53.81,29.68,12.52,22.87,80.21,54.8
C002,S410,Tan,Neutral,18-24,5,IMG_410.png,Pink,Cool,Glossy,72.37,34.7,6.55,10.69,81.42,73.34
C002,S071,Tan,Neutral,18-24,6,IMG_071.png,Mauve,Warm,Matte,46.67,24.65,9.83,21.74,65.36,48.47
C002,S210,Tan,Neutral,18-24,8,IMG_210.png,Mauve,Neutral,Satin,48.16,28.2,0.31,0.63,72.26,47.88
C002,S064,Tan,Neutral,18-24,6,IMG_064.png,Nude,Neutral,Matte,57.68,8.49,1.18,7.9,46.71,62.52
C002,S385,Tan,Neutral,18-24,8,IMG_385.png,Berry,Warm,Satin,54.08,40.96,-4.88,353.21,89.28,56.18
C002,S094,Tan,Neutral,18-24,6,IMG_094.png,Nude,Cool,Matte,52.28,4.76,16.16,73.58,53.43,48.56
C002,S486,Tan,Neutral,18-24,3,IMG_486.png,Coral,Cool,Satin,56.54,36.42,21.42,30.47,88.45,57.18
C002,S186,Tan,Neutral,18-24,7,IMG_186.png,Plum,Neutral,Satin,36.97,30.89,-11.08,340.27,75.99,35.73
C002,S034,Tan,Neutral,18-24,6,IMG_034.png,Mauve,Cool,Matte,54.83,30.06,0.19,0.36,73.34,54.83
C002,S078,Tan,Neutral,18-24,6,IMG_078.png,Plum,Warm,Satin,39.28,31.21,-5.96,349.19,72.75,39.35
C002,S001,Tan,Neutral,18-24,6,IMG_001.png,Nude,Neutral,Glossy,67.64,6.24,9.49,56.65,53.13,67.01
C002,S012,Tan,Neutral,18-24,8,IMG_012.png,Pink,Neutral,Matte,57.46,29.6,-0.44,359.15,65.33,54.81
C002,S416,Tan,Neutral,18-24,8,IMG_416.png,Berry,Cool,Glossy,44.52,42.13,-10.82,345.6,74.33,43.28
C002,S023,Tan,Neutral,18-24,6,IMG_023.png,Pink,Warm,Glossy,59.29,31.43,20.39,32.97,79.16,61.5
C003,S362,Medium,Cool,18-24,6,IMG_362.png,Coral,Warm,Glossy,44.59,39.79,42.75,47.06,100.0,42.55
C003,S074,Medium,Cool,18-24,5,IMG_074.png,Brown,Warm,Satin,33.57,18.57,30.19,58.4,74.8,34.04
C003,S375,Medium,Cool,18-24,5,IMG_375.png,Mauve,Warm,Matte,48.6,21.85,14.88,34.26,58.85,46.15
C003,S156,Medium,Cool,18-24,5,IMG_156.png,Berry,Cool,Matte,49.66,32.99,2.37,4.12,81.61,49.8
C003,S105,Medium,Cool,18-24,5,IMG_105.png,Orange,Neutral,Satin,43.96,31.98,45.0,54.6,95.09,43.2
C003,S395,Medium,Cool,18-24,6,IMG_395.png,Pink,Neutral,Matte,63.76,31.9,3.06,5.49,67.76,62.34
C003,S378,Medium,Cool,18-24,6,IMG_378.png,Plum,Cool,Satin,34.57,36.3,-11.39,342.58,79.39,34.97
C003,S125,Medium,Cool,18-24,5,IMG_125.png,Brown,Warm,Satin,37.1,19.35,27.23,54.6,83.32,36.88
C003,S069,Medium,Cool,18-24,6,IMG_069.png,Mauve,Warm,Satin,50.92,23.73,4.49,10.72,61.53,52.34
C003,S451,Medium,Cool,18-24,7,IMG_451.png,Berry,Warm,Satin,46.36,43.95,-0.07,359.91,87.49,43.78
C003,S010,Medium,Cool,18-24,6,IMG_010.png,Orange,Cool,Matte,64.14,27.86,33.47,50.22,86.36,65.06
C003,S195,Medium,Cool,18-24,5,IMG_195.png,Plum,Warm,Matte,30.1,24.27,-9.32,338.99,62.78,30.42
C003,S407,Medium,Cool,18-24,7,IMG_407.png,Coral,Cool,Matte,45.34,34.17,21.6,32.3,88.31,44.23
C003,S085,Medium,Cool,18-24,7,IMG_085.png,Orange,Warm,Satin,44.61,33.92,42.86,51.64,93.54,46.28
C003,S372,Medium,Cool,18-24,5,IMG_372.png,Berry,Neutral,Satin,51.76,37.7,9.95,14.78,80.47,50.23
C003,S389,Medium,Cool,18-24,5,IMG_389.png,Berry,Neutral,Glossy,37.98,38.26,-5.12,352.38,79.83,35.73
C003,S496,Medium,Cool,18-24,6,IMG_496.png,Orange,Neutral,Satin,63.61,26.61,43.06,58.29,94.45,62.31
C003,S031,Medium,Cool,18-24,6,IMG_031.png,Plum,Neutral,Satin,29.74,29.53,-15.0,333.07,69.1,34.0
C003,S317,Medium,Cool,18-24,8,IMG_317.png,Nude,Warm,Glossy,49.49,17.95,18.57,45.98,72.61,52.36
C003,S409,Medium,Cool,18-24,5,IMG_409.png,Red,Neutral,Glossy,41.5,45.1,20.21,24.14,94.06,40.62
C003,S491,Medium,Cool,18-24,7,IMG_491.png,Coral,Cool,Matte,63.93,27.99,18.86,33.97,73.98,62.27
C003,S492,Medium,Cool,18-24,6,IMG_492.png,Mauve,Warm,Glossy,55.1,22.72,7.8,18.95,61.46,53.01
C003,S281,Medium,Cool,18-24,5,IMG_281.png,Orange,Warm,Matte,60.83,29.03,43.83,56.48,100.0,60.4
C003,S357,Medium,Cool,18-24,5,IMG_357.png,Brown,Cool,Matte,26.54,8.39,10.47,51.3,56.74,27.15
C003,S077,Medium,Cool,18-24,6,IMG_077.png,Mauve,Warm,Matte,41.89,27.69,3.2,6.6,63.54,42.78
C003,S462,Medium,Cool,18-24,8,IMG_462.png,Orange,Cool,Matte,62.73,31.4,31.55,45.13,93.64,64.55
C003,S498,Medium,Cool,18-24,6,IMG_498.png,Pink,Neutral,Matte,62.17,31.28,11.43,20.08,85.25,62.51
C003,S212,Medium,Cool,18-24,6,IMG_212.png,Plum,Cool,Matte,36.22,24.36,-15.0,328.38,59.84,36.7
C003,S102,Medium,Cool,18-24,5,IMG_102.png,Orange,Neutral,Satin,67.72,35.5,37.34,46.45,90.45,67.09
C003,S335,Medium,Cool,18-24,6,IMG_335.png,Orange,Neutral,Glossy,65.14,24.44,42.18,59.91,99.55,65.56
C003,S476,Medium,Cool,18-24,5,IMG_476.png,Mauve,Warm,Matte,60.59,26.41,8.59,18.01,68.95,60.25
C003,S337,Medium,Cool,18-24,6,IMG_337.png,Pink,Neutral,Satin,60.41,30.57,8.81,16.07,80.2,58.23
C003,S441,Medium,Cool,18-24,6,IMG_441.png,Coral,Neutral,Satin,50.89,43.17,19.48,24.29,96.73,50.39
C003,S174,Medium,Cool,18-24,8,IMG_174.png,Coral,Cool,Matte,60.02,33.42,19.58,30.36,79.89,60.94
C003,S003,Medium,Cool,18-24,7,IMG_003.png,Nude,Cool,Glossy,61.7,15.08,5.74,20.85,56.97,60.84
C003,S334,Medium,Cool,18-24,6,IMG_334.png,Pink,Warm,Glossy,53.81,29.68,12.52,22.87,80.21,54.8
C003,S410,Medium,Cool,18-24,6,IMG_410.png,Pink,Cool,Glossy,72.37,34.7,6.55,10.69,81.42,73.34
C003,S071,Medium,Cool,18-24,7,IMG_071.png,Mauve,Warm,Matte,46.67,24.65,9.83,21.74,65.36,48.47
C003,S210,Medium,Cool,18-24,6,IMG_210.png,Mauve,Neutral,Satin,48.16,28.2,0.31,0.63,72.26,47.88
C003,S064,Medium,Cool,18-24,7,IMG_064.png,Nude,Neutral,Matte,57.68,8.49,1.18,7.9,46.71,62.52
C003,S385,Medium,Cool,18-24,5,IMG_385.png,Berry,Warm,Satin,54.08,40.96,-4.88,353.21,89.28,56.18
C003,S094,Medium,Cool,18-24,9,IMG_094.png,Nude,Cool,Matte,52.28,4.76,16.16,73.58,53.43,48.56
C003,S486,Medium,Cool,18-24,5,IMG_486.png,Coral,Cool,Satin,56.54,36.42,21.42,30.47,88.45,57.18
C003,S186,Medium,Cool,18-24,4,IMG_186.png,Plum,Neutral,Satin,36.97,30.89,-11.08,340.27,75.99,35.73
C003,S034,Medium,Cool,18-24,9,IMG_034.png,Mauve,Cool,Matte,54.83,30.06,0.19,0.36,73.34,54.83
C003,S078,Medium,Cool,18-24,5,IMG_078.png,Plum,Warm,Satin,39.28,31.21,-5.96,349.19,72.75,39.35
C003,S001,Medium,Cool,18-24,6,IMG_001.png,Nude,Neutral,Glossy,67.64,6.24,9.49,56.65,53.13,67.01
C003,S012,Medium,Cool,18-24,6,IMG_012.png,Pink,Neutral,Matte,57.46,29.6,-0.44,359.15,65.33,54.81
C003,S416,Medium,Cool,18-24,7,IMG_416.png,Berry,Cool,Glossy,44.52,42.13,-10.82,345.6,74.33,43.28
C003,S023,Medium,Cool,18-24,6,IMG_023.png,Pink,Warm,Glossy,59.29,31.43,20.39,32.97,79.16,61.5
C004,S362,Tan,Neutral,18-24,8,IMG_362.png,Coral,Warm,Glossy,44.59,39.79,42.75,47.06,100.0,42.55
C004,S074,Tan,Neutral,18-24,6,IMG_074.png,Brown,Warm,Satin,33.57,18.57,30.19,58.4,74.8,34.04
C004,S375,Tan,Neutral,18-24,6,IMG_375.png,Mauve,Warm,Matte,48.6,21.85,14.88,34.26,58.85,46.15
C004,S156,Tan,Neutral,18-24,8,IMG_156.png,Berry,Cool,Matte,49.66,32.99,2.37,4.12,81.61,49.8
C004,S105,Tan,Neutral,18-24,7,IMG_105.png,Orange,Neutral,Satin,43.96,31.98,45.0,54.6,95.09,43.2
C004,S395,Tan,Neutral,18-24,5,IMG_395.png,Pink,Neutral,Matte,63.76,31.9,3.06,5.49,67.76,62.34
C004,S378,Tan,Neutral,18-24,4,IMG_378.png,Plum,Cool,Satin,34.57,36.3,-11.39,342.58,79.39,34.97
C004,S125,Tan,Neutral,18-24,4,IMG_125.png,Brown,Warm,Satin,37.1,19.35,27.23,54.6,83.32,36.88
C004,S069,Tan,Neutral,18-24,5,IMG_069.png,Mauve,Warm,Satin,50.92,23.73,4.49,10.72,61.53,52.34
C004,S451,Tan,Neutral,18-24,7,IMG_451.png,Berry,Warm,Satin,46.36,43.95,-0.07,359.91,87.49,43.78
C004,S010,Tan,Neutral,18-24,5,IMG_010.png,Orange,Cool,Matte,64.14,27.86,33.47,50.22,86.36,65.06
C004,S195,Tan,Neutral,18-24,4,IMG_195.png,Plum,Warm,Matte,30.1,24.27,-9.32,338.99,62.78,30.42
C004,S407,Tan,Neutral,18-24,4,IMG_407.png,Coral,Cool,Matte,45.34,34.17,21.6,32.3,88.31,44.23
C004,S085,Tan,Neutral,18-24,5,IMG_085.png,Orange,Warm,Satin,44.61,33.92,42.86,51.64,93.54,46.28
C004,S372,Tan,Neutral,18-24,8,IMG_372.png,Berry,Neutral,Satin,51.76,37.7,9.95,14.78,80.47,50.23
C004,S389,Tan,Neutral,18-24,8,IMG_389.png,Berry,Neutral,Glossy,37.98,38.26,-5.12,352.38,79.83,35.73
C004,S496,Tan,Neutral,18-24,7,IMG_496.png,Orange,Neutral,Satin,63.61,26.61,43.06,58.29,94.45,62.31
C004,S031,Tan,Neutral,18-24,5,IMG_031.png,Plum,Neutral,Satin,29.74,29.53,-15.0,333.07,69.1,34.0
C004,S317,Tan,Neutral,18-24,7,IMG_317.png,Nude,Warm,Glossy,49.49,17.95,18.57,45.98,72.61,52.36
C004,S409,Tan,Neutral,18-24,7,IMG_409.png,Red,Neutral,Glossy,41.5,45.1,20.21,24.14,94.06,40.62
C004,S491,Tan,Neutral,18-24,5,IMG_491.png,Coral,Cool,Matte,63.93,27.99,18.86,33.97,73.98,62.27
C004,S492,Tan,Neutral,18-24,5,IMG_492.png,Mauve,Warm,Glossy,55.1,22.72,7.8,18.95,61.46,53.01
C004,S281,Tan,Neutral,18-24,5,IMG_281.png,Orange,Warm,Matte,60.83,29.03,43.83,56.48,100.0,60.4
C004,S357,Tan,Neutral,18-24,4,IMG_357.png,Brown,Cool,Matte,26.54,8.39,10.47,51.3,56.74,27.15
C004,S077,Tan,Neutral,18-24,6,IMG_077.png,Mauve,Warm,Matte,41.89,27.69,3.2,6.6,63.54,42.78
C004,S462,Tan,Neutral,18-24,5,IMG_462.png,Orange,Cool,Matte,62.73,31.4,31.55,45.13,93.64,64.55
C004,S498,Tan,Neutral,18-24,5,IMG_498.png,Pink,Neutral,Matte,62.17,31.28,11.43,20.08,85.25,62.51
C004,S212,Tan,Neutral,18-24,6,IMG_212.png,Plum,Cool,Matte,36.22,24.36,-15.0,328.38,59.84,36.7
C004,S102,Tan,Neutral,18-24,6,IMG_102.png,Orange,Neutral,Satin,67.72,35.5,37.34,46.45,90.45,67.09
C004,S335,Tan,Neutral,18-24,6,IMG_335.png,Orange,Neutral,Glossy,65.14,24.44,42.18,59.91,99.55,65.56
C004,S476,Tan,Neutral,18-24,5,IMG_476.png,Mauve,Warm,Matte,60.59,26.41,8.59,18.01,68.95,60.25
C004,S337,Tan,Neutral,18-24,6,IMG_337.png,Pink,Neutral,Satin,60.41,30.57,8.81,16.07,80.2,58.23
C004,S441,Tan,Neutral,18-24,6,IMG_441.png,Coral,Neutral,Satin,50.89,43.17,19.48,24.29,96.73,50.39
C004,S174,Tan,Neutral,18-24,5,IMG_174.png,Coral,Cool,Matte,60.02,33.42,19.58,30.36,79.89,60.94
C004,S003,Tan,Neutral,18-24,5,IMG_003.png,Nude,Cool,Glossy,61.7,15.08,5.74,20.85,56.97,60.84
C004,S334,Tan,Neutral,18-24,5,IMG_334.png,Pink,Warm,Glossy,53.81,29.68,12.52,22.87,80.21,54.8
C004,S410,Tan,Neutral,18-24,3,IMG_410.png,Pink,Cool,Glossy,72.37,34.7,6.55,10.69,81.42,73.34
C004,S071,Tan,Neutral,18-24,6,IMG_071.png,Mauve,Warm,Matte,46.67,24.65,9.83,21.74,65.36,48.47
C004,S210,Tan,Neutral,18-24,8,IMG_210.png,Mauve,Neutral,Satin,48.16,28.2,0.31,0.63,72.26,47.88
C004,S064,Tan,Neutral,18-24,6,IMG_064.png,Nude,Neutral,Matte,57.68,8.49,1.18,7.9,46.71,62.52
C004,S385,Tan,Neutral,18-24,9,IMG_385.png,Berry,Warm,Satin,54.08,40.96,-4.88,353.21,89.28,56.18
C004,S094,Tan,Neutral,18-24,7,IMG_094.png,Nude,Cool,Matte,52.28,4.76,16.16,73.58,53.43,48.56
C004,S486,Tan,Neutral,18-24,7,IMG_486.png,Coral,Cool,Satin,56.54,36.42,21.42,30.47,88.45,57.18
C004,S186,Tan,Neutral,18-24,7,IMG_186.png,Plum,Neutral,Satin,36.97,30.89,-11.08,340.27,75.99,35.73
C004,S034,Tan,Neutral,18-24,7,IMG_034.png,Mauve,Cool,Matte,54.83,30.06,0.19,0.36,73.34,54.83
C004,S078,Tan,Neutral,18-24,5,IMG_078.png,Plum,Warm,Satin,39.28,31.21,-5.96,349.19,72.75,39.35
C004,S001,Tan,Neutral,18-24,4,IMG_001.png,Nude,Neutral,Glossy,67.64,6.24,9.49,56.65,53.13,67.01
C004,S012,Tan,Neutral,18-24,6,IMG_012.png,Pink,Neutral,Matte,57.46,29.6,-0.44,359.15,65.33,54.81
C004,S416,Tan,Neutral,18-24,8,IMG_416.png,Berry,Cool,Glossy,44.52,42.13,-10.82,345.6,74.33,43.28
C004,S023,Tan,Neutral,18-24,6,IMG_023.png,Pink,Warm,Glossy,59.29,31.43,20.39,32.97,79.16,61.5
C005,S362,Light,Neutral,18-24,6,IMG_362.png,Coral,Warm,Glossy,44.59,39.79,42.75,47.06,100.0,42.55
C005,S074,Light,Neutral,18-24,6,IMG_074.png,Brown,Warm,Satin,33.57,18.57,30.19,58.4,74.8,34.04
C005,S375,Light,Neutral,18-24,6,IMG_375.png,Mauve,Warm,Matte,48.6,21.85,14.88,34.26,58.85,46.15
C005,S156,Light,Neutral,18-24,6,IMG_156.png,Berry,Cool,Matte,49.66,32.99,2.37,4.12,81.61,49.8
C005,S105,Light,Neutral,18-24,6,IMG_105.png,Orange,Neutral,Satin,43.96,31.98,45.0,54.6,95.09,43.2
C005,S395,Light,Neutral,18-24,6,IMG_395.png,Pink,Neutral,Matte,63.76,31.9,3.06,5.49,67.76,62.34
C005,S378,Light,Neutral,18-24,6,IMG_378.png,Plum,Cool,Satin,34.57,36.3,-11.39,342.58,79.39,34.97
C005,S125,Light,Neutral,18-24,5,IMG_125.png,Brown,Warm,Satin,37.1,19.35,27.23,54.6,83.32,36.88
C005,S069,Light,Neutral,18-24,5,IMG_069.png,Mauve,Warm,Satin,50.92,23.73,4.49,10.72,61.53,52.34
C005,S451,Light,Neutral,18-24,5,IMG_451.png,Berry,Warm,Satin,46.36,43.95,-0.07,359.91,87.49,43.78
C005,S010,Light,Neutral,18-24,5,IMG_010.png,Orange,Cool,Matte,64.14,27.86,33.47,50.22,86.36,65.06
C005,S195,Light,Neutral,18-24,4,IMG_195.png,Plum,Warm,Matte,30.1,24.27,-9.32,338.99,62.78,30.42
C005,S407,Light,Neutral,18-24,4,IMG_407.png,Coral,Cool,Matte,45.34,34.17,21.6,32.3,88.31,44.23
C005,S085,Light,Neutral,18-24,4,IMG_085.png,Orange,Warm,Satin,44.61,33.92,42.86,51.64,93.54,46.28
C005,S372,Light,Neutral,18-24,7,IMG_372.png,Berry,Neutral,Satin,51.76,37.7,9.95,14.78,80.47,50.23
C005,S389,Light,Neutral,18-24,5,IMG_389.png,Berry,Neutral,Glossy,37.98,38.26,-5.12,352.38,79.83,35.73
C005,S496,Light,Neutral,18-24,8,IMG_496.png,Orange,Neutral,Satin,63.61,26.61,43.06,58.29,94.45,62.31
C005,S031,Light,Neutral,18-24,6,IMG_031.png,Plum,Neutral,Satin,29.74,29.53,-15.0,333.07,69.1,34.0
C005,S317,Light,Neutral,18-24,8,IMG_317.png,Nude,Warm,Glossy,49.49,17.95,18.57,45.98,72.61,52.36
C005,S409,Light,Neutral,18-24,5,IMG_409.png,Red,Neutral,Glossy,41.5,45.1,20.21,24.14,94.06,40.62
C005,S491,Light,Neutral,18-24,6,IMG_491.png,Coral,Cool,Matte,63.93,27.99,18.86,33.97,73.98,62.27
C005,S492,Light,Neutral,18-24,7,IMG_492.png,Mauve,Warm,Glossy,55.1,22.72,7.8,18.95,61.46,53.01
C005,S281,Light,Neutral,18-24,7,IMG_281.png,Orange,Warm,Matte,60.83,29.03,43.83,56.48,100.0,60.4
C005,S357,Light,Neutral,18-24,4,IMG_357.png,Brown,Cool,Matte,26.54,8.39,10.47,51.3,56.74,27.15
C005,S077,Light,Neutral,18-24,6,IMG_077.png,Mauve,Warm,Matte,41.89,27.69,3.2,6.6,63.54,42.78
C005,S462,Light,Neutral,18-24,6,IMG_462.png,Orange,Cool,Matte,62.73,31.4,31.55,45.13,93.64,64.55
C005,S498,Light,Neutral,18-24,8,IMG_498.png,Pink,Neutral,Matte,62.17,31.28,11.43,20.08,85.25,62.51
C005,S212,Light,Neutral,18-24,4,IMG_212.png,Plum,Cool,Matte,36.22,24.36,-15.0,328.38,59.84,36.7
C005,S102,Light,Neutral,18-24,5,IMG_102.png,Orange,Neutral,Satin,67.72,35.5,37.34,46.45,90.45,67.09
C005,S335,Light,Neutral,18-24,7,IMG_335.png,Orange,Neutral,Glossy,65.14,24.44,42.18,59.91,99.55,65.56
C005,S476,Light,Neutral,18-24,7,IMG_476.png,Mauve,Warm,Matte,60.59,26.41,8.59,18.01,68.95,60.25
C005,S337,Light,Neutral,18-24,8,IMG_337.png,Pink,Neutral,Satin,60.41,30.57,8.81,16.07,80.2,58.23
C005,S441,Light,Neutral,18-24,7,IMG_441.png,Coral,Neutral,Satin,50.89,43.17,19.48,24.29,96.73,50.39
C005,S174,Light,Neutral,18-24,6,IMG_174.png,Coral,Cool,Matte,60.02,33.42,19.58,30.36,79.89,60.94
C005,S003,Light,Neutral,18-24,7,IMG_003.png,Nude,Cool,Glossy,61.7,15.08,5.74,20.85,56.97,60.84
C005,S334,Light,Neutral,18-24,7,IMG_334.png,Pink,Warm,Glossy,53.81,29.68,12.52,22.87,80.21,54.8
C005,S410,Light,Neutral,18-24,6,IMG_410.png,Pink,Cool,Glossy,72.37,34.7,6.55,10.69,81.42,73.34
C005,S071,Light,Neutral,18-24,5,IMG_071.png,Mauve,Warm,Matte,46.67,24.65,9.83,21.74,65.36,48.47
C005,S210,Light,Neutral,18-24,7,IMG_210.png,Mauve,Neutral,Satin,48.16,28.2,0.31,0.63,72.26,47.88
C005,S064,Light,Neutral,18-24,8,IMG_064.png,Nude,Neutral,Matte,57.68,8.49,1.18,7.9,46.71,62.52
C005,S385,Light,Neutral,18-24,6,IMG_385.png,Berry,Warm,Satin,54.08,40.96,-4.88,353.21,89.28,56.18
C005,S094,Light,Neutral,18-24,9,IMG_094.png,Nude,Cool,Matte,52.28,4.76,16.16,73.58,53.43,48.56
C005,S486,Light,Neutral,18-24,7,IMG_486.png,Coral,Cool,Satin,56.54,36.42,21.42,30.47,88.45,57.18
C005,S186,Light,Neutral,18-24,5,IMG_186.png,Plum,Neutral,Satin,36.97,30.89,-11.08,340.27,75.99,35.73
C005,S034,Light,Neutral,18-24,6,IMG_034.png,Mauve,Cool,Matte,54.83,30.06,0.19,0.36,73.34,54.83
C005,S078,Light,Neutral,18-24,5,IMG_078.png,Plum,Warm,Satin,39.28,31.21,-5.96,349.19,72.75,39.35
C005,S001,Light,Neutral,18-24,6,IMG_001.png,Nude,Neutral,Glossy,67.64,6.24,9.49,56.65,53.13,67.01
C005,S012,Light,Neutral,18-24,7,IMG_012.png,Pink,Neutral,Matte,57.46,29.6,-0.44,359.15,65.33,54.81
C005,S416,Light,Neutral,18-24,5,IMG_416.png,Berry,Cool,Glossy,44.52,42.13,-10.82,345.6,74.33,43.28
C005,S023,Light,Neutral,18-24,6,IMG_023.png,Pink,Warm,Glossy,59.29,31.43,20.39,32.97,79.16,61.5
C006,S362,Medium,Neutral,18-24,6,IMG_362.png,Coral,Warm,Glossy,44.59,39.79,42.75,47.06,100.0,42.55
C006,S074,Medium,Neutral,18-24,6,IMG_074.png,Brown,Warm,Satin,33.57,18.57,30.19,58.4,74.8,34.04
C006,S375,Medium,Neutral,18-24,6,IMG_375.png,Mauve,Warm,Matte,48.6,21.85,14.88,34.26,58.85,46.15
C006,S156,Medium,Neutral,18-24,5,IMG_156.png,Berry,Cool,Matte,49.66,32.99,2.37,4.12,81.61,49.8
C006,S105,Medium,Neutral,18-24,7,IMG_105.png,Orange,Neutral,Satin,43.96,31.98,45.0,54.6,95.09,43.2
C006,S395,Medium,Neutral,18-24,6,IMG_395.png,Pink,Neutral,Matte,63.76,31.9,3.06,5.49,67.76,62.34
C006,S378,Medium,Neutral,18-24,5,IMG_378.png,Plum,Cool,Satin,34.57,36.3,-11.39,342.58,79.39,34.97
C006,S125,Medium,Neutral,18-24,5,IMG_125.png,Brown,Warm,Satin,37.1,19.35,27.23,54.6,83.32,36.88
C006,S069,Medium,Neutral,18-24,8,IMG_069.png,Mauve,Warm,Satin,50.92,23.73,4.49,10.72,61.53,52.34
C006,S451,Medium,Neutral,18-24,4,IMG_451.png,Berry,Warm,Satin,46.36,43.95,-0.07,359.91,87.49,43.78
C006,S010,Medium,Neutral,18-24,5,IMG_010.png,Orange,Cool,Matte,64.14,27.86,33.47,50.22,86.36,65.06
C006,S195,Medium,Neutral,18-24,5,IMG_195.png,Plum,Warm,Matte,30.1,24.27,-9.32,338.99,62.78,30.42
C006,S407,Medium,Neutral,18-24,5,IMG_407.png,Coral,Cool,Matte,45.34,34.17,21.6,32.3,88.31,44.23
C006,S085,Medium,Neutral,18-24,7,IMG_085.png,Orange,Warm,Satin,44.61,33.92,42.86,51.64,93.54,46.28
C006,S372,Medium,Neutral,18-24,8,IMG_372.png,Berry,Neutral,Satin,51.76,37.7,9.95,14.78,80.47,50.23
C006,S389,Medium,Neutral,18-24,6,IMG_389.png,Berry,Neutral,Glossy,37.98,38.26,-5.12,352.38,79.83,35.73
C006,S496,Medium,Neutral,18-24,6,IMG_496.png,Orange,Neutral,Satin,63.61,26.61,43.06,58.29,94.45,62.31
C006,S031,Medium,Neutral,18-24,5,IMG_031.png,Plum,Neutral,Satin,29.74,29.53,-15.0,333.07,69.1,34.0
C006,S317,Medium,Neutral,18-24,8,IMG_317.png,Nude,Warm,Glossy,49.49,17.95,18.57,45.98,72.61,52.36
C006,S409,Medium,Neutral,18-24,6,IMG_409.png,Red,Neutral,Glossy,41.5,45.1,20.21,24.14,94.06,40.62
C006,S491,Medium,Neutral,18-24,5,IMG_491.png,Coral,Cool,Matte,63.93,27.99,18.86,33.97,73.98,62.27
C006,S492,Medium,Neutral,18-24,6,IMG_492.png,Mauve,Warm,Glossy,55.1,22.72,7.8,18.95,61.46,53.01
C006,S281,Medium,Neutral,18-24,6,IMG_281.png,Orange,Warm,Matte,60.83,29.03,43.83,56.48,100.0,60.4
C006,S357,Medium,Neutral,18-24,3,IMG_357.png,Brown,Cool,Matte,26.54,8.39,10.47,51.3,56.74,27.15
C006,S077,Medium,Neutral,18-24,5,IMG_077.png,Mauve,Warm,Matte,41.89,27.69,3.2,6.6,63.54,42.78
C006,S462,Medium,Neutral,18-24,4,IMG_462.png,Orange,Cool,Matte,62.73,31.4,31.55,45.13,93.64,64.55
C006,S498,Medium,Neutral,18-24,7,IMG_498.png,Pink,Neutral,Matte,62.17,31.28,11.43,20.08,85.25,62.51
C006,S212,Medium,Neutral,18-24,5,IMG_212.png,Plum,Cool,Matte,36.22,24.36,-15.0,328.38,59.84,36.7
C006,S102,Medium,Neutral,18-24,6,IMG_102.png,Orange,Neutral,Satin,67.72,35.5,37.34,46.45,90.45,67.09
C006,S335,Medium,Neutral,18-24,5,IMG_335.png,Orange,Neutral,Glossy,65.14,24.44,42.18,59.91,99.55,65.56
C006,S476,Medium,Neutral,18-24,7,IMG_476.png,Mauve,Warm,Matte,60.59,26.41,8.59,18.01,68.95,60.25
C006,S337,Medium,Neutral,18-24,6,IMG_337.png,Pink,Neutral,Satin,60.41,30.57,8.81,16.07,80.2,58.23
C006,S441,Medium,Neutral,18-24,7,IMG_441.png,Coral,Neutral,Satin,50.89,43.17,19.48,24.29,96.73,50.39
C006,S174,Medium,Neutral,18-24,6,IMG_174.png,Coral,Cool,Matte,60.02,33.42,19.58,30.36,79.89,60.94
C006,S003,Medium,Neutral,18-24,6,IMG_003.png,Nude,Cool,Glossy,61.7,15.08,5.74,20.85,56.97,60.84
C006,S334,Medium,Neutral,18-24,6,IMG_334.png,Pink,Warm,Glossy,53.81,29.68,12.52,22.87,80.21,54.8
C006,S410,Medium,Neutral,18-24,5,IMG_410.png,Pink,Cool,Glossy,72.37,34.7,6.55,10.69,81.42,73.34
C006,S071,Medium,Neutral,18-24,8,IMG_071.png,Mauve,Warm,Matte,46.67,24.65,9.83,21.74,65.36,48.47
C006,S210,Medium,Neutral,18-24,7,IMG_210.png,Mauve,Neutral,Satin,48.16,28.2,0.31,0.63,72.26,47.88
C006,S064,Medium,Neutral,18-24,9,IMG_064.png,Nude,Neutral,Matte,57.68,8.49,1.18,7.9,46.71,62.52
C006,S385,Medium,Neutral,18-24,7,IMG_385.png,Berry,Warm,Satin,54.08,40.96,-4.88,353.21,89.28,56.18
C006,S094,Medium,Neutral,18-24,8,IMG_094.png,Nude,Cool,Matte,52.28,4.76,16.16,73.58,53.43,48.56
C006,S486,Medium,Neutral,18-24,5,IMG_486.png,Coral,Cool,Satin,56.54,36.42,21.42,30.47,88.45,57.18
C006,S186,Medium,Neutral,18-24,7,IMG_186.png,Plum,Neutral,Satin,36.97,30.89,-11.08,340.27,75.99,35.73
C006,S034,Medium,Neutral,18-24,5,IMG_034.png,Mauve,Cool,Matte,54.83,30.06,0.19,0.36,73.34,54.83
C006,S078,Medium,Neutral,18-24,7,IMG_078.png,Plum,Warm,Satin,39.28,31.21,-5.96,349.19,72.75,39.35
C006,S001,Medium,Neutral,18-24,8,IMG_001.png,Nude,Neutral,Glossy,67.64,6.24,9.49,56.65,53.13,67.01
C006,S012,Medium,Neutral,18-24,5,IMG_012.png,Pink,Neutral,Matte,57.46,29.6,-0.44,359.15,65.33,54.81
C006,S416,Medium,Neutral,18-24,6,IMG_416.png,Berry,Cool,Glossy,44.52,42.13,-10.82,345.6,74.33,43.28
C006,S023,Medium,Neutral,18-24,6,IMG_023.png,Pink,Warm,Glossy,59.29,31.43,20.39,32.97,79.16,61.5
C007,S362,Medium,Neutral,25-34,6,IMG_362.png,Coral,Warm,Glossy,44.59,39.79,42.75,47.06,100.0,42.55
C007,S074,Medium,Neutral,25-34,6,IMG_074.png,Brown,Warm,Satin,33.57,18.57,30.19,58.4,74.8,34.04
C007,S375,Medium,Neutral,25-34,6,IMG_375.png,Mauve,Warm,Matte,48.6,21.85,14.88,34.26,58.85,46.15
C007,S156,Medium,Neutral,25-34,5,IMG_156.png,Berry,Cool,Matte,49.66,32.99,2.37,4.12,81.61,49.8
C007,S105,Medium,Neutral,25-34,7,IMG_105.png,Orange,Neutral,Satin,43.96,31.98,45.0,54.6,95.09,43.2
C007,S395,Medium,Neutral,25-34,6,IMG_395.png,Pink,Neutral,Matte,63.76,31.9,3.06,5.49,67.76,62.34
C007,S378,Medium,Neutral,25-34,5,IMG_378.png,Plum,Cool,Satin,34.57,36.3,-11.39,342.58,79.39,34.97
C007,S125,Medium,Neutral,25-34,6,IMG_125.png,Brown,Warm,Satin,37.1,19.35,27.23,54.6,83.32,36.88
C007,S069,Medium,Neutral,25-34,6,IMG_069.png,Mauve,Warm,Satin,50.92,23.73,4.49,10.72,61.53,52.34
C007,S451,Medium,Neutral,25-34,6,IMG_451.png,Berry,Warm,Satin,46.36,43.95,-0.07,359.91,87.49,43.78
C007,S010,Medium,Neutral,25-34,6,IMG_010.png,Orange,Cool,Matte,64.14,27.86,33.47,50.22,86.36,65.06
C007,S195,Medium,Neutral,25-34,3,IMG_195.png,Plum,Warm,Matte,30.1,24.27,-9.32,338.99,62.78,30.42
C007,S407,Medium,Neutral,25-34,5,IMG_407.png,Coral,Cool,Matte,45.34,34.17,21.6,32.3,88.31,44.23
C007,S085,Medium,Neutral,25-34,6,IMG_085.png,Orange,Warm,Satin,44.61,33.92,42.86,51.64,93.54,46.28
C007,S372,Medium,Neutral,25-34,9,IMG_372.png,Berry,Neutral,Satin,51.76,37.7,9.95,14.78,80.47,50.23
C007,S389,Medium,Neutral,25-34,7,IMG_389.png,Berry,Neutral,Glossy,37.98,38.26,-5.12,352.38,79.83,35.73
C007,S496,Medium,Neutral,25-34,5,IMG_496.png,Orange,Neutral,Satin,63.61,26.61,43.06,58.29,94.45,62.31
C007,S031,Medium,Neutral,25-34,3,IMG_031.png,Plum,Neutral,Satin,29.74,29.53,-15.0,333.07,69.1,34.0
C007,S317,Medium,Neutral,25-34,8,IMG_317.png,Nude,Warm,Glossy,49.49,17.95,18.57,45.98,72.61,52.36
C007,S409,Medium,Neutral,25-34,6,IMG_409.png,Red,Neutral,Glossy,41.5,45.1,20.21,24.14,94.06,40.62
C007,S491,Medium,Neutral,25-34,6,IMG_491.png,Coral,Cool,Matte,63.93,27.99,18.86,33.97,73.98,62.27
C007,S492,Medium,Neutral,25-34,6,IMG_492.png,Mauve,Warm,Glossy,55.1,22.72,7.8,18.95,61.46,53.01
C007,S281,Medium,Neutral,25-34,6,IMG_281.png,Orange,Warm,Matte,60.83,29.03,43.83,56.48,100.0,60.4
C007,S357,Medium,Neutral,25-34,5,IMG_357.png,Brown,Cool,Matte,26.54,8.39,10.47,51.3,56.74,27.15
C007,S077,Medium,Neutral,25-34,5,IMG_077.png,Mauve,Warm,Matte,41.89,27.69,3.2,6.6,63.54,42.78
C007,S462,Medium,Neutral,25-34,5,IMG_462.png,Orange,Cool,Matte,62.73,31.4,31.55,45.13,93.64,64.55
C007,S498,Medium,Neutral,25-34,7,IMG_498.png,Pink,Neutral,Matte,62.17,31.28,11.43,20.08,85.25,62.51
C007,S212,Medium,Neutral,25-34,6,IMG_212.png,Plum,Cool,Matte,36.22,24.36,-15.0,328.38,59.84,36.7
C007,S102,Medium,Neutral,25-34,6,IMG_102.png,Orange,Neutral,Satin,67.72,35.5,37.34,46.45,90.45,67.09
C007,S335,Medium,Neutral,25-34,7,IMG_335.png,Orange,Neutral,Glossy,65.14,24.44,42.18,59.91,99.55,65.56
C007,S476,Medium,Neutral,25-34,5,IMG_476.png,Mauve,Warm,Matte,60.59,26.41,8.59,18.01,68.95,60.25
C007,S337,Medium,Neutral,25-34,6,IMG_337.png,Pink,Neutral,Satin,60.41,30.57,8.81,16.07,80.2,58.23
C007,S441,Medium,Neutral,25-34,9,IMG_441.png,Coral,Neutral,Satin,50.89,43.17,19.48,24.29,96.73,50.39
C007,S174,Medium,Neutral,25-34,5,IMG_174.png,Coral,Cool,Matte,60.02,33.42,19.58,30.36,79.89,60.94
C007,S003,Medium,Neutral,25-34,7,IMG_003.png,Nude,Cool,Glossy,61.7,15.08,5.74,20.85,56.97,60.84
C007,S334,Medium,Neutral,25-34,6,IMG_334.png,Pink,Warm,Glossy,53.81,29.68,12.52,22.87,80.21,54.8
C007,S410,Medium,Neutral,25-34,5,IMG_410.png,Pink,Cool,Glossy,72.37,34.7,6.55,10.69,81.42,73.34
C007,S071,Medium,Neutral,25-34,6,IMG_071.png,Mauve,Warm,Matte,46.67,24.65,9.83,21.74,65.36,48.47
C007,S210,Medium,Neutral,25-34,7,IMG_210.png,Mauve,Neutral,Satin,48.16,28.2,0.31,0.63,72.26,47.88
C007,S064,Medium,Neutral,25-34,8,IMG_064.png,Nude,Neutral,Matte,57.68,8.49,1.18,7.9,46.71,62.52
C007,S385,Medium,Neutral,25-34,6,IMG_385.png,Berry,Warm,Satin,54.08,40.96,-4.88,353.21,89.28,56.18
C007,S094,Medium,Neutral,25-34,6,IMG_094.png,Nude,Cool,Matte,52.28,4.76,16.16,73.58,53.43,48.56
C007,S486,Medium,Neutral,25-34,8,IMG_486.png,Coral,Cool,Satin,56.54,36.42,21.42,30.47,88.45,57.18
C007,S186,Medium,Neutral,25-34,6,IMG_186.png,Plum,Neutral,Satin,36.97,30.89,-11.08,340.27,75.99,35.73
C007,S034,Medium,Neutral,25-34,7,IMG_034.png,Mauve,Cool,Matte,54.83,30.06,0.19,0.36,73.34,54.83
C007,S078,Medium,Neutral,25-34,4,IMG_078.png,Plum,Warm,Satin,39.28,31.21,-5.96,349.19,72.75,39.35
C007,S001,Medium,Neutral,25-34,7,IMG_001.png,Nude,Neutral,Glossy,67.64,6.24,9.49,56.65,53.13,67.01
C007,S012,Medium,Neutral,25-34,6,IMG_012.png,Pink,Neutral,Matte,57.46,29.6,-0.44,359.15,65.33,54.81
C007,S416,Medium,Neutral,25-34,7,IMG_416.png,Berry,Cool,Glossy,44.52,42.13,-10.82,345.6,74.33,43.28
C007,S023,Medium,Neutral,25-34,5,IMG_023.png,Pink,Warm,Glossy,59.29,31.43,20.39,32.97,79.16,61.5
C008,S362,Fair,Neutral,18-24,6,IMG_362.png,Coral,Warm,Glossy,44.59,39.79,42.75,47.06,100.0,42.55
C008,S074,Fair,Neutral,18-24,4,IMG_074.png,Brown,Warm,Satin,33.57,18.57,30.19,58.4,74.8,34.04
C008,S375,Fair,Neutral,18-24,5,IMG_375.png,Mauve,Warm,Matte,48.6,21.85,14.88,34.26,58.85,46.15
C008,S156,Fair,Neutral,18-24,5,IMG_156.png,Berry,Cool,Matte,49.66,32.99,2.37,4.12,81.61,49.8
C008,S105,Fair,Neutral,18-24,7,IMG_105.png,Orange,Neutral,Satin,43.96,31.98,45.0,54.6,95.09,43.2
C008,S395,Fair,Neutral,18-24,6,IMG_395.png,Pink,Neutral,Matte,63.76,31.9,3.06,5.49,67.76,62.34
C008,S378,Fair,Neutral,18-24,3,IMG_378.png,Plum,Cool,Satin,34.57,36.3,-11.39,342.58,79.39,34.97
C008,S125,Fair,Neutral,18-24,3,IMG_125.png,Brown,Warm,Satin,37.1,19.35,27.23,54.6,83.32,36.88
C008,S069,Fair,Neutral,18-24,5,IMG_069.png,Mauve,Warm,Satin,50.92,23.73,4.49,10.72,61.53,52.34
C008,S451,Fair,Neutral,18-24,5,IMG_451.png,Berry,Warm,Satin,46.36,43.95,-0.07,359.91,87.49,43.78
C008,S010,Fair,Neutral,18-24,5,IMG_010.png,Orange,Cool,Matte,64.14,27.86,33.47,50.22,86.36,65.06
C008,S195,Fair,Neutral,18-24,4,IMG_195.png,Plum,Warm,Matte,30.1,24.27,-9.32,338.99,62.78,30.42
C008,S407,Fair,Neutral,18-24,4,IMG_407.png,Coral,Cool,Matte,45.34,34.17,21.6,32.3,88.31,44.23
C008,S085,Fair,Neutral,18-24,4,IMG_085.png,Orange,Warm,Satin,44.61,33.92,42.86,51.64,93.54,46.28
C008,S372,Fair,Neutral,18-24,8,IMG_372.png,Berry,Neutral,Satin,51.76,37.7,9.95,14.78,80.47,50.23
C008,S389,Fair,Neutral,18-24,6,IMG_389.png,Berry,Neutral,Glossy,37.98,38.26,-5.12,352.38,79.83,35.73
C008,S496,Fair,Neutral,18-24,7,IMG_496.png,Orange,Neutral,Satin,63.61,26.61,43.06,58.29,94.45,62.31
C008,S031,Fair,Neutral,18-24,5,IMG_031.png,Plum,Neutral,Satin,29.74,29.53,-15.0,333.07,69.1,34.0
C008,S317,Fair,Neutral,18-24,6,IMG_317.png,Nude,Warm,Glossy,49.49,17.95,18.57,45.98,72.61,52.36
C008,S409,Fair,Neutral,18-24,5,IMG_409.png,Red,Neutral,Glossy,41.5,45.1,20.21,24.14,94.06,40.62
C008,S491,Fair,Neutral,18-24,6,IMG_491.png,Coral,Cool,Matte,63.93,27.99,18.86,33.97,73.98,62.27
C008,S492,Fair,Neutral,18-24,7,IMG_492.png,Mauve,Warm,Glossy,55.1,22.72,7.8,18.95,61.46,53.01
C008,S281,Fair,Neutral,18-24,7,IMG_281.png,Orange,Warm,Matte,60.83,29.03,43.83,56.48,100.0,60.4
C008,S357,Fair,Neutral,18-24,5,IMG_357.png,Brown,Cool,Matte,26.54,8.39,10.47,51.3,56.74,27.15
C008,S077,Fair,Neutral,18-24,4,IMG_077.png,Mauve,Warm,Matte,41.89,27.69,3.2,6.6,63.54,42.78
C008,S462,Fair,Neutral,18-24,6,IMG_462.png,Orange,Cool,Matte,62.73,31.4,31.55,45.13,93.64,64.55
C008,S498,Fair,Neutral,18-24,7,IMG_498.png,Pink,Neutral,Matte,62.17,31.28,11.43,20.08,85.25,62.51
C008,S212,Fair,Neutral,18-24,4,IMG_212.png,Plum,Cool,Matte,36.22,24.36,-15.0,328.38,59.84,36.7
C008,S102,Fair,Neutral,18-24,8,IMG_102.png,Orange,Neutral,Satin,67.72,35.5,37.34,46.45,90.45,67.09
C008,S335,Fair,Neutral,18-24,6,IMG_335.png,Orange,Neutral,Glossy,65.14,24.44,42.18,59.91,99.55,65.56
C008,S476,Fair,Neutral,18-24,6,IMG_476.png,Mauve,Warm,Matte,60.59,26.41,8.59,18.01,68.95,60.25
C008,S337,Fair,Neutral,18-24,8,IMG_337.png,Pink,Neutral,Satin,60.41,30.57,8.81,16.07,80.2,58.23
C008,S441,Fair,Neutral,18-24,5,IMG_441.png,Coral,Neutral,Satin,50.89,43.17,19.48,24.29,96.73,50.39
C008,S174,Fair,Neutral,18-24,6,IMG_174.png,Coral,Cool,Matte,60.02,33.42,19.58,30.36,79.89,60.94
C008,S003,Fair,Neutral,18-24,7,IMG_003.png,Nude,Cool,Glossy,61.7,15.08,5.74,20.85,56.97,60.84
C008,S334,Fair,Neutral,18-24,6,IMG_334.png,Pink,Warm,Glossy,53.81,29.68,12.52,22.87,80.21,54.8
C008,S410,Fair,Neutral,18-24,4,IMG_410.png,Pink,Cool,Glossy,72.37,34.7,6.55,10.69,81.42,73.34
C008,S071,Fair,Neutral,18-24,6,IMG_071.png,Mauve,Warm,Matte,46.67,24.65,9.83,21.74,65.36,48.47
C008,S210,Fair,Neutral,18-24,7,IMG_210.png,Mauve,Neutral,Satin,48.16,28.2,0.31,0.63,72.26,47.88
C008,S064,Fair,Neutral,18-24,9,IMG_064.png,Nude,Neutral,Matte,57.68,8.49,1.18,7.9,46.71,62.52
C008,S385,Fair,Neutral,18-24,5,IMG_385.png,Berry,Warm,Satin,54.08,40.96,-4.88,353.21,89.28,56.18
C008,S094,Fair,Neutral,18-24,7,IMG_094.png,Nude,Cool,Matte,52.28,4.76,16.16,73.58,53.43,48.56
C008,S486,Fair,Neutral,18-24,6,IMG_486.png,Coral,Cool,Satin,56.54,36.42,21.42,30.47,88.45,57.18
C008,S186,Fair,Neutral,18-24,5,IMG_186.png,Plum,Neutral,Satin,36.97,30.89,-11.08,340.27,75.99,35.73
C008,S034,Fair,Neutral,18-24,8,IMG_034.png,Mauve,Cool,Matte,54.83,30.06,0.19,0.36,73.34,54.83
C008,S078,Fair,Neutral,18-24,5,IMG_078.png,Plum,Warm,Satin,39.28,31.21,-5.96,349.19,72.75,39.35
C008,S001,Fair,Neutral,18-24,7,IMG_001.png,Nude,Neutral,Glossy,67.64,6.24,9.49,56.65,53.13,67.01
C008,S012,Fair,Neutral,18-24,7,IMG_012.png,Pink,Neutral,Matte,57.46,29.6,-0.44,359.15,65.33,54.81
C008,S416,Fair,Neutral,18-24,4,IMG_416.png,Berry,Cool,Glossy,44.52,42.13,-10.82,345.6,74.33,43.28
C008,S023,Fair,Neutral,18-24,6,IMG_023.png,Pink,Warm,Glossy,59.29,31.43,20.39,32.97,79.16,61.5
C009,S362,Light,Warm,18-24,6,IMG_362.png,Coral,Warm,Glossy,44.59,39.79,42.75,47.06,100.0,42.55
C009,S074,Light,Warm,18-24,5,IMG_074.png,Brown,Warm,Satin,33.57,18.57,30.19,58.4,74.8,34.04
C009,S375,Light,Warm,18-24,7,IMG_375.png,Mauve,Warm,Matte,48.6,21.85,14.88,34.26,58.85,46.15
C009,S156,Light,Warm,18-24,6,IMG_156.png,Berry,Cool,Matte,49.66,32.99,2.37,4.12,81.61,49.8
C009,S105,Light,Warm,18-24,6,IMG_105.png,Orange,Neutral,Satin,43.96,31.98,45.0,54.6,95.09,43.2
C009,S395,Light,Warm,18-24,6,IMG_395.png,Pink,Neutral,Matte,63.76,31.9,3.06,5.49,67.76,62.34
C009,S378,Light,Warm,18-24,4,IMG_378.png,Plum,Cool,Satin,34.57,36.3,-11.39,342.58,79.39,34.97
C009,S125,Light,Warm,18-24,6,IMG_125.png,Brown,Warm,Satin,37.1,19.35,27.23,54.6,83.32,36.88
C009,S069,Light,Warm,18-24,6,IMG_069.png,Mauve,Warm,Satin,50.92,23.73,4.49,10.72,61.53,52.34
C009,S451,Light,Warm,18-24,6,IMG_451.png,Berry,Warm,Satin,46.36,43.95,-0.07,359.91,87.49,43.78
C009,S010,Light,Warm,18-24,6,IMG_010.png,Orange,Cool,Matte,64.14,27.86,33.47,50.22,86.36,65.06
C009,S195,Light,Warm,18-24,5,IMG_195.png,Plum,Warm,Matte,30.1,24.27,-9.32,338.99,62.78,30.42
C009,S407,Light,Warm,18-24,5,IMG_407.png,Coral,Cool,Matte,45.34,34.17,21.6,32.3,88.31,44.23
C009,S085,Light,Warm,18-24,8,IMG_085.png,Orange,Warm,Satin,44.61,33.92,42.86,51.64,93.54,46.28
C009,S372,Light,Warm,18-24,6,IMG_372.png,Berry,Neutral,Satin,51.76,37.7,9.95,14.78,80.47,50.23
C009,S389,Light,Warm,18-24,6,IMG_389.png,Berry,Neutral,Glossy,37.98,38.26,-5.12,352.38,79.83,35.73
C009,S496,Light,Warm,18-24,6,IMG_496.png,Orange,Neutral,Satin,63.61,26.61,43.06,58.29,94.45,62.31
C009,S031,Light,Warm,18-24,3,IMG_031.png,Plum,Neutral,Satin,29.74,29.53,-15.0,333.07,69.1,34.0
C009,S317,Light,Warm,18-24,6,IMG_317.png,Nude,Warm,Glossy,49.49,17.95,18.57,45.98,72.61,52.36
C009,S409,Light,Warm,18-24,4,IMG_409.png,Red,Neutral,Glossy,41.5,45.1,20.21,24.14,94.06,40.62
C009,S491,Light,Warm,18-24,5,IMG_491.png,Coral,Cool,Matte,63.93,27.99,18.86,33.97,73.98,62.27
C009,S492,Light,Warm,18-24,7,IMG_492.png,Mauve,Warm,Glossy,55.1,22.72,7.8,18.95,61.46,53.01
C009,S281,Light,Warm,18-24,8,IMG_281.png,Orange,Warm,Matte,60.83,29.03,43.83,56.48,100.0,60.4
C009,S357,Light,Warm,18-24,5,IMG_357.png,Brown,Cool,Matte,26.54,8.39,10.47,51.3,56.74,27.15
C009,S077,Light,Warm,18-24,6,IMG_077.png,Mauve,Warm,Matte,41.89,27.69,3.2,6.6,63.54,42.78
C009,S462,Light,Warm,18-24,5,IMG_462.png,Orange,Cool,Matte,62.73,31.4,31.55,45.13,93.64,64.55
C009,S498,Light,Warm,18-24,6,IMG_498.png,Pink,Neutral,Matte,62.17,31.28,11.43,20.08,85.25,62.51
C009,S212,Light,Warm,18-24,4,IMG_212.png,Plum,Cool,Matte,36.22,24.36,-15.0,328.38,59.84,36.7
C009,S102,Light,Warm,18-24,6,IMG_102.png,Orange,Neutral,Satin,67.72,35.5,37.34,46.45,90.45,67.09
C009,S335,Light,Warm,18-24,6,IMG_335.png,Orange,Neutral,Glossy,65.14,24.44,42.18,59.91,99.55,65.56
C009,S476,Light,Warm,18-24,8,IMG_476.png,Mauve,Warm,Matte,60.59,26.41,8.59,18.01,68.95,60.25
C009,S337,Light,Warm,18-24,8,IMG_337.png,Pink,Neutral,Satin,60.41,30.57,8.81,16.07,80.2,58.23
C009,S441,Light,Warm,18-24,7,IMG_441.png,Coral,Neutral,Satin,50.89,43.17,19.48,24.29,96.73,50.39
C009,S174,Light,Warm,18-24,5,IMG_174.png,Coral,Cool,Matte,60.02,33.42,19.58,30.36,79.89,60.94
C009,S003,Light,Warm,18-24,5,IMG_003.png,Nude,Cool,Glossy,61.7,15.08,5.74,20.85,56.97,60.84
C009,S334,Light,Warm,18-24,8,IMG_334.png,Pink,Warm,Glossy,53.81,29.68,12.52,22.87,80.21,54.8
C009,S410,Light,Warm,18-24,6,IMG_410.png,Pink,Cool,Glossy,72.37,34.7,6.55,10.69,81.42,73.34
C009,S071,Light,Warm,18-24,7,IMG_071.png,Mauve,Warm,Matte,46.67,24.65,9.83,21.74,65.36,48.47
C009,S210,Light,Warm,18-24,6,IMG_210.png,Mauve,Neutral,Satin,48.16,28.2,0.31,0.63,72.26,47.88
C009,S064,Light,Warm,18-24,5,IMG_064.png,Nude,Neutral,Matte,57.68,8.49,1.18,7.9,46.71,62.52
C009,S385,Light,Warm,18-24,8,IMG_385.png,Berry,Warm,Satin,54.08,40.96,-4.88,353.21,89.28,56.18
C009,S094,Light,Warm,18-24,5,IMG_094.png,Nude,Cool,Matte,52.28,4.76,16.16,73.58,53.43,48.56
C009,S486,Light,Warm,18-24,5,IMG_486.png,Coral,Cool,Satin,56.54,36.42,21.42,30.47,88.45,57.18
C009,S186,Light,Warm,18-24,5,IMG_186.png,Plum,Neutral,Satin,36.97,30.89,-11.08,340.27,75.99,35.73
C009,S034,Light,Warm,18-24,6,IMG_034.png,Mauve,Cool,Matte,54.83,30.06,0.19,0.36,73.34,54.83
C009,S078,Light,Warm,18-24,6,IMG_078.png,Plum,Warm,Satin,39.28,31.21,-5.96,349.19,72.75,39.35
C009,S001,Light,Warm,18-24,5,IMG_001.png,Nude,Neutral,Glossy,67.64,6.24,9.49,56.65,53.13,67.01
C009,S012,Light,Warm,18-24,8,IMG_012.png,Pink,Neutral,Matte,57.46,29.6,-0.44,359.15,65.33,54.81
C009,S416,Light,Warm,18-24,5,IMG_416.png,Berry,Cool,Glossy,44.52,42.13,-10.82,345.6,74.33,43.28
C009,S023,Light,Warm,18-24,7,IMG_023.png,Pink,Warm,Glossy,59.29,31.43,20.39,32.97,79.16,61.5
C010,S362,Fair,Neutral,18-24,4,IMG_362.png,Coral,Warm,Glossy,44.59,39.79,42.75,47.06,100.0,42.55
C010,S074,Fair,Neutral,18-24,6,IMG_074.png,Brown,Warm,Satin,33.57,18.57,30.19,58.4,74.8,34.04
C010,S375,Fair,Neutral,18-24,7,IMG_375.png,Mauve,Warm,Matte,48.6,21.85,14.88,34.26,58.85,46.15
C010,S156,Fair,Neutral,18-24,6,IMG_156.png,Berry,Cool,Matte,49.66,32.99,2.37,4.12,81.61,49.8
C010,S105,Fair,Neutral,18-24,9,IMG_105.png,Orange,Neutral,Satin,43.96,31.98,45.0,54.6,95.09,43.2
C010,S395,Fair,Neutral,18-24,8,IMG_395.png,Pink,Neutral,Matte,63.76,31.9,3.06,5.49,67.76,62.34
C010,S378,Fair,Neutral,18-24,5,IMG_378.png,Plum,Cool,Satin,34.57,36.3,-11.39,342.58,79.39,34.97
C010,S125,Fair,Neutral,18-24,4,IMG_125.png,Brown,Warm,Satin,37.1,19.35,27.23,54.6,83.32,36.88
C010,S069,Fair,Neutral,18-24,7,IMG_069.png,Mauve,Warm,Satin,50.92,23.73,4.49,10.72,61.53,52.34
C010,S451,Fair,Neutral,18-24,6,IMG_451.png,Berry,Warm,Satin,46.36,43.95,-0.07,359.91,87.49,43.78
C010,S010,Fair,Neutral,18-24,7,IMG_010.png,Orange,Cool,Matte,64.14,27.86,33.47,50.22,86.36,65.06
C010,S195,Fair,Neutral,18-24,4,IMG_195.png,Plum,Warm,Matte,30.1,24.27,-9.32,338.99,62.78,30.42
C010,S407,Fair,Neutral,18-24,6,IMG_407.png,Coral,Cool,Matte,45.34,34.17,21.6,32.3,88.31,44.23
C010,S085,Fair,Neutral,18-24,5,IMG_085.png,Orange,Warm,Satin,44.61,33.92,42.86,51.64,93.54,46.28
C010,S372,Fair,Neutral,18-24,7,IMG_372.png,Berry,Neutral,Satin,51.76,37.7,9.95,14.78,80.47,50.23
C010,S389,Fair,Neutral,18-24,5,IMG_389.png,Berry,Neutral,Glossy,37.98,38.26,-5.12,352.38,79.83,35.73
C010,S496,Fair,Neutral,18-24,9,IMG_496.png,Orange,Neutral,Satin,63.61,26.61,43.06,58.29,94.45,62.31
C010,S031,Fair,Neutral,18-24,5,IMG_031.png,Plum,Neutral,Satin,29.74,29.53,-15.0,333.07,69.1,34.0
C010,S317,Fair,Neutral,18-24,6,IMG_317.png,Nude,Warm,Glossy,49.49,17.95,18.57,45.98,72.61,52.36
C010,S409,Fair,Neutral,18-24,5,IMG_409.png,Red,Neutral,Glossy,41.5,45.1,20.21,24.14,94.06,40.62
C010,S491,Fair,Neutral,18-24,6,IMG_491.png,Coral,Cool,Matte,63.93,27.99,18.86,33.97,73.98,62.27
C010,S492,Fair,Neutral,18-24,8,IMG_492.png,Mauve,Warm,Glossy,55.1,22.72,7.8,18.95,61.46,53.01
C010,S281,Fair,Neutral,18-24,9,IMG_281.png,Orange,Warm,Matte,60.83,29.03,43.83,56.48,100.0,60.4
C010,S357,Fair,Neutral,18-24,5,IMG_357.png,Brown,Cool,Matte,26.54,8.39,10.47,51.3,56.74,27.15
C010,S077,Fair,Neutral,18-24,5,IMG_077.png,Mauve,Warm,Matte,41.89,27.69,3.2,6.6,63.54,42.78
C010,S462,Fair,Neutral,18-24,8,IMG_462.png,Orange,Cool,Matte,62.73,31.4,31.55,45.13,93.64,64.55
C010,S498,Fair,Neutral,18-24,8,IMG_498.png,Pink,Neutral,Matte,62.17,31.28,11.43,20.08,85.25,62.51
C010,S212,Fair,Neutral,18-24,4,IMG_212.png,Plum,Cool,Matte,36.22,24.36,-15.0,328.38,59.84,36.7
C010,S102,Fair,Neutral,18-24,8,IMG_102.png,Orange,Neutral,Satin,67.72,35.5,37.34,46.45,90.45,67.09
C010,S335,Fair,Neutral,18-24,7,IMG_335.png,Orange,Neutral,Glossy,65.14,24.44,42.18,59.91,99.55,65.56
C010,S476,Fair,Neutral,18-24,8,IMG_476.png,Mauve,Warm,Matte,60.59,26.41,8.59,18.01,68.95,60.25
C010,S337,Fair,Neutral,18-24,9,IMG_337.png,Pink,Neutral,Satin,60.41,30.57,8.81,16.07,80.2,58.23
C010,S441,Fair,Neutral,18-24,7,IMG_441.png,Coral,Neutral,Satin,50.89,43.17,19.48,24.29,96.73,50.39
C010,S174,Fair,Neutral,18-24,5,IMG_174.png,Coral,Cool,Matte,60.02,33.42,19.58,30.36,79.89,60.94
C010,S003,Fair,Neutral,18-24,7,IMG_003.png,Nude,Cool,Glossy,61.7,15.08,5.74,20.85,56.97,60.84
C010,S334,Fair,Neutral,18-24,5,IMG_334.png,Pink,Warm,Glossy,53.81,29.68,12.52,22.87,80.21,54.8
C010,S410,Fair,Neutral,18-24,5,IMG_410.png,Pink,Cool,Glossy,72.37,34.7,6.55,10.69,81.42,73.34
C010,S071,Fair,Neutral,18-24,6,IMG_071.png,Mauve,Warm,Matte,46.67,24.65,9.83,21.74,65.36,48.47
C010,S210,Fair,Neutral,18-24,7,IMG_210.png,Mauve,Neutral,Satin,48.16,28.2,0.31,0.63,72.26,47.88
C010,S064,Fair,Neutral,18-24,7,IMG_064.png,Nude,Neutral,Matte,57.68,8.49,1.18,7.9,46.71,62.52
C010,S385,Fair,Neutral,18-24,6,IMG_385.png,Berry,Warm,Satin,54.08,40.96,-4.88,353.21,89.28,56.18
C010,S094,Fair,Neutral,18-24,6,IMG_094.png,Nude,Cool,Matte,52.28,4.76,16.16,73.58,53.43,48.56
C010,S486,Fair,Neutral,18-24,6,IMG_486.png,Coral,Cool,Satin,56.54,36.42,21.42,30.47,88.45,57.18
C010,S186,Fair,Neutral,18-24,5,IMG_186.png,Plum,Neutral,Satin,36.97,30.89,-11.08,340.27,75.99,35.73
C010,S034,Fair,Neutral,18-24,6,IMG_034.png,Mauve,Cool,Matte,54.83,30.06,0.19,0.36,73.34,54.83
C010,S078,Fair,Neutral,18-24,5,IMG_078.png,Plum,Warm,Satin,39.28,31.21,-5.96,349.19,72.75,39.35
C010,S001,Fair,Neutral,18-24,7,IMG_001.png,Nude,Neutral,Glossy,67.64,6.24,9.49,56.65,53.13,67.01
C010,S012,Fair,Neutral,18-24,6,IMG_012.png,Pink,Neutral,Matte,57.46,29.6,-0.44,359.15,65.33,54.81
C010,S416,Fair,Neutral,18-24,6,IMG_416.png,Berry,Cool,Glossy,44.52,42.13,-10.82,345.6,74.33,43.28
C010,S023,Fair,Neutral,18-24,4,IMG_023.png,Pink,Warm,Glossy,59.29,31.43,20.39,32.97,79.16,61.5
C011,S362,Deep,Warm,35-44,7,IMG_362.png,Coral,Warm,Glossy,44.59,39.79,42.75,47.06,100.0,42.55
C011,S074,Deep,Warm,35-44,6,IMG_074.png,Brown,Warm,Satin,33.57,18.57,30.19,58.4,74.8,34.04
C011,S375,Deep,Warm,35-44,8,IMG_375.png,Mauve,Warm,Matte,48.6,21.85,14.88,34.26,58.85,46.15
C011,S156,Deep,Warm,35-44,6,IMG_156.png,Berry,Cool,Matte,49.66,32.99,2.37,4.12,81.61,49.8
C011,S105,Deep,Warm,35-44,7,IMG_105.png,Orange,Neutral,Satin,43.96,31.98,45.0,54.6,95.09,43.2
C011,S395,Deep,Warm,35-44,4,IMG_395.png,Pink,Neutral,Matte,63.76,31.9,3.06,5.49,67.76,62.34
C011,S378,Deep,Warm,35-44,6,IMG_378.png,Plum,Cool,Satin,34.57,36.3,-11.39,342.58,79.39,34.97
C011,S125,Deep,Warm,35-44,7,IMG_125.png,Brown,Warm,Satin,37.1,19.35,27.23,54.6,83.32,36.88
C011,S069,Deep,Warm,35-44,7,IMG_069.png,Mauve,Warm,Satin,50.92,23.73,4.49,10.72,61.53,52.34
C011,S451,Deep,Warm,35-44,9,IMG_451.png,Berry,Warm,Satin,46.36,43.95,-0.07,359.91,87.49,43.78
C011,S010,Deep,Warm,35-44,3,IMG_010.png,Orange,Cool,Matte,64.14,27.86,33.47,50.22,86.36,65.06
C011,S195,Deep,Warm,35-44,7,IMG_195.png,Plum,Warm,Matte,30.1,24.27,-9.32,338.99,62.78,30.42
C011,S407,Deep,Warm,35-44,6,IMG_407.png,Coral,Cool,Matte,45.34,34.17,21.6,32.3,88.31,44.23
C011,S085,Deep,Warm,35-44,7,IMG_085.png,Orange,Warm,Satin,44.61,33.92,42.86,51.64,93.54,46.28
C011,S372,Deep,Warm,35-44,5,IMG_372.png,Berry,Neutral,Satin,51.76,37.7,9.95,14.78,80.47,50.23
C011,S389,Deep,Warm,35-44,7,IMG_389.png,Berry,Neutral,Glossy,37.98,38.26,-5.12,352.38,79.83,35.73
C011,S496,Deep,Warm,35-44,3,IMG_496.png,Orange,Neutral,Satin,63.61,26.61,43.06,58.29,94.45,62.31
C011,S031,Deep,Warm,35-44,5,IMG_031.png,Plum,Neutral,Satin,29.74,29.53,-15.0,333.07,69.1,34.0
C011,S317,Deep,Warm,35-44,6,IMG_317.png,Nude,Warm,Glossy,49.49,17.95,18.57,45.98,72.61,52.36
C011,S409,Deep,Warm,35-44,6,IMG_409.png,Red,Neutral,Glossy,41.5,45.1,20.21,24.14,94.06,40.62
C011,S491,Deep,Warm,35-44,5,IMG_491.png,Coral,Cool,Matte,63.93,27.99,18.86,33.97,73.98,62.27
C011,S492,Deep,Warm,35-44,9,IMG_492.png,Mauve,Warm,Glossy,55.1,22.72,7.8,18.95,61.46,53.01
C011,S281,Deep,Warm,35-44,6,IMG_281.png,Orange,Warm,Matte,60.83,29.03,43.83,56.48,100.0,60.4
C011,S357,Deep,Warm,35-44,5,IMG_357.png,Brown,Cool,Matte,26.54,8.39,10.47,51.3,56.74,27.15
C011,S077,Deep,Warm,35-44,9,IMG_077.png,Mauve,Warm,Matte,41.89,27.69,3.2,6.6,63.54,42.78
C011,S462,Deep,Warm,35-44,4,IMG_462.png,Orange,Cool,Matte,62.73,31.4,31.55,45.13,93.64,64.55
C011,S498,Deep,Warm,35-44,5,IMG_498.png,Pink,Neutral,Matte,62.17,31.28,11.43,20.08,85.25,62.51
C011,S212,Deep,Warm,35-44,5,IMG_212.png,Plum,Cool,Matte,36.22,24.36,-15.0,328.38,59.84,36.7
C011,S102,Deep,Warm,35-44,4,IMG_102.png,Orange,Neutral,Satin,67.72,35.5,37.34,46.45,90.45,67.09
C011,S335,Deep,Warm,35-44,5,IMG_335.png,Orange,Neutral,Glossy,65.14,24.44,42.18,59.91,99.55,65.56
C011,S476,Deep,Warm,35-44,7,IMG_476.png,Mauve,Warm,Matte,60.59,26.41,8.59,18.01,68.95,60.25
C011,S337,Deep,Warm,35-44,4,IMG_337.png,Pink,Neutral,Satin,60.41,30.57,8.81,16.07,80.2,58.23
C011,S441,Deep,Warm,35-44,4,IMG_441.png,Coral,Neutral,Satin,50.89,43.17,19.48,24.29,96.73,50.39
C011,S174,Deep,Warm,35-44,5,IMG_174.png,Coral,Cool,Matte,60.02,33.42,19.58,30.36,79.89,60.94
C011,S003,Deep,Warm,35-44,4,IMG_003.png,Nude,Cool,Glossy,61.7,15.08,5.74,20.85,56.97,60.84
C011,S334,Deep,Warm,35-44,7,IMG_334.png,Pink,Warm,Glossy,53.81,29.68,12.52,22.87,80.21,54.8
C011,S410,Deep,Warm,35-44,5,IMG_410.png,Pink,Cool,Glossy,72.37,34.7,6.55,10.69,81.42,73.34
C011,S071,Deep,Warm,35-44,7,IMG_071.png,Mauve,Warm,Matte,46.67,24.65,9.83,21.74,65.36,48.47
C011,S210,Deep,Warm,35-44,6,IMG_210.png,Mauve,Neutral,Satin,48.16,28.2,0.31,0.63,72.26,47.88
C011,S064,Deep,Warm,35-44,6,IMG_064.png,Nude,Neutral,Matte,57.68,8.49,1.18,7.9,46.71,62.52
C011,S385,Deep,Warm,35-44,7,IMG_385.png,Berry,Warm,Satin,54.08,40.96,-4.88,353.21,89.28,56.18
C011,S094,Deep,Warm,35-44,5,IMG_094.png,Nude,Cool,Matte,52.28,4.76,16.16,73.58,53.43,48.56
C011,S486,Deep,Warm,35-44,4,IMG_486.png,Coral,Cool,Satin,56.54,36.42,21.42,30.47,88.45,57.18
C011,S186,Deep,Warm,35-44,6,IMG_186.png,Plum,Neutral,Satin,36.97,30.89,-11.08,340.27,75.99,35.73
C011,S034,Deep,Warm,35-44,6,IMG_034.png,Mauve,Cool,Matte,54.83,30.06,0.19,0.36,73.34,54.83
C011,S078,Deep,Warm,35-44,8,IMG_078.png,Plum,Warm,Satin,39.28,31.21,-5.96,349.19,72.75,39.35
C011,S001,Deep,Warm,35-44,4,IMG_001.png,Nude,Neutral,Glossy,67.64,6.24,9.49,56.65,53.13,67.01
C011,S012,Deep,Warm,35-44,6,IMG_012.png,Pink,Neutral,Matte,57.46,29.6,-0.44,359.15,65.33,54.81
C011,S416,Deep,Warm,35-44,6,IMG_416.png,Berry,Cool,Glossy,44.52,42.13,-10.82,345.6,74.33,43.28
C011,S023,Deep,Warm,35-44,5,IMG_023.png,Pink,Warm,Glossy,59.29,31.43,20.39,32.97,79.16,61.5
C012,S362,Medium,Neutral,35-44,6,IMG_362.png,Coral,Warm,Glossy,44.59,39.79,42.75,47.06,100.0,42.55
C012,S074,Medium,Neutral,35-44,3,IMG_074.png,Brown,Warm,Satin,33.57,18.57,30.19,58.4,74.8,34.04
C012,S375,Medium,Neutral,35-44,8,IMG_375.png,Mauve,Warm,Matte,48.6,21.85,14.88,34.26,58.85,46.15
C012,S156,Medium,Neutral,35-44,6,IMG_156.png,Berry,Cool,Matte,49.66,32.99,2.37,4.12,81.61,49.8
C012,S105,Medium,Neutral,35-44,7,IMG_105.png,Orange,Neutral,Satin,43.96,31.98,45.0,54.6,95.09,43.2
C012,S395,Medium,Neutral,35-44,5,IMG_395.png,Pink,Neutral,Matte,63.76,31.9,3.06,5.49,67.76,62.34
C012,S378,Medium,Neutral,35-44,6,IMG_378.png,Plum,Cool,Satin,34.57,36.3,-11.39,342.58,79.39,34.97
C012,S125,Medium,Neutral,35-44,6,IMG_125.png,Brown,Warm,Satin,37.1,19.35,27.23,54.6,83.32,36.88
C012,S069,Medium,Neutral,35-44,9,IMG_069.png,Mauve,Warm,Satin,50.92,23.73,4.49,10.72,61.53,52.34
C012,S451,Medium,Neutral,35-44,6,IMG_451.png,Berry,Warm,Satin,46.36,43.95,-0.07,359.91,87.49,43.78
C012,S010,Medium,Neutral,35-44,6,IMG_010.png,Orange,Cool,Matte,64.14,27.86,33.47,50.22,86.36,65.06
C012,S195,Medium,Neutral,35-44,4,IMG_195.png,Plum,Warm,Matte,30.1,24.27,-9.32,338.99,62.78,30.42
C012,S407,Medium,Neutral,35-44,7,IMG_407.png,Coral,Cool,Matte,45.34,34.17,21.6,32.3,88.31,44.23
C012,S085,Medium,Neutral,35-44,5,IMG_085.png,Orange,Warm,Satin,44.61,33.92,42.86,51.64,93.54,46.28
C012,S372,Medium,Neutral,35-44,6,IMG_372.png,Berry,Neutral,Satin,51.76,37.7,9.95,14.78,80.47,50.23
C012,S389,Medium,Neutral,35-44,5,IMG_389.png,Berry,Neutral,Glossy,37.98,38.26,-5.12,352.38,79.83,35.73
C012,S496,Medium,Neutral,35-44,6,IMG_496.png,Orange,Neutral,Satin,63.61,26.61,43.06,58.29,94.45,62.31
C012,S031,Medium,Neutral,35-44,5,IMG_031.png,Plum,Neutral,Satin,29.74,29.53,-15.0,333.07,69.1,34.0
C012,S317,Medium,Neutral,35-44,7,IMG_317.png,Nude,Warm,Glossy,49.49,17.95,18.57,45.98,72.61,52.36
C012,S409,Medium,Neutral,35-44,5,IMG_409.png,Red,Neutral,Glossy,41.5,45.1,20.21,24.14,94.06,40.62
C012,S491,Medium,Neutral,35-44,4,IMG_491.png,Coral,Cool,Matte,63.93,27.99,18.86,33.97,73.98,62.27
C012,S492,Medium,Neutral,35-44,9,IMG_492.png,Mauve,Warm,Glossy,55.1,22.72,7.8,18.95,61.46,53.01
C012,S281,Medium,Neutral,35-44,6,IMG_281.png,Orange,Warm,Matte,60.83,29.03,43.83,56.48,100.0,60.4
C012,S357,Medium,Neutral,35-44,4,IMG_357.png,Brown,Cool,Matte,26.54,8.39,10.47,51.3,56.74,27.15
C012,S077,Medium,Neutral,35-44,7,IMG_077.png,Mauve,Warm,Matte,41.89,27.69,3.2,6.6,63.54,42.78
C012,S462,Medium,Neutral,35-44,6,IMG_462.png,Orange,Cool,Matte,62.73,31.4,31.55,45.13,93.64,64.55
C012,S498,Medium,Neutral,35-44,7,IMG_498.png,Pink,Neutral,Matte,62.17,31.28,11.43,20.08,85.25,62.51
C012,S212,Medium,Neutral,35-44,5,IMG_212.png,Plum,Cool,Matte,36.22,24.36,-15.0,328.38,59.84,36.7
C012,S102,Medium,Neutral,35-44,7,IMG_102.png,Orange,Neutral,Satin,67.72,35.5,37.34,46.45,90.45,67.09
C012,S335,Medium,Neutral,35-44,6,IMG_335.png,Orange,Neutral,Glossy,65.14,24.44,42.18,59.91,99.55,65.56
C012,S476,Medium,Neutral,35-44,7,IMG_476.png,Mauve,Warm,Matte,60.59,26.41,8.59,18.01,68.95,60.25
C012,S337,Medium,Neutral,35-44,7,IMG_337.png,Pink,Neutral,Satin,60.41,30.57,8.81,16.07,80.2,58.23
C012,S441,Medium,Neutral,35-44,7,IMG_441.png,Coral,Neutral,Satin,50.89,43.17,19.48,24.29,96.73,50.39
C012,S174,Medium,Neutral,35-44,6,IMG_174.png,Coral,Cool,Matte,60.02,33.42,19.58,30.36,79.89,60.94
C012,S003,Medium,Neutral,35-44,6,IMG_003.png,Nude,Cool,Glossy,61.7,15.08,5.74,20.85,56.97,60.84
C012,S334,Medium,Neutral,35-44,6,IMG_334.png,Pink,Warm,Glossy,53.81,29.68,12.52,22.87,80.21,54.8
C012,S410,Medium,Neutral,35-44,4,IMG_410.png,Pink,Cool,Glossy,72.37,34.7,6.55,10.69,81.42,73.34
C012,S071,Medium,Neutral,35-44,8,IMG_071.png,Mauve,Warm,Matte,46.67,24.65,9.83,21.74,65.36,48.47
C012,S210,Medium,Neutral,35-44,8,IMG_210.png,Mauve,Neutral,Satin,48.16,28.2,0.31,0.63,72.26,47.88
C012,S064,Medium,Neutral,35-44,7,IMG_064.png,Nude,Neutral,Matte,57.68,8.49,1.18,7.9,46.71,62.52
C012,S385,Medium,Neutral,35-44,6,IMG_385.png,Berry,Warm,Satin,54.08,40.96,-4.88,353.21,89.28,56.18
C012,S094,Medium,Neutral,35-44,7,IMG_094.png,Nude,Cool,Matte,52.28,4.76,16.16,73.58,53.43,48.56
C012,S486,Medium,Neutral,35-44,4,IMG_486.png,Coral,Cool,Satin,56.54,36.42,21.42,30.47,88.45,57.18
C012,S186,Medium,Neutral,35-44,7,IMG_186.png,Plum,Neutral,Satin,36.97,30.89,-11.08,340.27,75.99,35.73
C012,S034,Medium,Neutral,35-44,7,IMG_034.png,Mauve,Cool,Matte,54.83,30.06,0.19,0.36,73.34,54.83
C012,S078,Medium,Neutral,35-44,6,IMG_078.png,Plum,Warm,Satin,39.28,31.21,-5.96,349.19,72.75,39.35
C012,S001,Medium,Neutral,35-44,6,IMG_001.png,Nude,Neutral,Glossy,67.64,6.24,9.49,56.65,53.13,67.01
C012,S012,Medium,Neutral,35-44,7,IMG_012.png,Pink,Neutral,Matte,57.46,29.6,-0.44,359.15,65.33,54.81
C012,S416,Medium,Neutral,35-44,7,IMG_416.png,Berry,Cool,Glossy,44.52,42.13,-10.82,345.6,74.33,43.28
C012,S023,Medium,Neutral,35-44,6,IMG_023.png,Pink,Warm,Glossy,59.29,31.43,20.39,32.97,79.16,61.5
C013,S362,Tan,Warm,18-24,8,IMG_362.png,Coral,Warm,Glossy,44.59,39.79,42.75,47.06,100.0,42.55
C013,S074,Tan,Warm,18-24,6,IMG_074.png,Brown,Warm,Satin,33.57,18.57,30.19,58.4,74.8,34.04
C013,S375,Tan,Warm,18-24,7,IMG_375.png,Mauve,Warm,Matte,48.6,21.85,14.88,34.26,58.85,46.15
C013,S156,Tan,Warm,18-24,7,IMG_156.png,Berry,Cool,Matte,49.66,32.99,2.37,4.12,81.61,49.8
C013,S105,Tan,Warm,18-24,7,IMG_105.png,Orange,Neutral,Satin,43.96,31.98,45.0,54.6,95.09,43.2
C013,S395,Tan,Warm,18-24,4,IMG_395.png,Pink,Neutral,Matte,63.76,31.9,3.06,5.49,67.76,62.34
C013,S378,Tan,Warm,18-24,4,IMG_378.png,Plum,Cool,Satin,34.57,36.3,-11.39,342.58,79.39,34.97
C013,S125,Tan,Warm,18-24,6,IMG_125.png,Brown,Warm,Satin,37.1,19.35,27.23,54.6,83.32,36.88
C013,S069,Tan,Warm,18-24,7,IMG_069.png,Mauve,Warm,Satin,50.92,23.73,4.49,10.72,61.53,52.34
C013,S451,Tan,Warm,18-24,9,IMG_451.png,Berry,Warm,Satin,46.36,43.95,-0.07,359.91,87.49,43.78
C013,S010,Tan,Warm,18-24,5,IMG_010.png,Orange,Cool,Matte,64.14,27.86,33.47,50.22,86.36,65.06
C013,S195,Tan,Warm,18-24,7,IMG_195.png,Plum,Warm,Matte,30.1,24.27,-9.32,338.99,62.78,30.42
C013,S407,Tan,Warm,18-24,5,IMG_407.png,Coral,Cool,Matte,45.34,34.17,21.6,32.3,88.31,44.23
C013,S085,Tan,Warm,18-24,7,IMG_085.png,Orange,Warm,Satin,44.61,33.92,42.86,51.64,93.54,46.28
C013,S372,Tan,Warm,18-24,6,IMG_372.png,Berry,Neutral,Satin,51.76,37.7,9.95,14.78,80.47,50.23
C013,S389,Tan,Warm,18-24,9,IMG_389.png,Berry,Neutral,Glossy,37.98,38.26,-5.12,352.38,79.83,35.73
C013,S496,Tan,Warm,18-24,5,IMG_496.png,Orange,Neutral,Satin,63.61,26.61,43.06,58.29,94.45,62.31
C013,S031,Tan,Warm,18-24,5,IMG_031.png,Plum,Neutral,Satin,29.74,29.53,-15.0,333.07,69.1,34.0
C013,S317,Tan,Warm,18-24,6,IMG_317.png,Nude,Warm,Glossy,49.49,17.95,18.57,45.98,72.61,52.36
C013,S409,Tan,Warm,18-24,6,IMG_409.png,Red,Neutral,Glossy,41.5,45.1,20.21,24.14,94.06,40.62
C013,S491,Tan,Warm,18-24,5,IMG_491.png,Coral,Cool,Matte,63.93,27.99,18.86,33.97,73.98,62.27
C013,S492,Tan,Warm,18-24,6,IMG_492.png,Mauve,Warm,Glossy,55.1,22.72,7.8,18.95,61.46,53.01
C013,S281,Tan,Warm,18-24,7,IMG_281.png,Orange,Warm,Matte,60.83,29.03,43.83,56.48,100.0,60.4
C013,S357,Tan,Warm,18-24,6,IMG_357.png,Brown,Cool,Matte,26.54,8.39,10.47,51.3,56.74,27.15
C013,S077,Tan,Warm,18-24,6,IMG_077.png,Mauve,Warm,Matte,41.89,27.69,3.2,6.6,63.54,42.78
C013,S462,Tan,Warm,18-24,4,IMG_462.png,Orange,Cool,Matte,62.73,31.4,31.55,45.13,93.64,64.55
C013,S498,Tan,Warm,18-24,4,IMG_498.png,Pink,Neutral,Matte,62.17,31.28,11.43,20.08,85.25,62.51
C013,S212,Tan,Warm,18-24,6,IMG_212.png,Plum,Cool,Matte,36.22,24.36,-15.0,328.38,59.84,36.7
C013,S102,Tan,Warm,18-24,6,IMG_102.png,Orange,Neutral,Satin,67.72,35.5,37.34,46.45,90.45,67.09
C013,S335,Tan,Warm,18-24,5,IMG_335.png,Orange,Neutral,Glossy,65.14,24.44,42.18,59.91,99.55,65.56
C013,S476,Tan,Warm,18-24,6,IMG_476.png,Mauve,Warm,Matte,60.59,26.41,8.59,18.01,68.95,60.25
C013,S337,Tan,Warm,18-24,5,IMG_337.png,Pink,Neutral,Satin,60.41,30.57,8.81,16.07,80.2,58.23
C013,S441,Tan,Warm,18-24,7,IMG_441.png,Coral,Neutral,Satin,50.89,43.17,19.48,24.29,96.73,50.39
C013,S174,Tan,Warm,18-24,5,IMG_174.png,Coral,Cool,Matte,60.02,33.42,19.58,30.36,79.89,60.94
C013,S003,Tan,Warm,18-24,4,IMG_003.png,Nude,Cool,Glossy,61.7,15.08,5.74,20.85,56.97,60.84
C013,S334,Tan,Warm,18-24,7,IMG_334.png,Pink,Warm,Glossy,53.81,29.68,12.52,22.87,80.21,54.8
C013,S410,Tan,Warm,18-24,4,IMG_410.png,Pink,Cool,Glossy,72.37,34.7,6.55,10.69,81.42,73.34
C013,S071,Tan,Warm,18-24,7,IMG_071.png,Mauve,Warm,Matte,46.67,24.65,9.83,21.74,65.36,48.47
C013,S210,Tan,Warm,18-24,6,IMG_210.png,Mauve,Neutral,Satin,48.16,28.2,0.31,0.63,72.26,47.88
C013,S064,Tan,Warm,18-24,6,IMG_064.png,Nude,Neutral,Matte,57.68,8.49,1.18,7.9,46.71,62.52
C013,S385,Tan,Warm,18-24,9,IMG_385.png,Berry,Warm,Satin,54.08,40.96,-4.88,353.21,89.28,56.18
C013,S094,Tan,Warm,18-24,6,IMG_094.png,Nude,Cool,Matte,52.28,4.76,16.16,73.58,53.43,48.56
C013,S486,Tan,Warm,18-24,6,IMG_486.png,Coral,Cool,Satin,56.54,36.42,21.42,30.47,88.45,57.18
C013,S186,Tan,Warm,18-24,5,IMG_186.png,Plum,Neutral,Satin,36.97,30.89,-11.08,340.27,75.99,35.73
C013,S034,Tan,Warm,18-24,5,IMG_034.png,Mauve,Cool,Matte,54.83,30.06,0.19,0.36,73.34,54.83
C013,S078,Tan,Warm,18-24,7,IMG_078.png,Plum,Warm,Satin,39.28,31.21,-5.96,349.19,72.75,39.35
C013,S001,Tan,Warm,18-24,5,IMG_001.png,Nude,Neutral,Glossy,67.64,6.24,9.49,56.65,53.13,67.01
C013,S012,Tan,Warm,18-24,4,IMG_012.png,Pink,Neutral,Matte,57.46,29.6,-0.44,359.15,65.33,54.81
C013,S416,Tan,Warm,18-24,7,IMG_416.png,Berry,Cool,Glossy,44.52,42.13,-10.82,345.6,74.33,43.28
C013,S023,Tan,Warm,18-24,6,IMG_023.png,Pink,Warm,Glossy,59.29,31.43,20.39,32.97,79.16,61.5
C014,S362,Deep,Warm,18-24,7,IMG_362.png,Coral,Warm,Glossy,44.59,39.79,42.75,47.06,100.0,42.55
C014,S074,Deep,Warm,18-24,9,IMG_074.png,Brown,Warm,Satin,33.57,18.57,30.19,58.4,74.8,34.04
C014,S375,Deep,Warm,18-24,7,IMG_375.png,Mauve,Warm,Matte,48.6,21.85,14.88,34.26,58.85,46.15
C014,S156,Deep,Warm,18-24,7,IMG_156.png,Berry,Cool,Matte,49.66,32.99,2.37,4.12,81.61,49.8
C014,S105,Deep,Warm,18-24,7,IMG_105.png,Orange,Neutral,Satin,43.96,31.98,45.0,54.6,95.09,43.2
C014,S395,Deep,Warm,18-24,5,IMG_395.png,Pink,Neutral,Matte,63.76,31.9,3.06,5.49,67.76,62.34
C014,S378,Deep,Warm,18-24,5,IMG_378.png,Plum,Cool,Satin,34.57,36.3,-11.39,342.58,79.39,34.97
C014,S125,Deep,Warm,18-24,9,IMG_125.png,Brown,Warm,Satin,37.1,19.35,27.23,54.6,83.32,36.88
C014,S069,Deep,Warm,18-24,7,IMG_069.png,Mauve,Warm,Satin,50.92,23.73,4.49,10.72,61.53,52.34
C014,S451,Deep,Warm,18-24,6,IMG_451.png,Berry,Warm,Satin,46.36,43.95,-0.07,359.91,87.49,43.78
C014,S010,Deep,Warm,18-24,4,IMG_010.png,Orange,Cool,Matte,64.14,27.86,33.47,50.22,86.36,65.06
C014,S195,Deep,Warm,18-24,6,IMG_195.png,Plum,Warm,Matte,30.1,24.27,-9.32,338.99,62.78,30.42
C014,S407,Deep,Warm,18-24,6,IMG_407.png,Coral,Cool,Matte,45.34,34.17,21.6,32.3,88.31,44.23
C014,S085,Deep,Warm,18-24,8,IMG_085.png,Orange,Warm,Satin,44.61,33.92,42.86,51.64,93.54,46.28
C014,S372,Deep,Warm,18-24,5,IMG_372.png,Berry,Neutral,Satin,51.76,37.7,9.95,14.78,80.47,50.23
C014,S389,Deep,Warm,18-24,7,IMG_389.png,Berry,Neutral,Glossy,37.98,38.26,-5.12,352.38,79.83,35.73
C014,S496,Deep,Warm,18-24,5,IMG_496.png,Orange,Neutral,Satin,63.61,26.61,43.06,58.29,94.45,62.31
C014,S031,Deep,Warm,18-24,3,IMG_031.png,Plum,Neutral,Satin,29.74,29.53,-15.0,333.07,69.1,34.0
C014,S317,Deep,Warm,18-24,6,IMG_317.png,Nude,Warm,Glossy,49.49,17.95,18.57,45.98,72.61,52.36
C014,S409,Deep,Warm,18-24,7,IMG_409.png,Red,Neutral,Glossy,41.5,45.1,20.21,24.14,94.06,40.62
C014,S491,Deep,Warm,18-24,3,IMG_491.png,Coral,Cool,Matte,63.93,27.99,18.86,33.97,73.98,62.27
C014,S492,Deep,Warm,18-24,6,IMG_492.png,Mauve,Warm,Glossy,55.1,22.72,7.8,18.95,61.46,53.01
C014,S281,Deep,Warm,18-24,7,IMG_281.png,Orange,Warm,Matte,60.83,29.03,43.83,56.48,100.0,60.4
C014,S357,Deep,Warm,18-24,6,IMG_357.png,Brown,Cool,Matte,26.54,8.39,10.47,51.3,56.74,27.15
C014,S077,Deep,Warm,18-24,7,IMG_077.png,Mauve,Warm,Matte,41.89,27.69,3.2,6.6,63.54,42.78
C014,S462,Deep,Warm,18-24,3,IMG_462.png,Orange,Cool,Matte,62.73,31.4,31.55,45.13,93.64,64.55
C014,S498,Deep,Warm,18-24,6,IMG_498.png,Pink,Neutral,Matte,62.17,31.28,11.43,20.08,85.25,62.51
C014,S212,Deep,Warm,18-24,6,IMG_212.png,Plum,Cool,Matte,36.22,24.36,-15.0,328.38,59.84,36.7
C014,S102,Deep,Warm,18-24,5,IMG_102.png,Orange,Neutral,Satin,67.72,35.5,37.34,46.45,90.45,67.09
C014,S335,Deep,Warm,18-24,6,IMG_335.png,Orange,Neutral,Glossy,65.14,24.44,42.18,59.91,99.55,65.56
C014,S476,Deep,Warm,18-24,6,IMG_476.png,Mauve,Warm,Matte,60.59,26.41,8.59,18.01,68.95,60.25
C014,S337,Deep,Warm,18-24,4,IMG_337.png,Pink,Neutral,Satin,60.41,30.57,8.81,16.07,80.2,58.23
C014,S441,Deep,Warm,18-24,5,IMG_441.png,Coral,Neutral,Satin,50.89,43.17,19.48,24.29,96.73,50.39
C014,S174,Deep,Warm,18-24,5,IMG_174.png,Coral,Cool,Matte,60.02,33.42,19.58,30.36,79.89,60.94
C014,S003,Deep,Warm,18-24,4,IMG_003.png,Nude,Cool,Glossy,61.7,15.08,5.74,20.85,56.97,60.84
C014,S334,Deep,Warm,18-24,5,IMG_334.png,Pink,Warm,Glossy,53.81,29.68,12.52,22.87,80.21,54.8
C014,S410,Deep,Warm,18-24,4,IMG_410.png,Pink,Cool,Glossy,72.37,34.7,6.55,10.69,81.42,73.34
C014,S071,Deep,Warm,18-24,6,IMG_071.png,Mauve,Warm,Matte,46.67,24.65,9.83,21.74,65.36,48.47
C014,S210,Deep,Warm,18-24,7,IMG_210.png,Mauve,Neutral,Satin,48.16,28.2,0.31,0.63,72.26,47.88
C014,S064,Deep,Warm,18-24,5,IMG_064.png,Nude,Neutral,Matte,57.68,8.49,1.18,7.9,46.71,62.52
C014,S385,Deep,Warm,18-24,6,IMG_385.png,Berry,Warm,Satin,54.08,40.96,-4.88,353.21,89.28,56.18
C014,S094,Deep,Warm,18-24,5,IMG_094.png,Nude,Cool,Matte,52.28,4.76,16.16,73.58,53.43,48.56
C014,S486,Deep,Warm,18-24,3,IMG_486.png,Coral,Cool,Satin,56.54,36.42,21.42,30.47,88.45,57.18
C014,S186,Deep,Warm,18-24,5,IMG_186.png,Plum,Neutral,Satin,36.97,30.89,-11.08,340.27,75.99,35.73
C014,S034,Deep,Warm,18-24,6,IMG_034.png,Mauve,Cool,Matte,54.83,30.06,0.19,0.36,73.34,54.83
C014,S078,Deep,Warm,18-24,9,IMG_078.png,Plum,Warm,Satin,39.28,31.21,-5.96,349.19,72.75,39.35
C014,S001,Deep,Warm,18-24,5,IMG_001.png,Nude,Neutral,Glossy,67.64,6.24,9.49,56.65,53.13,67.01
C014,S012,Deep,Warm,18-24,5,IMG_012.png,Pink,Neutral,Matte,57.46,29.6,-0.44,359.15,65.33,54.81
C014,S416,Deep,Warm,18-24,6,IMG_416.png,Berry,Cool,Glossy,44.52,42.13,-10.82,345.6,74.33,43.28
C014,S023,Deep,Warm,18-24,5,IMG_023.png,Pink,Warm,Glossy,59.29,31.43,20.39,32.97,79.16,61.5
C015,S362,Fair,Neutral,18-24,7,IMG_362.png,Coral,Warm,Glossy,44.59,39.79,42.75,47.06,100.0,42.55
C015,S074,Fair,Neutral,18-24,4,IMG_074.png,Brown,Warm,Satin,33.57,18.57,30.19,58.4,74.8,34.04
C015,S375,Fair,Neutral,18-24,7,IMG_375.png,Mauve,Warm,Matte,48.6,21.85,14.88,34.26,58.85,46.15
C015,S156,Fair,Neutral,18-24,7,IMG_156.png,Berry,Cool,Matte,49.66,32.99,2.37,4.12,81.61,49.8
C015,S105,Fair,Neutral,18-24,5,IMG_105.png,Orange,Neutral,Satin,43.96,31.98,45.0,54.6,95.09,43.2
C015,S395,Fair,Neutral,18-24,7,IMG_395.png,Pink,Neutral,Matte,63.76,31.9,3.06,5.49,67.76,62.34
C015,S378,Fair,Neutral,18-24,4,IMG_378.png,Plum,Cool,Satin,34.57,36.3,-11.39,342.58,79.39,34.97
C015,S125,Fair,Neutral,18-24,5,IMG_125.png,Brown,Warm,Satin,37.1,19.35,27.23,54.6,83.32,36.88
C015,S069,Fair,Neutral,18-24,6,IMG_069.png,Mauve,Warm,Satin,50.92,23.73,4.49,10.72,61.53,52.34
C015,S451,Fair,Neutral,18-24,8,IMG_451.png,Berry,Warm,Satin,46.36,43.95,-0.07,359.91,87.49,43.78
C015,S010,Fair,Neutral,18-24,5,IMG_010.png,Orange,Cool,Matte,64.14,27.86,33.47,50.22,86.36,65.06
C015,S195,Fair,Neutral,18-24,5,IMG_195.png,Plum,Warm,Matte,30.1,24.27,-9.32,338.99,62.78,30.42
C015,S407,Fair,Neutral,18-24,6,IMG_407.png,Coral,Cool,Matte,45.34,34.17,21.6,32.3,88.31,44.23
C015,S085,Fair,Neutral,18-24,5,IMG_085.png,Orange,Warm,Satin,44.61,33.92,42.86,51.64,93.54,46.28
C015,S372,Fair,Neutral,18-24,7,IMG_372.png,Berry,Neutral,Satin,51.76,37.7,9.95,14.78,80.47,50.23
C015,S389,Fair,Neutral,18-24,5,IMG_389.png,Berry,Neutral,Glossy,37.98,38.26,-5.12,352.38,79.83,35.73
C015,S496,Fair,Neutral,18-24,7,IMG_496.png,Orange,Neutral,Satin,63.61,26.61,43.06,58.29,94.45,62.31
C015,S031,Fair,Neutral,18-24,6,IMG_031.png,Plum,Neutral,Satin,29.74,29.53,-15.0,333.07,69.1,34.0
C015,S317,Fair,Neutral,18-24,6,IMG_317.png,Nude,Warm,Glossy,49.49,17.95,18.57,45.98,72.61,52.36
C015,S409,Fair,Neutral,18-24,8,IMG_409.png,Red,Neutral,Glossy,41.5,45.1,20.21,24.14,94.06,40.62
C015,S491,Fair,Neutral,18-24,7,IMG_491.png,Coral,Cool,Matte,63.93,27.99,18.86,33.97,73.98,62.27
C015,S492,Fair,Neutral,18-24,7,IMG_492.png,Mauve,Warm,Glossy,55.1,22.72,7.8,18.95,61.46,53.01
C015,S281,Fair,Neutral,18-24,6,IMG_281.png,Orange,Warm,Matte,60.83,29.03,43.83,56.48,100.0,60.4
C015,S357,Fair,Neutral,18-24,4,IMG_357.png,Brown,Cool,Matte,26.54,8.39,10.47,51.3,56.74,27.15
C015,S077,Fair,Neutral,18-24,5,IMG_077.png,Mauve,Warm,Matte,41.89,27.69,3.2,6.6,63.54,42.78
C015,S462,Fair,Neutral,18-24,6,IMG_462.png,Orange,Cool,Matte,62.73,31.4,31.55,45.13,93.64,64.55
C015,S498,Fair,Neutral,18-24,7,IMG_498.png,Pink,Neutral,Matte,62.17,31.28,11.43,20.08,85.25,62.51
C015,S212,Fair,Neutral,18-24,4,IMG_212.png,Plum,Cool,Matte,36.22,24.36,-15.0,328.38,59.84,36.7
C015,S102,Fair,Neutral,18-24,6,IMG_102.png,Orange,Neutral,Satin,67.72,35.5,37.34,46.45,90.45,67.09
C015,S335,Fair,Neutral,18-24,6,IMG_335.png,Orange,Neutral,Glossy,65.14,24.44,42.18,59.91,99.55,65.56
C015,S476,Fair,Neutral,18-24,5,IMG_476.png,Mauve,Warm,Matte,60.59,26.41,8.59,18.01,68.95,60.25
C015,S337,Fair,Neutral,18-24,7,IMG_337.png,Pink,Neutral,Satin,60.41,30.57,8.81,16.07,80.2,58.23
C015,S441,Fair,Neutral,18-24,5,IMG_441.png,Coral,Neutral,Satin,50.89,43.17,19.48,24.29,96.73,50.39
C015,S174,Fair,Neutral,18-24,6,IMG_174.png,Coral,Cool,Matte,60.02,33.42,19.58,30.36,79.89,60.94
C015,S003,Fair,Neutral,18-24,6,IMG_003.png,Nude,Cool,Glossy,61.7,15.08,5.74,20.85,56.97,60.84
C015,S334,Fair,Neutral,18-24,5,IMG_334.png,Pink,Warm,Glossy,53.81,29.68,12.52,22.87,80.21,54.8
C015,S410,Fair,Neutral,18-24,6,IMG_410.png,Pink,Cool,Glossy,72.37,34.7,6.55,10.69,81.42,73.34
C015,S071,Fair,Neutral,18-24,6,IMG_071.png,Mauve,Warm,Matte,46.67,24.65,9.83,21.74,65.36,48.47
C015,S210,Fair,Neutral,18-24,6,IMG_210.png,Mauve,Neutral,Satin,48.16,28.2,0.31,0.63,72.26,47.88
C015,S064,Fair,Neutral,18-24,7,IMG_064.png,Nude,Neutral,Matte,57.68,8.49,1.18,7.9,46.71,62.52
C015,S385,Fair,Neutral,18-24,6,IMG_385.png,Berry,Warm,Satin,54.08,40.96,-4.88,353.21,89.28,56.18
C015,S094,Fair,Neutral,18-24,5,IMG_094.png,Nude,Cool,Matte,52.28,4.76,16.16,73.58,53.43,48.56
C015,S486,Fair,Neutral,18-24,6,IMG_486.png,Coral,Cool,Satin,56.54,36.42,21.42,30.47,88.45,57.18
C015,S186,Fair,Neutral,18-24,7,IMG_186.png,Plum,Neutral,Satin,36.97,30.89,-11.08,340.27,75.99,35.73
C015,S034,Fair,Neutral,18-24,7,IMG_034.png,Mauve,Cool,Matte,54.83,30.06,0.19,0.36,73.34,54.83
C015,S078,Fair,Neutral,18-24,5,IMG_078.png,Plum,Warm,Satin,39.28,31.21,-5.96,349.19,72.75,39.35
C015,S001,Fair,Neutral,18-24,8,IMG_001.png,Nude,Neutral,Glossy,67.64,6.24,9.49,56.65,53.13,67.01
C015,S012,Fair,Neutral,18-24,6,IMG_012.png,Pink,Neutral,Matte,57.46,29.6,-0.44,359.15,65.33,54.81
C015,S416,Fair,Neutral,18-24,6,IMG_416.png,Berry,Cool,Glossy,44.52,42.13,-10.82,345.6,74.33,43.28
C015,S023,Fair,Neutral,18-24,7,IMG_023.png,Pink,Warm,Glossy,59.29,31.43,20.39,32.97,79.16,61.5
C016,S362,Tan,Cool,18-24,7,IMG_362.png,Coral,Warm,Glossy,44.59,39.79,42.75,47.06,100.0,42.55
C016,S074,Tan,Cool,18-24,7,IMG_074.png,Brown,Warm,Satin,33.57,18.57,30.19,58.4,74.8,34.04
C016,S375,Tan,Cool,18-24,6,IMG_375.png,Mauve,Warm,Matte,48.6,21.85,14.88,34.26,58.85,46.15
C016,S156,Tan,Cool,18-24,7,IMG_156.png,Berry,Cool,Matte,49.66,32.99,2.37,4.12,81.61,49.8
C016,S105,Tan,Cool,18-24,7,IMG_105.png,Orange,Neutral,Satin,43.96,31.98,45.0,54.6,95.09,43.2
C016,S395,Tan,Cool,18-24,5,IMG_395.png,Pink,Neutral,Matte,63.76,31.9,3.06,5.49,67.76,62.34
C016,S378,Tan,Cool,18-24,7,IMG_378.png,Plum,Cool,Satin,34.57,36.3,-11.39,342.58,79.39,34.97
C016,S125,Tan,Cool,18-24,6,IMG_125.png,Brown,Warm,Satin,37.1,19.35,27.23,54.6,83.32,36.88
C016,S069,Tan,Cool,18-24,5,IMG_069.png,Mauve,Warm,Satin,50.92,23.73,4.49,10.72,61.53,52.34
C016,S451,Tan,Cool,18-24,8,IMG_451.png,Berry,Warm,Satin,46.36,43.95,-0.07,359.91,87.49,43.78
C016,S010,Tan,Cool,18-24,6,IMG_010.png,Orange,Cool,Matte,64.14,27.86,33.47,50.22,86.36,65.06
C016,S195,Tan,Cool,18-24,5,IMG_195.png,Plum,Warm,Matte,30.1,24.27,-9.32,338.99,62.78,30.42
C016,S407,Tan,Cool,18-24,7,IMG_407.png,Coral,Cool,Matte,45.34,34.17,21.6,32.3,88.31,44.23
C016,S085,Tan,Cool,18-24,6,IMG_085.png,Orange,Warm,Satin,44.61,33.92,42.86,51.64,93.54,46.28
C016,S372,Tan,Cool,18-24,6,IMG_372.png,Berry,Neutral,Satin,51.76,37.7,9.95,14.78,80.47,50.23
C016,S389,Tan,Cool,18-24,6,IMG_389.png,Berry,Neutral,Glossy,37.98,38.26,-5.12,352.38,79.83,35.73
C016,S496,Tan,Cool,18-24,6,IMG_496.png,Orange,Neutral,Satin,63.61,26.61,43.06,58.29,94.45,62.31
C016,S031,Tan,Cool,18-24,5,IMG_031.png,Plum,Neutral,Satin,29.74,29.53,-15.0,333.07,69.1,34.0
C016,S317,Tan,Cool,18-24,7,IMG_317.png,Nude,Warm,Glossy,49.49,17.95,18.57,45.98,72.61,52.36
C016,S409,Tan,Cool,18-24,7,IMG_409.png,Red,Neutral,Glossy,41.5,45.1,20.21,24.14,94.06,40.62
C016,S491,Tan,Cool,18-24,7,IMG_491.png,Coral,Cool,Matte,63.93,27.99,18.86,33.97,73.98,62.27
C016,S492,Tan,Cool,18-24,6,IMG_492.png,Mauve,Warm,Glossy,55.1,22.72,7.8,18.95,61.46,53.01
C016,S281,Tan,Cool,18-24,8,IMG_281.png,Orange,Warm,Matte,60.83,29.03,43.83,56.48,100.0,60.4
C016,S357,Tan,Cool,18-24,8,IMG_357.png,Brown,Cool,Matte,26.54,8.39,10.47,51.3,56.74,27.15
C016,S077,Tan,Cool,18-24,6,IMG_077.png,Mauve,Warm,Matte,41.89,27.69,3.2,6.6,63.54,42.78
C016,S462,Tan,Cool,18-24,5,IMG_462.png,Orange,Cool,Matte,62.73,31.4,31.55,45.13,93.64,64.55
C016,S498,Tan,Cool,18-24,5,IMG_498.png,Pink,Neutral,Matte,62.17,31.28,11.43,20.08,85.25,62.51
C016,S212,Tan,Cool,18-24,8,IMG_212.png,Plum,Cool,Matte,36.22,24.36,-15.0,328.38,59.84,36.7
C016,S102,Tan,Cool,18-24,6,IMG_102.png,Orange,Neutral,Satin,67.72,35.5,37.34,46.45,90.45,67.09
C016,S335,Tan,Cool,18-24,6,IMG_335.png,Orange,Neutral,Glossy,65.14,24.44,42.18,59.91,99.55,65.56
C016,S476,Tan,Cool,18-24,6,IMG_476.png,Mauve,Warm,Matte,60.59,26.41,8.59,18.01,68.95,60.25
C016,S337,Tan,Cool,18-24,4,IMG_337.png,Pink,Neutral,Satin,60.41,30.57,8.81,16.07,80.2,58.23
C016,S441,Tan,Cool,18-24,7,IMG_441.png,Coral,Neutral,Satin,50.89,43.17,19.48,24.29,96.73,50.39
C016,S174,Tan,Cool,18-24,5,IMG_174.png,Coral,Cool,Matte,60.02,33.42,19.58,30.36,79.89,60.94
C016,S003,Tan,Cool,18-24,5,IMG_003.png,Nude,Cool,Glossy,61.7,15.08,5.74,20.85,56.97,60.84
C016,S334,Tan,Cool,18-24,6,IMG_334.png,Pink,Warm,Glossy,53.81,29.68,12.52,22.87,80.21,54.8
C016,S410,Tan,Cool,18-24,6,IMG_410.png,Pink,Cool,Glossy,72.37,34.7,6.55,10.69,81.42,73.34
C016,S071,Tan,Cool,18-24,7,IMG_071.png,Mauve,Warm,Matte,46.67,24.65,9.83,21.74,65.36,48.47
C016,S210,Tan,Cool,18-24,7,IMG_210.png,Mauve,Neutral,Satin,48.16,28.2,0.31,0.63,72.26,47.88
C016,S064,Tan,Cool,18-24,6,IMG_064.png,Nude,Neutral,Matte,57.68,8.49,1.18,7.9,46.71,62.52
C016,S385,Tan,Cool,18-24,5,IMG_385.png,Berry,Warm,Satin,54.08,40.96,-4.88,353.21,89.28,56.18
C016,S094,Tan,Cool,18-24,7,IMG_094.png,Nude,Cool,Matte,52.28,4.76,16.16,73.58,53.43,48.56
C016,S486,Tan,Cool,18-24,5,IMG_486.png,Coral,Cool,Satin,56.54,36.42,21.42,30.47,88.45,57.18
C016,S186,Tan,Cool,18-24,4,IMG_186.png,Plum,Neutral,Satin,36.97,30.89,-11.08,340.27,75.99,35.73
C016,S034,Tan,Cool,18-24,7,IMG_034.png,Mauve,Cool,Matte,54.83,30.06,0.19,0.36,73.34,54.83
C016,S078,Tan,Cool,18-24,5,IMG_078.png,Plum,Warm,Satin,39.28,31.21,-5.96,349.19,72.75,39.35
C016,S001,Tan,Cool,18-24,6,IMG_001.png,Nude,Neutral,Glossy,67.64,6.24,9.49,56.65,53.13,67.01
C016,S012,Tan,Cool,18-24,7,IMG_012.png,Pink,Neutral,Matte,57.46,29.6,-0.44,359.15,65.33,54.81
C016,S416,Tan,Cool,18-24,7,IMG_416.png,Berry,Cool,Glossy,44.52,42.13,-10.82,345.6,74.33,43.28
C016,S023,Tan,Cool,18-24,6,IMG_023.png,Pink,Warm,Glossy,59.29,31.43,20.39,32.97,79.16,61.5
C017,S362,Tan,Cool,18-24,5,IMG_362.png,Coral,Warm,Glossy,44.59,39.79,42.75,47.06,100.0,42.55
C017,S074,Tan,Cool,18-24,5,IMG_074.png,Brown,Warm,Satin,33.57,18.57,30.19,58.4,74.8,34.04
C017,S375,Tan,Cool,18-24,6,IMG_375.png,Mauve,Warm,Matte,48.6,21.85,14.88,34.26,58.85,46.15
C017,S156,Tan,Cool,18-24,7,IMG_156.png,Berry,Cool,Matte,49.66,32.99,2.37,4.12,81.61,49.8
C017,S105,Tan,Cool,18-24,6,IMG_105.png,Orange,Neutral,Satin,43.96,31.98,45.0,54.6,95.09,43.2
C017,S395,Tan,Cool,18-24,7,IMG_395.png,Pink,Neutral,Matte,63.76,31.9,3.06,5.49,67.76,62.34
C017,S378,Tan,Cool,18-24,5,IMG_378.png,Plum,Cool,Satin,34.57,36.3,-11.39,342.58,79.39,34.97
C017,S125,Tan,Cool,18-24,7,IMG_125.png,Brown,Warm,Satin,37.1,19.35,27.23,54.6,83.32,36.88
C017,S069,Tan,Cool,18-24,5,IMG_069.png,Mauve,Warm,Satin,50.92,23.73,4.49,10.72,61.53,52.34
C017,S451,Tan,Cool,18-24,7,IMG_451.png,Berry,Warm,Satin,46.36,43.95,-0.07,359.91,87.49,43.78
C017,S010,Tan,Cool,18-24,6,IMG_010.png,Orange,Cool,Matte,64.14,27.86,33.47,50.22,86.36,65.06
C017,S195,Tan,Cool,18-24,5,IMG_195.png,Plum,Warm,Matte,30.1,24.27,-9.32,338.99,62.78,30.42
C017,S407,Tan,Cool,18-24,7,IMG_407.png,Coral,Cool,Matte,45.34,34.17,21.6,32.3,88.31,44.23
C017,S085,Tan,Cool,18-24,5,IMG_085.png,Orange,Warm,Satin,44.61,33.92,42.86,51.64,93.54,46.28
C017,S372,Tan,Cool,18-24,7,IMG_372.png,Berry,Neutral,Satin,51.76,37.7,9.95,14.78,80.47,50.23
C017,S389,Tan,Cool,18-24,7,IMG_389.png,Berry,Neutral,Glossy,37.98,38.26,-5.12,352.38,79.83,35.73
C017,S496,Tan,Cool,18-24,6,IMG_496.png,Orange,Neutral,Satin,63.61,26.61,43.06,58.29,94.45,62.31
C017,S031,Tan,Cool,18-24,4,IMG_031.png,Plum,Neutral,Satin,29.74,29.53,-15.0,333.07,69.1,34.0
C017,S317,Tan,Cool,18-24,6,IMG_317.png,Nude,Warm,Glossy,49.49,17.95,18.57,45.98,72.61,52.36
C017,S409,Tan,Cool,18-24,8,IMG_409.png,Red,Neutral,Glossy,41.5,45.1,20.21,24.14,94.06,40.62
C017,S491,Tan,Cool,18-24,6,IMG_491.png,Coral,Cool,Matte,63.93,27.99,18.86,33.97,73.98,62.27
C017,S492,Tan,Cool,18-24,7,IMG_492.png,Mauve,Warm,Glossy,55.1,22.72,7.8,18.95,61.46,53.01
C017,S281,Tan,Cool,18-24,4,IMG_281.png,Orange,Warm,Matte,60.83,29.03,43.83,56.48,100.0,60.4
C017,S357,Tan,Cool,18-24,7,IMG_357.png,Brown,Cool,Matte,26.54,8.39,10.47,51.3,56.74,27.15
C017,S077,Tan,Cool,18-24,6,IMG_077.png,Mauve,Warm,Matte,41.89,27.69,3.2,6.6,63.54,42.78
C017,S462,Tan,Cool,18-24,6,IMG_462.png,Orange,Cool,Matte,62.73,31.4,31.55,45.13,93.64,64.55
C017,S498,Tan,Cool,18-24,5,IMG_498.png,Pink,Neutral,Matte,62.17,31.28,11.43,20.08,85.25,62.51
C017,S212,Tan,Cool,18-24,6,IMG_212.png,Plum,Cool,Matte,36.22,24.36,-15.0,328.38,59.84,36.7
C017,S102,Tan,Cool,18-24,6,IMG_102.png,Orange,Neutral,Satin,67.72,35.5,37.34,46.45,90.45,67.09
C017,S335,Tan,Cool,18-24,6,IMG_335.png,Orange,Neutral,Glossy,65.14,24.44,42.18,59.91,99.55,65.56
C017,S476,Tan,Cool,18-24,6,IMG_476.png,Mauve,Warm,Matte,60.59,26.41,8.59,18.01,68.95,60.25
C017,S337,Tan,Cool,18-24,7,IMG_337.png,Pink,Neutral,Satin,60.41,30.57,8.81,16.07,80.2,58.23
C017,S441,Tan,Cool,18-24,6,IMG_441.png,Coral,Neutral,Satin,50.89,43.17,19.48,24.29,96.73,50.39
C017,S174,Tan,Cool,18-24,6,IMG_174.png,Coral,Cool,Matte,60.02,33.42,19.58,30.36,79.89,60.94
C017,S003,Tan,Cool,18-24,7,IMG_003.png,Nude,Cool,Glossy,61.7,15.08,5.74,20.85,56.97,60.84
C017,S334,Tan,Cool,18-24,6,IMG_334.png,Pink,Warm,Glossy,53.81,29.68,12.52,22.87,80.21,54.8
C017,S410,Tan,Cool,18-24,5,IMG_410.png,Pink,Cool,Glossy,72.37,34.7,6.55,10.69,81.42,73.34
C017,S071,Tan,Cool,18-24,5,IMG_071.png,Mauve,Warm,Matte,46.67,24.65,9.83,21.74,65.36,48.47
C017,S210,Tan,Cool,18-24,7,IMG_210.png,Mauve,Neutral,Satin,48.16,28.2,0.31,0.63,72.26,47.88
C017,S064,Tan,Cool,18-24,6,IMG_064.png,Nude,Neutral,Matte,57.68,8.49,1.18,7.9,46.71,62.52
C017,S385,Tan,Cool,18-24,6,IMG_385.png,Berry,Warm,Satin,54.08,40.96,-4.88,353.21,89.28,56.18
C017,S094,Tan,Cool,18-24,8,IMG_094.png,Nude,Cool,Matte,52.28,4.76,16.16,73.58,53.43,48.56
C017,S486,Tan,Cool,18-24,7,IMG_486.png,Coral,Cool,Satin,56.54,36.42,21.42,30.47,88.45,57.18
C017,S186,Tan,Cool,18-24,7,IMG_186.png,Plum,Neutral,Satin,36.97,30.89,-11.08,340.27,75.99,35.73
C017,S034,Tan,Cool,18-24,5,IMG_034.png,Mauve,Cool,Matte,54.83,30.06,0.19,0.36,73.34,54.83
C017,S078,Tan,Cool,18-24,6,IMG_078.png,Plum,Warm,Satin,39.28,31.21,-5.96,349.19,72.75,39.35
C017,S001,Tan,Cool,18-24,6,IMG_001.png,Nude,Neutral,Glossy,67.64,6.24,9.49,56.65,53.13,67.01
C017,S012,Tan,Cool,18-24,5,IMG_012.png,Pink,Neutral,Matte,57.46,29.6,-0.44,359.15,65.33,54.81
C017,S416,Tan,Cool,18-24,7,IMG_416.png,Berry,Cool,Glossy,44.52,42.13,-10.82,345.6,74.33,43.28
C017,S023,Tan,Cool,18-24,5,IMG_023.png,Pink,Warm,Glossy,59.29,31.43,20.39,32.97,79.16,61.5
C018,S362,Fair,Neutral,25-34,5,IMG_362.png,Coral,Warm,Glossy,44.59,39.79,42.75,47.06,100.0,42.55
C018,S074,Fair,Neutral,25-34,6,IMG_074.png,Brown,Warm,Satin,33.57,18.57,30.19,58.4,74.8,34.04
C018,S375,Fair,Neutral,25-34,7,IMG_375.png,Mauve,Warm,Matte,48.6,21.85,14.88,34.26,58.85,46.15
C018,S156,Fair,Neutral,25-34,5,IMG_156.png,Berry,Cool,Matte,49.66,32.99,2.37,4.12,81.61,49.8
C018,S105,Fair,Neutral,25-34,6,IMG_105.png,Orange,Neutral,Satin,43.96,31.98,45.0,54.6,95.09,43.2
C018,S395,Fair,Neutral,25-34,9,IMG_395.png,Pink,Neutral,Matte,63.76,31.9,3.06,5.49,67.76,62.34
C018,S378,Fair,Neutral,25-34,5,IMG_378.png,Plum,Cool,Satin,34.57,36.3,-11.39,342.58,79.39,34.97
C018,S125,Fair,Neutral,25-34,5,IMG_125.png,Brown,Warm,Satin,37.1,19.35,27.23,54.6,83.32,36.88
C018,S069,Fair,Neutral,25-34,6,IMG_069.png,Mauve,Warm,Satin,50.92,23.73,4.49,10.72,61.53,52.34
C018,S451,Fair,Neutral,25-34,7,IMG_451.png,Berry,Warm,Satin,46.36,43.95,-0.07,359.91,87.49,43.78
C018,S010,Fair,Neutral,25-34,7,IMG_010.png,Orange,Cool,Matte,64.14,27.86,33.47,50.22,86.36,65.06
C018,S195,Fair,Neutral,25-34,4,IMG_195.png,Plum,Warm,Matte,30.1,24.27,-9.32,338.99,62.78,30.42
C018,S407,Fair,Neutral,25-34,6,IMG_407.png,Coral,Cool,Matte,45.34,34.17,21.6,32.3,88.31,44.23
C018,S085,Fair,Neutral,25-34,6,IMG_085.png,Orange,Warm,Satin,44.61,33.92,42.86,51.64,93.54,46.28
C018,S372,Fair,Neutral,25-34,7,IMG_372.png,Berry,Neutral,Satin,51.76,37.7,9.95,14.78,80.47,50.23
C018,S389,Fair,Neutral,25-34,6,IMG_389.png,Berry,Neutral,Glossy,37.98,38.26,-5.12,352.38,79.83,35.73
C018,S496,Fair,Neutral,25-34,7,IMG_496.png,Orange,Neutral,Satin,63.61,26.61,43.06,58.29,94.45,62.31
C018,S031,Fair,Neutral,25-34,6,IMG_031.png,Plum,Neutral,Satin,29.74,29.53,-15.0,333.07,69.1,34.0
C018,S317,Fair,Neutral,25-34,6,IMG_317.png,Nude,Warm,Glossy,49.49,17.95,18.57,45.98,72.61,52.36
C018,S409,Fair,Neutral,25-34,4,IMG_409.png,Red,Neutral,Glossy,41.5,45.1,20.21,24.14,94.06,40.62
C018,S491,Fair,Neutral,25-34,6,IMG_491.png,Coral,Cool,Matte,63.93,27.99,18.86,33.97,73.98,62.27
C018,S492,Fair,Neutral,25-34,6,IMG_492.png,Mauve,Warm,Glossy,55.1,22.72,7.8,18.95,61.46,53.01
C018,S281,Fair,Neutral,25-34,5,IMG_281.png,Orange,Warm,Matte,60.83,29.03,43.83,56.48,100.0,60.4
C018,S357,Fair,Neutral,25-34,6,IMG_357.png,Brown,Cool,Matte,26.54,8.39,10.47,51.3,56.74,27.15
C018,S077,Fair,Neutral,25-34,5,IMG_077.png,Mauve,Warm,Matte,41.89,27.69,3.2,6.6,63.54,42.78
C018,S462,Fair,Neutral,25-34,6,IMG_462.png,Orange,Cool,Matte,62.73,31.4,31.55,45.13,93.64,64.55
C018,S498,Fair,Neutral,25-34,8,IMG_498.png,Pink,Neutral,Matte,62.17,31.28,11.43,20.08,85.25,62.51
C018,S212,Fair,Neutral,25-34,5,IMG_212.png,Plum,Cool,Matte,36.22,24.36,-15.0,328.38,59.84,36.7
C018,S102,Fair,Neutral,25-34,8,IMG_102.png,Orange,Neutral,Satin,67.72,35.5,37.34,46.45,90.45,67.09
C018,S335,Fair,Neutral,25-34,6,IMG_335.png,Orange,Neutral,Glossy,65.14,24.44,42.18,59.91,99.55,65.56
C018,S476,Fair,Neutral,25-34,6,IMG_476.png,Mauve,Warm,Matte,60.59,26.41,8.59,18.01,68.95,60.25
C018,S337,Fair,Neutral,25-34,9,IMG_337.png,Pink,Neutral,Satin,60.41,30.57,8.81,16.07,80.2,58.23
C018,S441,Fair,Neutral,25-34,5,IMG_441.png,Coral,Neutral,Satin,50.89,43.17,19.48,24.29,96.73,50.39
C018,S174,Fair,Neutral,25-34,6,IMG_174.png,Coral,Cool,Matte,60.02,33.42,19.58,30.36,79.89,60.94
C018,S003,Fair,Neutral,25-34,6,IMG_003.png,Nude,Cool,Glossy,61.7,15.08,5.74,20.85,56.97,60.84
C018,S334,Fair,Neutral,25-34,7,IMG_334.png,Pink,Warm,Glossy,53.81,29.68,12.52,22.87,80.21,54.8
C018,S410,Fair,Neutral,25-34,7,IMG_410.png,Pink,Cool,Glossy,72.37,34.7,6.55,10.69,81.42,73.34
C018,S071,Fair,Neutral,25-34,6,IMG_071.png,Mauve,Warm,Matte,46.67,24.65,9.83,21.74,65.36,48.47
C018,S210,Fair,Neutral,25-34,8,IMG_210.png,Mauve,Neutral,Satin,48.16,28.2,0.31,0.63,72.26,47.88
C018,S064,Fair,Neutral,25-34,7,IMG_064.png,Nude,Neutral,Matte,57.68,8.49,1.18,7.9,46.71,62.52
C018,S385,Fair,Neutral,25-34,6,IMG_385.png,Berry,Warm,Satin,54.08,40.96,-4.88,353.21,89.28,56.18
C018,S094,Fair,Neutral,25-34,7,IMG_094.png,Nude,Cool,Matte,52.28,4.76,16.16,73.58,53.43,48.56
C018,S486,Fair,Neutral,25-34,6,IMG_486.png,Coral,Cool,Satin,56.54,36.42,21.42,30.47,88.45,57.18
C018,S186,Fair,Neutral,25-34,7,IMG_186.png,Plum,Neutral,Satin,36.97,30.89,-11.08,340.27,75.99,35.73
C018,S034,Fair,Neutral,25-34,6,IMG_034.png,Mauve,Cool,Matte,54.83,30.06,0.19,0.36,73.34,54.83
C018,S078,Fair,Neutral,25-34,6,IMG_078.png,Plum,Warm,Satin,39.28,31.21,-5.96,349.19,72.75,39.35
C018,S001,Fair,Neutral,25-34,7,IMG_001.png,Nude,Neutral,Glossy,67.64,6.24,9.49,56.65,53.13,67.01
C018,S012,Fair,Neutral,25-34,9,IMG_012.png,Pink,Neutral,Matte,57.46,29.6,-0.44,359.15,65.33,54.81
C018,S416,Fair,Neutral,25-34,5,IMG_416.png,Berry,Cool,Glossy,44.52,42.13,-10.82,345.6,74.33,43.28
C018,S023,Fair,Neutral,25-34,7,IMG_023.png,Pink,Warm,Glossy,59.29,31.43,20.39,32.97,79.16,61.5
C019,S362,Light,Cool,18-24,5,IMG_362.png,Coral,Warm,Glossy,44.59,39.79,42.75,47.06,100.0,42.55
C019,S074,Light,Cool,18-24,6,IMG_074.png,Brown,Warm,Satin,33.57,18.57,30.19,58.4,74.8,34.04
C019,S375,Light,Cool,18-24,5,IMG_375.png,Mauve,Warm,Matte,48.6,21.85,14.88,34.26,58.85,46.15
C019,S156,Light,Cool,18-24,6,IMG_156.png,Berry,Cool,Matte,49.66,32.99,2.37,4.12,81.61,49.8
C019,S105,Light,Cool,18-24,5,IMG_105.png,Orange,Neutral,Satin,43.96,31.98,45.0,54.6,95.09,43.2
C019,S395,Light,Cool,18-24,7,IMG_395.png,Pink,Neutral,Matte,63.76,31.9,3.06,5.49,67.76,62.34
C019,S378,Light,Cool,18-24,6,IMG_378.png,Plum,Cool,Satin,34.57,36.3,-11.39,342.58,79.39,34.97
C019,S125,Light,Cool,18-24,5,IMG_125.png,Brown,Warm,Satin,37.1,19.35,27.23,54.6,83.32,36.88
C019,S069,Light,Cool,18-24,5,IMG_069.png,Mauve,Warm,Satin,50.92,23.73,4.49,10.72,61.53,52.34
C019,S451,Light,Cool,18-24,6,IMG_451.png,Berry,Warm,Satin,46.36,43.95,-0.07,359.91,87.49,43.78
C019,S010,Light,Cool,18-24,8,IMG_010.png,Orange,Cool,Matte,64.14,27.86,33.47,50.22,86.36,65.06
C019,S195,Light,Cool,18-24,5,IMG_195.png,Plum,Warm,Matte,30.1,24.27,-9.32,338.99,62.78,30.42
C019,S407,Light,Cool,18-24,5,IMG_407.png,Coral,Cool,Matte,45.34,34.17,21.6,32.3,88.31,44.23
C019,S085,Light,Cool,18-24,5,IMG_085.png,Orange,Warm,Satin,44.61,33.92,42.86,51.64,93.54,46.28
C019,S372,Light,Cool,18-24,5,IMG_372.png,Berry,Neutral,Satin,51.76,37.7,9.95,14.78,80.47,50.23
C019,S389,Light,Cool,18-24,5,IMG_389.png,Berry,Neutral,Glossy,37.98,38.26,-5.12,352.38,79.83,35.73
C019,S496,Light,Cool,18-24,7,IMG_496.png,Orange,Neutral,Satin,63.61,26.61,43.06,58.29,94.45,62.31
C019,S031,Light,Cool,18-24,3,IMG_031.png,Plum,Neutral,Satin,29.74,29.53,-15.0,333.07,69.1,34.0
C019,S317,Light,Cool,18-24,4,IMG_317.png,Nude,Warm,Glossy,49.49,17.95,18.57,45.98,72.61,52.36
C019,S409,Light,Cool,18-24,5,IMG_409.png,Red,Neutral,Glossy,41.5,45.1,20.21,24.14,94.06,40.62
C019,S491,Light,Cool,18-24,7,IMG_491.png,Coral,Cool,Matte,63.93,27.99,18.86,33.97,73.98,62.27
C019,S492,Light,Cool,18-24,6,IMG_492.png,Mauve,Warm,Glossy,55.1,22.72,7.8,18.95,61.46,53.01
C019,S281,Light,Cool,18-24,6,IMG_281.png,Orange,Warm,Matte,60.83,29.03,43.83,56.48,100.0,60.4
C019,S357,Light,Cool,18-24,8,IMG_357.png,Brown,Cool,Matte,26.54,8.39,10.47,51.3,56.74,27.15
C019,S077,Light,Cool,18-24,3,IMG_077.png,Mauve,Warm,Matte,41.89,27.69,3.2,6.6,63.54,42.78
C019,S462,Light,Cool,18-24,8,IMG_462.png,Orange,Cool,Matte,62.73,31.4,31.55,45.13,93.64,64.55
C019,S498,Light,Cool,18-24,6,IMG_498.png,Pink,Neutral,Matte,62.17,31.28,11.43,20.08,85.25,62.51
C019,S212,Light,Cool,18-24,6,IMG_212.png,Plum,Cool,Matte,36.22,24.36,-15.0,328.38,59.84,36.7
C019,S102,Light,Cool,18-24,5,IMG_102.png,Orange,Neutral,Satin,67.72,35.5,37.34,46.45,90.45,67.09
C019,S335,Light,Cool,18-24,6,IMG_335.png,Orange,Neutral,Glossy,65.14,24.44,42.18,59.91,99.55,65.56
C019,S476,Light,Cool,18-24,6,IMG_476.png,Mauve,Warm,Matte,60.59,26.41,8.59,18.01,68.95,60.25
C019,S337,Light,Cool,18-24,7,IMG_337.png,Pink,Neutral,Satin,60.41,30.57,8.81,16.07,80.2,58.23
C019,S441,Light,Cool,18-24,5,IMG_441.png,Coral,Neutral,Satin,50.89,43.17,19.48,24.29,96.73,50.39
C019,S174,Light,Cool,18-24,7,IMG_174.png,Coral,Cool,Matte,60.02,33.42,19.58,30.36,79.89,60.94
C019,S003,Light,Cool,18-24,6,IMG_003.png,Nude,Cool,Glossy,61.7,15.08,5.74,20.85,56.97,60.84
C019,S334,Light,Cool,18-24,6,IMG_334.png,Pink,Warm,Glossy,53.81,29.68,12.52,22.87,80.21,54.8
C019,S410,Light,Cool,18-24,7,IMG_410.png,Pink,Cool,Glossy,72.37,34.7,6.55,10.69,81.42,73.34
C019,S071,Light,Cool,18-24,6,IMG_071.png,Mauve,Warm,Matte,46.67,24.65,9.83,21.74,65.36,48.47
C019,S210,Light,Cool,18-24,5,IMG_210.png,Mauve,Neutral,Satin,48.16,28.2,0.31,0.63,72.26,47.88
C019,S064,Light,Cool,18-24,7,IMG_064.png,Nude,Neutral,Matte,57.68,8.49,1.18,7.9,46.71,62.52
C019,S385,Light,Cool,18-24,7,IMG_385.png,Berry,Warm,Satin,54.08,40.96,-4.88,353.21,89.28,56.18
C019,S094,Light,Cool,18-24,6,IMG_094.png,Nude,Cool,Matte,52.28,4.76,16.16,73.58,53.43,48.56
C019,S486,Light,Cool,18-24,8,IMG_486.png,Coral,Cool,Satin,56.54,36.42,21.42,30.47,88.45,57.18
C019,S186,Light,Cool,18-24,6,IMG_186.png,Plum,Neutral,Satin,36.97,30.89,-11.08,340.27,75.99,35.73
C019,S034,Light,Cool,18-24,7,IMG_034.png,Mauve,Cool,Matte,54.83,30.06,0.19,0.36,73.34,54.83
C019,S078,Light,Cool,18-24,4,IMG_078.png,Plum,Warm,Satin,39.28,31.21,-5.96,349.19,72.75,39.35
C019,S001,Light,Cool,18-24,6,IMG_001.png,Nude,Neutral,Glossy,67.64,6.24,9.49,56.65,53.13,67.01
C019,S012,Light,Cool,18-24,5,IMG_012.png,Pink,Neutral,Matte,57.46,29.6,-0.44,359.15,65.33,54.81
C019,S416,Light,Cool,18-24,6,IMG_416.png,Berry,Cool,Glossy,44.52,42.13,-10.82,345.6,74.33,43.28
C019,S023,Light,Cool,18-24,6,IMG_023.png,Pink,Warm,Glossy,59.29,31.43,20.39,32.97,79.16,61.5
C020,S362,Light,Neutral,18-24,6,IMG_362.png,Coral,Warm,Glossy,44.59,39.79,42.75,47.06,100.0,42.55
C020,S074,Light,Neutral,18-24,4,IMG_074.png,Brown,Warm,Satin,33.57,18.57,30.19,58.4,74.8,34.04
C020,S375,Light,Neutral,18-24,5,IMG_375.png,Mauve,Warm,Matte,48.6,21.85,14.88,34.26,58.85,46.15
C020,S156,Light,Neutral,18-24,6,IMG_156.png,Berry,Cool,Matte,49.66,32.99,2.37,4.12,81.61,49.8
C020,S105,Light,Neutral,18-24,7,IMG_105.png,Orange,Neutral,Satin,43.96,31.98,45.0,54.6,95.09,43.2
C020,S395,Light,Neutral,18-24,9,IMG_395.png,Pink,Neutral,Matte,63.76,31.9,3.06,5.49,67.76,62.34
C020,S378,Light,Neutral,18-24,3,IMG_378.png,Plum,Cool,Satin,34.57,36.3,-11.39,342.58,79.39,34.97
C020,S125,Light,Neutral,18-24,5,IMG_125.png,Brown,Warm,Satin,37.1,19.35,27.23,54.6,83.32,36.88
C020,S069,Light,Neutral,18-24,5,IMG_069.png,Mauve,Warm,Satin,50.92,23.73,4.49,10.72,61.53,52.34
C020,S451,Light,Neutral,18-24,6,IMG_451.png,Berry,Warm,Satin,46.36,43.95,-0.07,359.91,87.49,43.78
C020,S010,Light,Neutral,18-24,5,IMG_010.png,Orange,Cool,Matte,64.14,27.86,33.47,50.22,86.36,65.06
C020,S195,Light,Neutral,18-24,4,IMG_195.png,Plum,Warm,Matte,30.1,24.27,-9.32,338.99,62.78,30.42
C020,S407,Light,Neutral,18-24,5,IMG_407.png,Coral,Cool,Matte,45.34,34.17,21.6,32.3,88.31,44.23
C020,S085,Light,Neutral,18-24,5,IMG_085.png,Orange,Warm,Satin,44.61,33.92,42.86,51.64,93.54,46.28
C020,S372,Light,Neutral,18-24,7,IMG_372.png,Berry,Neutral,Satin,51.76,37.7,9.95,14.78,80.47,50.23
C020,S389,Light,Neutral,18-24,6,IMG_389.png,Berry,Neutral,Glossy,37.98,38.26,-5.12,352.38,79.83,35.73
C020,S496,Light,Neutral,18-24,7,IMG_496.png,Orange,Neutral,Satin,63.61,26.61,43.06,58.29,94.45,62.31
C020,S031,Light,Neutral,18-24,4,IMG_031.png,Plum,Neutral,Satin,29.74,29.53,-15.0,333.07,69.1,34.0
C020,S317,Light,Neutral,18-24,6,IMG_317.png,Nude,Warm,Glossy,49.49,17.95,18.57,45.98,72.61,52.36
C020,S409,Light,Neutral,18-24,6,IMG_409.png,Red,Neutral,Glossy,41.5,45.1,20.21,24.14,94.06,40.62
C020,S491,Light,Neutral,18-24,7,IMG_491.png,Coral,Cool,Matte,63.93,27.99,18.86,33.97,73.98,62.27
C020,S492,Light,Neutral,18-24,6,IMG_492.png,Mauve,Warm,Glossy,55.1,22.72,7.8,18.95,61.46,53.01
C020,S281,Light,Neutral,18-24,5,IMG_281.png,Orange,Warm,Matte,60.83,29.03,43.83,56.48,100.0,60.4
C020,S357,Light,Neutral,18-24,4,IMG_357.png,Brown,Cool,Matte,26.54,8.39,10.47,51.3,56.74,27.15
C020,S077,Light,Neutral,18-24,6,IMG_077.png,Mauve,Warm,Matte,41.89,27.69,3.2,6.6,63.54,42.78
C020,S462,Light,Neutral,18-24,6,IMG_462.png,Orange,Cool,Matte,62.73,31.4,31.55,45.13,93.64,64.55
C020,S498,Light,Neutral,18-24,8,IMG_498.png,Pink,Neutral,Matte,62.17,31.28,11.43,20.08,85.25,62.51
C020,S212,Light,Neutral,18-24,4,IMG_212.png,Plum,Cool,Matte,36.22,24.36,-15.0,328.38,59.84,36.7
C020,S102,Light,Neutral,18-24,8,IMG_102.png,Orange,Neutral,Satin,67.72,35.5,37.34,46.45,90.45,67.09
C020,S335,Light,Neutral,18-24,6,IMG_335.png,Orange,Neutral,Glossy,65.14,24.44,42.18,59.91,99.55,65.56
C020,S476,Light,Neutral,18-24,6,IMG_476.png,Mauve,Warm,Matte,60.59,26.41,8.59,18.01,68.95,60.25
C020,S337,Light,Neutral,18-24,9,IMG_337.png,Pink,Neutral,Satin,60.41,30.57,8.81,16.07,80.2,58.23
C020,S441,Light,Neutral,18-24,5,IMG_441.png,Coral,Neutral,Satin,50.89,43.17,19.48,24.29,96.73,50.39
C020,S174,Light,Neutral,18-24,7,IMG_174.png,Coral,Cool,Matte,60.02,33.42,19.58,30.36,79.89,60.94
C020,S003,Light,Neutral,18-24,6,IMG_003.png,Nude,Cool,Glossy,61.7,15.08,5.74,20.85,56.97,60.84
C020,S334,Light,Neutral,18-24,8,IMG_334.png,Pink,Warm,Glossy,53.81,29.68,12.52,22.87,80.21,54.8
C020,S410,Light,Neutral,18-24,7,IMG_410.png,Pink,Cool,Glossy,72.37,34.7,6.55,10.69,81.42,73.34
C020,S071,Light,Neutral,18-24,5,IMG_071.png,Mauve,Warm,Matte,46.67,24.65,9.83,21.74,65.36,48.47
C020,S210,Light,Neutral,18-24,6,IMG_210.png,Mauve,Neutral,Satin,48.16,28.2,0.31,0.63,72.26,47.88
C020,S064,Light,Neutral,18-24,7,IMG_064.png,Nude,Neutral,Matte,57.68,8.49,1.18,7.9,46.71,62.52
C020,S385,Light,Neutral,18-24,5,IMG_385.png,Berry,Warm,Satin,54.08,40.96,-4.88,353.21,89.28,56.18
C020,S094,Light,Neutral,18-24,6,IMG_094.png,Nude,Cool,Matte,52.28,4.76,16.16,73.58,53.43,48.56
C020,S486,Light,Neutral,18-24,7,IMG_486.png,Coral,Cool,Satin,56.54,36.42,21.42,30.47,88.45,57.18
C020,S186,Light,Neutral,18-24,7,IMG_186.png,Plum,Neutral,Satin,36.97,30.89,-11.08,340.27,75.99,35.73
C020,S034,Light,Neutral,18-24,7,IMG_034.png,Mauve,Cool,Matte,54.83,30.06,0.19,0.36,73.34,54.83
C020,S078,Light,Neutral,18-24,6,IMG_078.png,Plum,Warm,Satin,39.28,31.21,-5.96,349.19,72.75,39.35
C020,S001,Light,Neutral,18-24,6,IMG_001.png,Nude,Neutral,Glossy,67.64,6.24,9.49,56.65,53.13,67.01
C020,S012,Light,Neutral,18-24,8,IMG_012.png,Pink,Neutral,Matte,57.46,29.6,-0.44,359.15,65.33,54.81
C020,S416,Light,Neutral,18-24,6,IMG_416.png,Berry,Cool,Glossy,44.52,42.13,-10.82,345.6,74.33,43.28
C020,S023,Light,Neutral,18-24,7,IMG_023.png,Pink,Warm,Glossy,59.29,31.43,20.39,32.97,79.16,61.5
C021,S362,Light,Warm,18-24,7,IMG_362.png,Coral,Warm,Glossy,44.59,39.79,42.75,47.06,100.0,42.55
C021,S074,Light,Warm,18-24,5,IMG_074.png,Brown,Warm,Satin,33.57,18.57,30.19,58.4,74.8,34.04
C021,S375,Light,Warm,18-24,6,IMG_375.png,Mauve,Warm,Matte,48.6,21.85,14.88,34.26,58.85,46.15
C021,S156,Light,Warm,18-24,6,IMG_156.png,Berry,Cool,Matte,49.66,32.99,2.37,4.12,81.61,49.8
C021,S105,Light,Warm,18-24,6,IMG_105.png,Orange,Neutral,Satin,43.96,31.98,45.0,54.6,95.09,43.2
C021,S395,Light,Warm,18-24,7,IMG_395.png,Pink,Neutral,Matte,63.76,31.9,3.06,5.49,67.76,62.34
C021,S378,Light,Warm,18-24,5,IMG_378.png,Plum,Cool,Satin,34.57,36.3,-11.39,342.58,79.39,34.97
C021,S125,Light,Warm,18-24,5,IMG_125.png,Brown,Warm,Satin,37.1,19.35,27.23,54.6,83.32,36.88
C021,S069,Light,Warm,18-24,7,IMG_069.png,Mauve,Warm,Satin,50.92,23.73,4.49,10.72,61.53,52.34
C021,S451,Light,Warm,18-24,8,IMG_451.png,Berry,Warm,Satin,46.36,43.95,-0.07,359.91,87.49,43.78
C021,S010,Light,Warm,18-24,6,IMG_010.png,Orange,Cool,Matte,64.14,27.86,33.47,50.22,86.36,65.06
C021,S195,Light,Warm,18-24,6,IMG_195.png,Plum,Warm,Matte,30.1,24.27,-9.32,338.99,62.78,30.42
C021,S407,Light,Warm,18-24,7,IMG_407.png,Coral,Cool,Matte,45.34,34.17,21.6,32.3,88.31,44.23
C021,S085,Light,Warm,18-24,6,IMG_085.png,Orange,Warm,Satin,44.61,33.92,42.86,51.64,93.54,46.28
C021,S372,Light,Warm,18-24,5,IMG_372.png,Berry,Neutral,Satin,51.76,37.7,9.95,14.78,80.47,50.23
C021,S389,Light,Warm,18-24,4,IMG_389.png,Berry,Neutral,Glossy,37.98,38.26,-5.12,352.38,79.83,35.73
C021,S496,Light,Warm,18-24,6,IMG_496.png,Orange,Neutral,Satin,63.61,26.61,43.06,58.29,94.45,62.31
C021,S031,Light,Warm,18-24,3,IMG_031.png,Plum,Neutral,Satin,29.74,29.53,-15.0,333.07,69.1,34.0
C021,S317,Light,Warm,18-24,7,IMG_317.png,Nude,Warm,Glossy,49.49,17.95,18.57,45.98,72.61,52.36
C021,S409,Light,Warm,18-24,5,IMG_409.png,Red,Neutral,Glossy,41.5,45.1,20.21,24.14,94.06,40.62
C021,S491,Light,Warm,18-24,6,IMG_491.png,Coral,Cool,Matte,63.93,27.99,18.86,33.97,73.98,62.27
C021,S492,Light,Warm,18-24,8,IMG_492.png,Mauve,Warm,Glossy,55.1,22.72,7.8,18.95,61.46,53.01
C021,S281,Light,Warm,18-24,7,IMG_281.png,Orange,Warm,Matte,60.83,29.03,43.83,56.48,100.0,60.4
C021,S357,Light,Warm,18-24,5,IMG_357.png,Brown,Cool,Matte,26.54,8.39,10.47,51.3,56.74,27.15
C021,S077,Light,Warm,18-24,7,IMG_077.png,Mauve,Warm,Matte,41.89,27.69,3.2,6.6,63.54,42.78
C021,S462,Light,Warm,18-24,5,IMG_462.png,Orange,Cool,Matte,62.73,31.4,31.55,45.13,93.64,64.55
C021,S498,Light,Warm,18-24,7,IMG_498.png,Pink,Neutral,Matte,62.17,31.28,11.43,20.08,85.25,62.51
C021,S212,Light,Warm,18-24,3,IMG_212.png,Plum,Cool,Matte,36.22,24.36,-15.0,328.38,59.84,36.7
C021,S102,Light,Warm,18-24,5,IMG_102.png,Orange,Neutral,Satin,67.72,35.5,37.34,46.45,90.45,67.09
C021,S335,Light,Warm,18-24,5,IMG_335.png,Orange,Neutral,Glossy,65.14,24.44,42.18,59.91,99.55,65.56
C021,S476,Light,Warm,18-24,7,IMG_476.png,Mauve,Warm,Matte,60.59,26.41,8.59,18.01,68.95,60.25
C021,S337,Light,Warm,18-24,7,IMG_337.png,Pink,Neutral,Satin,60.41,30.57,8.81,16.07,80.2,58.23
C021,S441,Light,Warm,18-24,6,IMG_441.png,Coral,Neutral,Satin,50.89,43.17,19.48,24.29,96.73,50.39
C021,S174,Light,Warm,18-24,5,IMG_174.png,Coral,Cool,Matte,60.02,33.42,19.58,30.36,79.89,60.94
C021,S003,Light,Warm,18-24,6,IMG_003.png,Nude,Cool,Glossy,61.7,15.08,5.74,20.85,56.97,60.84
C021,S334,Light,Warm,18-24,9,IMG_334.png,Pink,Warm,Glossy,53.81,29.68,12.52,22.87,80.21,54.8
C021,S410,Light,Warm,18-24,7,IMG_410.png,Pink,Cool,Glossy,72.37,34.7,6.55,10.69,81.42,73.34
C021,S071,Light,Warm,18-24,7,IMG_071.png,Mauve,Warm,Matte,46.67,24.65,9.83,21.74,65.36,48.47
C021,S210,Light,Warm,18-24,5,IMG_210.png,Mauve,Neutral,Satin,48.16,28.2,0.31,0.63,72.26,47.88
C021,S064,Light,Warm,18-24,6,IMG_064.png,Nude,Neutral,Matte,57.68,8.49,1.18,7.9,46.71,62.52
C021,S385,Light,Warm,18-24,7,IMG_385.png,Berry,Warm,Satin,54.08,40.96,-4.88,353.21,89.28,56.18
C021,S094,Light,Warm,18-24,6,IMG_094.png,Nude,Cool,Matte,52.28,4.76,16.16,73.58,53.43,48.56
C021,S486,Light,Warm,18-24,6,IMG_486.png,Coral,Cool,Satin,56.54,36.42,21.42,30.47,88.45,57.18
C021,S186,Light,Warm,18-24,6,IMG_186.png,Plum,Neutral,Satin,36.97,30.89,-11.08,340.27,75.99,35.73
C021,S034,Light,Warm,18-24,7,IMG_034.png,Mauve,Cool,Matte,54.83,30.06,0.19,0.36,73.34,54.83
C021,S078,Light,Warm,18-24,5,IMG_078.png,Plum,Warm,Satin,39.28,31.21,-5.96,349.19,72.75,39.35
C021,S001,Light,Warm,18-24,6,IMG_001.png,Nude,Neutral,Glossy,67.64,6.24,9.49,56.65,53.13,67.01
C021,S012,Light,Warm,18-24,9,IMG_012.png,Pink,Neutral,Matte,57.46,29.6,-0.44,359.15,65.33,54.81
C021,S416,Light,Warm,18-24,5,IMG_416.png,Berry,Cool,Glossy,44.52,42.13,-10.82,345.6,74.33,43.28
C021,S023,Light,Warm,18-24,9,IMG_023.png,Pink,Warm,Glossy,59.29,31.43,20.39,32.97,79.16,61.5
C022,S362,Light,Cool,18-24,5,IMG_362.png,Coral,Warm,Glossy,44.59,39.79,42.75,47.06,100.0,42.55
C022,S074,Light,Cool,18-24,3,IMG_074.png,Brown,Warm,Satin,33.57,18.57,30.19,58.4,74.8,34.04
C022,S375,Light,Cool,18-24,6,IMG_375.png,Mauve,Warm,Matte,48.6,21.85,14.88,34.26,58.85,46.15
C022,S156,Light,Cool,18-24,7,IMG_156.png,Berry,Cool,Matte,49.66,32.99,2.37,4.12,81.61,49.8
C022,S105,Light,Cool,18-24,5,IMG_105.png,Orange,Neutral,Satin,43.96,31.98,45.0,54.6,95.09,43.2
C022,S395,Light,Cool,18-24,6,IMG_395.png,Pink,Neutral,Matte,63.76,31.9,3.06,5.49,67.76,62.34
C022,S378,Light,Cool,18-24,6,IMG_378.png,Plum,Cool,Satin,34.57,36.3,-11.39,342.58,79.39,34.97
C022,S125,Light,Cool,18-24,5,IMG_125.png,Brown,Warm,Satin,37.1,19.35,27.23,54.6,83.32,36.88
C022,S069,Light,Cool,18-24,6,IMG_069.png,Mauve,Warm,Satin,50.92,23.73,4.49,10.72,61.53,52.34
C022,S451,Light,Cool,18-24,5,IMG_451.png,Berry,Warm,Satin,46.36,43.95,-0.07,359.91,87.49,43.78
C022,S010,Light,Cool,18-24,7,IMG_010.png,Orange,Cool,Matte,64.14,27.86,33.47,50.22,86.36,65.06
C022,S195,Light,Cool,18-24,5,IMG_195.png,Plum,Warm,Matte,30.1,24.27,-9.32,338.99,62.78,30.42
C022,S407,Light,Cool,18-24,6,IMG_407.png,Coral,Cool,Matte,45.34,34.17,21.6,32.3,88.31,44.23
C022,S085,Light,Cool,18-24,3,IMG_085.png,Orange,Warm,Satin,44.61,33.92,42.86,51.64,93.54,46.28
C022,S372,Light,Cool,18-24,6,IMG_372.png,Berry,Neutral,Satin,51.76,37.7,9.95,14.78,80.47,50.23
C022,S389,Light,Cool,18-24,4,IMG_389.png,Berry,Neutral,Glossy,37.98,38.26,-5.12,352.38,79.83,35.73
C022,S496,Light,Cool,18-24,6,IMG_496.png,Orange,Neutral,Satin,63.61,26.61,43.06,58.29,94.45,62.31
C022,S031,Light,Cool,18-24,6,IMG_031.png,Plum,Neutral,Satin,29.74,29.53,-15.0,333.07,69.1,34.0
C022,S317,Light,Cool,18-24,6,IMG_317.png,Nude,Warm,Glossy,49.49,17.95,18.57,45.98,72.61,52.36
C022,S409,Light,Cool,18-24,4,IMG_409.png,Red,Neutral,Glossy,41.5,45.1,20.21,24.14,94.06,40.62
C022,S491,Light,Cool,18-24,7,IMG_491.png,Coral,Cool,Matte,63.93,27.99,18.86,33.97,73.98,62.27
C022,S492,Light,Cool,18-24,7,IMG_492.png,Mauve,Warm,Glossy,55.1,22.72,7.8,18.95,61.46,53.01
C022,S281,Light,Cool,18-24,7,IMG_281.png,Orange,Warm,Matte,60.83,29.03,43.83,56.48,100.0,60.4
C022,S357,Light,Cool,18-24,6,IMG_357.png,Brown,Cool,Matte,26.54,8.39,10.47,51.3,56.74,27.15
C022,S077,Light,Cool,18-24,5,IMG_077.png,Mauve,Warm,Matte,41.89,27.69,3.2,6.6,63.54,42.78
C022,S462,Light,Cool,18-24,6,IMG_462.png,Orange,Cool,Matte,62.73,31.4,31.55,45.13,93.64,64.55
C022,S498,Light,Cool,18-24,7,IMG_498.png,Pink,Neutral,Matte,62.17,31.28,11.43,20.08,85.25,62.51
C022,S212,Light,Cool,18-24,7,IMG_212.png,Plum,Cool,Matte,36.22,24.36,-15.0,328.38,59.84,36.7
C022,S102,Light,Cool,18-24,6,IMG_102.png,Orange,Neutral,Satin,67.72,35.5,37.34,46.45,90.45,67.09
C022,S335,Light,Cool,18-24,5,IMG_335.png,Orange,Neutral,Glossy,65.14,24.44,42.18,59.91,99.55,65.56
C022,S476,Light,Cool,18-24,6,IMG_476.png,Mauve,Warm,Matte,60.59,26.41,8.59,18.01,68.95,60.25
C022,S337,Light,Cool,18-24,6,IMG_337.png,Pink,Neutral,Satin,60.41,30.57,8.81,16.07,80.2,58.23
C022,S441,Light,Cool,18-24,6,IMG_441.png,Coral,Neutral,Satin,50.89,43.17,19.48,24.29,96.73,50.39
C022,S174,Light,Cool,18-24,8,IMG_174.png,Coral,Cool,Matte,60.02,33.42,19.58,30.36,79.89,60.94
C022,S003,Light,Cool,18-24,6,IMG_003.png,Nude,Cool,Glossy,61.7,15.08,5.74,20.85,56.97,60.84
C022,S334,Light,Cool,18-24,5,IMG_334.png,Pink,Warm,Glossy,53.81,29.68,12.52,22.87,80.21,54.8
C022,S410,Light,Cool,18-24,7,IMG_410.png,Pink,Cool,Glossy,72.37,34.7,6.55,10.69,81.42,73.34
C022,S071,Light,Cool,18-24,7,IMG_071.png,Mauve,Warm,Matte,46.67,24.65,9.83,21.74,65.36,48.47
C022,S210,Light,Cool,18-24,6,IMG_210.png,Mauve,Neutral,Satin,48.16,28.2,0.31,0.63,72.26,47.88
C022,S064,Light,Cool,18-24,5,IMG_064.png,Nude,Neutral,Matte,57.68,8.49,1.18,7.9,46.71,62.52
C022,S385,Light,Cool,18-24,5,IMG_385.png,Berry,Warm,Satin,54.08,40.96,-4.88,353.21,89.28,56.18
C022,S094,Light,Cool,18-24,7,IMG_094.png,Nude,Cool,Matte,52.28,4.76,16.16,73.58,53.43,48.56
C022,S486,Light,Cool,18-24,8,IMG_486.png,Coral,Cool,Satin,56.54,36.42,21.42,30.47,88.45,57.18
C022,S186,Light,Cool,18-24,5,IMG_186.png,Plum,Neutral,Satin,36.97,30.89,-11.08,340.27,75.99,35.73
C022,S034,Light,Cool,18-24,7,IMG_034.png,Mauve,Cool,Matte,54.83,30.06,0.19,0.36,73.34,54.83
C022,S078,Light,Cool,18-24,6,IMG_078.png,Plum,Warm,Satin,39.28,31.21,-5.96,349.19,72.75,39.35
C022,S001,Light,Cool,18-24,6,IMG_001.png,Nude,Neutral,Glossy,67.64,6.24,9.49,56.65,53.13,67.01
C022,S012,Light,Cool,18-24,6,IMG_012.png,Pink,Neutral,Matte,57.46,29.6,-0.44,359.15,65.33,54.81
C022,S416,Light,Cool,18-24,5,IMG_416.png,Berry,Cool,Glossy,44.52,42.13,-10.82,345.6,74.33,43.28
C022,S023,Light,Cool,18-24,6,IMG_023.png,Pink,Warm,Glossy,59.29,31.43,20.39,32.97,79.16,61.5
C023,S362,Light,Warm,25-34,7,IMG_362.png,Coral,Warm,Glossy,44.59,39.79,42.75,47.06,100.0,42.55
C023,S074,Light,Warm,25-34,5,IMG_074.png,Brown,Warm,Satin,33.57,18.57,30.19,58.4,74.8,34.04
C023,S375,Light,Warm,25-34,7,IMG_375.png,Mauve,Warm,Matte,48.6,21.85,14.88,34.26,58.85,46.15
C023,S156,Light,Warm,25-34,7,IMG_156.png,Berry,Cool,Matte,49.66,32.99,2.37,4.12,81.61,49.8
C023,S105,Light,Warm,25-34,5,IMG_105.png,Orange,Neutral,Satin,43.96,31.98,45.0,54.6,95.09,43.2
C023,S395,Light,Warm,25-34,7,IMG_395.png,Pink,Neutral,Matte,63.76,31.9,3.06,5.49,67.76,62.34
C023,S378,Light,Warm,25-34,5,IMG_378.png,Plum,Cool,Satin,34.57,36.3,-11.39,342.58,79.39,34.97
C023,S125,Light,Warm,25-34,6,IMG_125.png,Brown,Warm,Satin,37.1,19.35,27.23,54.6,83.32,36.88
C023,S069,Light,Warm,25-34,8,IMG_069.png,Mauve,Warm,Satin,50.92,23.73,4.49,10.72,61.53,52.34
C023,S451,Light,Warm,25-34,7,IMG_451.png,Berry,Warm,Satin,46.36,43.95,-0.07,359.91,87.49,43.78
C023,S010,Light,Warm,25-34,5,IMG_010.png,Orange,Cool,Matte,64.14,27.86,33.47,50.22,86.36,65.06
C023,S195,Light,Warm,25-34,6,IMG_195.png,Plum,Warm,Matte,30.1,24.27,-9.32,338.99,62.78,30.42
C023,S407,Light,Warm,25-34,5,IMG_407.png,Coral,Cool,Matte,45.34,34.17,21.6,32.3,88.31,44.23
C023,S085,Light,Warm,25-34,7,IMG_085.png,Orange,Warm,Satin,44.61,33.92,42.86,51.64,93.54,46.28
C023,S372,Light,Warm,25-34,7,IMG_372.png,Berry,Neutral,Satin,51.76,37.7,9.95,14.78,80.47,50.23
C023,S389,Light,Warm,25-34,6,IMG_389.png,Berry,Neutral,Glossy,37.98,38.26,-5.12,352.38,79.83,35.73
C023,S496,Light,Warm,25-34,6,IMG_496.png,Orange,Neutral,Satin,63.61,26.61,43.06,58.29,94.45,62.31
C023,S031,Light,Warm,25-34,5,IMG_031.png,Plum,Neutral,Satin,29.74,29.53,-15.0,333.07,69.1,34.0
C023,S317,Light,Warm,25-34,8,IMG_317.png,Nude,Warm,Glossy,49.49,17.95,18.57,45.98,72.61,52.36
C023,S409,Light,Warm,25-34,6,IMG_409.png,Red,Neutral,Glossy,41.5,45.1,20.21,24.14,94.06,40.62
C023,S491,Light,Warm,25-34,6,IMG_491.png,Coral,Cool,Matte,63.93,27.99,18.86,33.97,73.98,62.27
C023,S492,Light,Warm,25-34,8,IMG_492.png,Mauve,Warm,Glossy,55.1,22.72,7.8,18.95,61.46,53.01
C023,S281,Light,Warm,25-34,7,IMG_281.png,Orange,Warm,Matte,60.83,29.03,43.83,56.48,100.0,60.4
C023,S357,Light,Warm,25-34,4,IMG_357.png,Brown,Cool,Matte,26.54,8.39,10.47,51.3,56.74,27.15
C023,S077,Light,Warm,25-34,6,IMG_077.png,Mauve,Warm,Matte,41.89,27.69,3.2,6.6,63.54,42.78
C023,S462,Light,Warm,25-34,5,IMG_462.png,Orange,Cool,Matte,62.73,31.4,31.55,45.13,93.64,64.55
C023,S498,Light,Warm,25-34,7,IMG_498.png,Pink,Neutral,Matte,62.17,31.28,11.43,20.08,85.25,62.51
C023,S212,Light,Warm,25-34,6,IMG_212.png,Plum,Cool,Matte,36.22,24.36,-15.0,328.38,59.84,36.7
C023,S102,Light,Warm,25-34,6,IMG_102.png,Orange,Neutral,Satin,67.72,35.5,37.34,46.45,90.45,67.09
C023,S335,Light,Warm,25-34,6,IMG_335.png,Orange,Neutral,Glossy,65.14,24.44,42.18,59.91,99.55,65.56
C023,S476,Light,Warm,25-34,7,IMG_476.png,Mauve,Warm,Matte,60.59,26.41,8.59,18.01,68.95,60.25
C023,S337,Light,Warm,25-34,5,IMG_337.png,Pink,Neutral,Satin,60.41,30.57,8.81,16.07,80.2,58.23
C023,S441,Light,Warm,25-34,6,IMG_441.png,Coral,Neutral,Satin,50.89,43.17,19.48,24.29,96.73,50.39
C023,S174,Light,Warm,25-34,6,IMG_174.png,Coral,Cool,Matte,60.02,33.42,19.58,30.36,79.89,60.94
C023,S003,Light,Warm,25-34,6,IMG_003.png,Nude,Cool,Glossy,61.7,15.08,5.74,20.85,56.97,60.84
C023,S334,Light,Warm,25-34,8,IMG_334.png,Pink,Warm,Glossy,53.81,29.68,12.52,22.87,80.21,54.8
C023,S410,Light,Warm,25-34,6,IMG_410.png,Pink,Cool,Glossy,72.37,34.7,6.55,10.69,81.42,73.34
C023,S071,Light,Warm,25-34,6,IMG_071.png,Mauve,Warm,Matte,46.67,24.65,9.83,21.74,65.36,48.47
C023,S210,Light,Warm,25-34,5,IMG_210.png,Mauve,Neutral,Satin,48.16,28.2,0.31,0.63,72.26,47.88
C023,S064,Light,Warm,25-34,8,IMG_064.png,Nude,Neutral,Matte,57.68,8.49,1.18,7.9,46.71,62.52
C023,S385,Light,Warm,25-34,9,IMG_385.png,Berry,Warm,Satin,54.08,40.96,-4.88,353.21,89.28,56.18
C023,S094,Light,Warm,25-34,6,IMG_094.png,Nude,Cool,Matte,52.28,4.76,16.16,73.58,53.43,48.56
C023,S486,Light,Warm,25-34,6,IMG_486.png,Coral,Cool,Satin,56.54,36.42,21.42,30.47,88.45,57.18
C023,S186,Light,Warm,25-34,5,IMG_186.png,Plum,Neutral,Satin,36.97,30.89,-11.08,340.27,75.99,35.73
C023,S034,Light,Warm,25-34,6,IMG_034.png,Mauve,Cool,Matte,54.83,30.06,0.19,0.36,73.34,54.83
C023,S078,Light,Warm,25-34,6,IMG_078.png,Plum,Warm,Satin,39.28,31.21,-5.96,349.19,72.75,39.35
C023,S001,Light,Warm,25-34,8,IMG_001.png,Nude,Neutral,Glossy,67.64,6.24,9.49,56.65,53.13,67.01
C023,S012,Light,Warm,25-34,7,IMG_012.png,Pink,Neutral,Matte,57.46,29.6,-0.44,359.15,65.33,54.81
C023,S416,Light,Warm,25-34,7,IMG_416.png,Berry,Cool,Glossy,44.52,42.13,-10.82,345.6,74.33,43.28
C023,S023,Light,Warm,25-34,6,IMG_023.png,Pink,Warm,Glossy,59.29,31.43,20.39,32.97,79.16,61.5
C024,S362,Light,Warm,18-24,6,IMG_362.png,Coral,Warm,Glossy,44.59,39.79,42.75,47.06,100.0,42.55
C024,S074,Light,Warm,18-24,7,IMG_074.png,Brown,Warm,Satin,33.57,18.57,30.19,58.4,74.8,34.04
C024,S375,Light,Warm,18-24,7,IMG_375.png,Mauve,Warm,Matte,48.6,21.85,14.88,34.26,58.85,46.15
C024,S156,Light,Warm,18-24,2,IMG_156.png,Berry,Cool,Matte,49.66,32.99,2.37,4.12,81.61,49.8
C024,S105,Light,Warm,18-24,6,IMG_105.png,Orange,Neutral,Satin,43.96,31.98,45.0,54.6,95.09,43.2
C024,S395,Light,Warm,18-24,9,IMG_395.png,Pink,Neutral,Matte,63.76,31.9,3.06,5.49,67.76,62.34
C024,S378,Light,Warm,18-24,3,IMG_378.png,Plum,Cool,Satin,34.57,36.3,-11.39,342.58,79.39,34.97
C024,S125,Light,Warm,18-24,7,IMG_125.png,Brown,Warm,Satin,37.1,19.35,27.23,54.6,83.32,36.88
C024,S069,Light,Warm,18-24,5,IMG_069.png,Mauve,Warm,Satin,50.92,23.73,4.49,10.72,61.53,52.34
C024,S451,Light,Warm,18-24,7,IMG_451.png,Berry,Warm,Satin,46.36,43.95,-0.07,359.91,87.49,43.78
C024,S010,Light,Warm,18-24,6,IMG_010.png,Orange,Cool,Matte,64.14,27.86,33.47,50.22,86.36,65.06
C024,S195,Light,Warm,18-24,4,IMG_195.png,Plum,Warm,Matte,30.1,24.27,-9.32,338.99,62.78,30.42
C024,S407,Light,Warm,18-24,6,IMG_407.png,Coral,Cool,Matte,45.34,34.17,21.6,32.3,88.31,44.23
C024,S085,Light,Warm,18-24,7,IMG_085.png,Orange,Warm,Satin,44.61,33.92,42.86,51.64,93.54,46.28
C024,S372,Light,Warm,18-24,6,IMG_372.png,Berry,Neutral,Satin,51.76,37.7,9.95,14.78,80.47,50.23
C024,S389,Light,Warm,18-24,6,IMG_389.png,Berry,Neutral,Glossy,37.98,38.26,-5.12,352.38,79.83,35.73
C024,S496,Light,Warm,18-24,6,IMG_496.png,Orange,Neutral,Satin,63.61,26.61,43.06,58.29,94.45,62.31
C024,S031,Light,Warm,18-24,3,IMG_031.png,Plum,Neutral,Satin,29.74,29.53,-15.0,333.07,69.1,34.0
C024,S317,Light,Warm,18-24,8,IMG_317.png,Nude,Warm,Glossy,49.49,17.95,18.57,45.98,72.61,52.36
C024,S409,Light,Warm,18-24,7,IMG_409.png,Red,Neutral,Glossy,41.5,45.1,20.21,24.14,94.06,40.62
C024,S491,Light,Warm,18-24,7,IMG_491.png,Coral,Cool,Matte,63.93,27.99,18.86,33.97,73.98,62.27
C024,S492,Light,Warm,18-24,6,IMG_492.png,Mauve,Warm,Glossy,55.1,22.72,7.8,18.95,61.46,53.01
C024,S281,Light,Warm,18-24,6,IMG_281.png,Orange,Warm,Matte,60.83,29.03,43.83,56.48,100.0,60.4
C024,S357,Light,Warm,18-24,4,IMG_357.png,Brown,Cool,Matte,26.54,8.39,10.47,51.3,56.74,27.15
C024,S077,Light,Warm,18-24,5,IMG_077.png,Mauve,Warm,Matte,41.89,27.69,3.2,6.6,63.54,42.78
C024,S462,Light,Warm,18-24,6,IMG_462.png,Orange,Cool,Matte,62.73,31.4,31.55,45.13,93.64,64.55
C024,S498,Light,Warm,18-24,8,IMG_498.png,Pink,Neutral,Matte,62.17,31.28,11.43,20.08,85.25,62.51
C024,S212,Light,Warm,18-24,4,IMG_212.png,Plum,Cool,Matte,36.22,24.36,-15.0,328.38,59.84,36.7
C024,S102,Light,Warm,18-24,6,IMG_102.png,Orange,Neutral,Satin,67.72,35.5,37.34,46.45,90.45,67.09
C024,S335,Light,Warm,18-24,6,IMG_335.png,Orange,Neutral,Glossy,65.14,24.44,42.18,59.91,99.55,65.56
C024,S476,Light,Warm,18-24,7,IMG_476.png,Mauve,Warm,Matte,60.59,26.41,8.59,18.01,68.95,60.25
C024,S337,Light,Warm,18-24,8,IMG_337.png,Pink,Neutral,Satin,60.41,30.57,8.81,16.07,80.2,58.23
C024,S441,Light,Warm,18-24,4,IMG_441.png,Coral,Neutral,Satin,50.89,43.17,19.48,24.29,96.73,50.39
C024,S174,Light,Warm,18-24,6,IMG_174.png,Coral,Cool,Matte,60.02,33.42,19.58,30.36,79.89,60.94
C024,S003,Light,Warm,18-24,6,IMG_003.png,Nude,Cool,Glossy,61.7,15.08,5.74,20.85,56.97,60.84
C024,S334,Light,Warm,18-24,9,IMG_334.png,Pink,Warm,Glossy,53.81,29.68,12.52,22.87,80.21,54.8
C024,S410,Light,Warm,18-24,7,IMG_410.png,Pink,Cool,Glossy,72.37,34.7,6.55,10.69,81.42,73.34
C024,S071,Light,Warm,18-24,7,IMG_071.png,Mauve,Warm,Matte,46.67,24.65,9.83,21.74,65.36,48.47
C024,S210,Light,Warm,18-24,6,IMG_210.png,Mauve,Neutral,Satin,48.16,28.2,0.31,0.63,72.26,47.88
C024,S064,Light,Warm,18-24,7,IMG_064.png,Nude,Neutral,Matte,57.68,8.49,1.18,7.9,46.71,62.52
C024,S385,Light,Warm,18-24,8,IMG_385.png,Berry,Warm,Satin,54.08,40.96,-4.88,353.21,89.28,56.18
C024,S094,Light,Warm,18-24,6,IMG_094.png,Nude,Cool,Matte,52.28,4.76,16.16,73.58,53.43,48.56
C024,S486,Light,Warm,18-24,6,IMG_486.png,Coral,Cool,Satin,56.54,36.42,21.42,30.47,88.45,57.18
C024,S186,Light,Warm,18-24,5,IMG_186.png,Plum,Neutral,Satin,36.97,30.89,-11.08,340.27,75.99,35.73
C024,S034,Light,Warm,18-24,6,IMG_034.png,Mauve,Cool,Matte,54.83,30.06,0.19,0.36,73.34,54.83
C024,S078,Light,Warm,18-24,7,IMG_078.png,Plum,Warm,Satin,39.28,31.21,-5.96,349.19,72.75,39.35
C024,S001,Light,Warm,18-24,5,IMG_001.png,Nude,Neutral,Glossy,67.64,6.24,9.49,56.65,53.13,67.01
C024,S012,Light,Warm,18-24,9,IMG_012.png,Pink,Neutral,Matte,57.46,29.6,-0.44,359.15,65.33,54.81
C024,S416,Light,Warm,18-24,5,IMG_416.png,Berry,Cool,Glossy,44.52,42.13,-10.82,345.6,74.33,43.28
C024,S023,Light,Warm,18-24,9,IMG_023.png,Pink,Warm,Glossy,59.29,31.43,20.39,32.97,79.16,61.5
C025,S362,Tan,Cool,18-24,7,IMG_362.png,Coral,Warm,Glossy,44.59,39.79,42.75,47.06,100.0,42.55
C025,S074,Tan,Cool,18-24,5,IMG_074.png,Brown,Warm,Satin,33.57,18.57,30.19,58.4,74.8,34.04
C025,S375,Tan,Cool,18-24,5,IMG_375.png,Mauve,Warm,Matte,48.6,21.85,14.88,34.26,58.85,46.15
C025,S156,Tan,Cool,18-24,8,IMG_156.png,Berry,Cool,Matte,49.66,32.99,2.37,4.12,81.61,49.8
C025,S105,Tan,Cool,18-24,7,IMG_105.png,Orange,Neutral,Satin,43.96,31.98,45.0,54.6,95.09,43.2
C025,S395,Tan,Cool,18-24,6,IMG_395.png,Pink,Neutral,Matte,63.76,31.9,3.06,5.49,67.76,62.34
C025,S378,Tan,Cool,18-24,6,IMG_378.png,Plum,Cool,Satin,34.57,36.3,-11.39,342.58,79.39,34.97
C025,S125,Tan,Cool,18-24,7,IMG_125.png,Brown,Warm,Satin,37.1,19.35,27.23,54.6,83.32,36.88
C025,S069,Tan,Cool,18-24,6,IMG_069.png,Mauve,Warm,Satin,50.92,23.73,4.49,10.72,61.53,52.34
C025,S451,Tan,Cool,18-24,6,IMG_451.png,Berry,Warm,Satin,46.36,43.95,-0.07,359.91,87.49,43.78
C025,S010,Tan,Cool,18-24,5,IMG_010.png,Orange,Cool,Matte,64.14,27.86,33.47,50.22,86.36,65.06
C025,S195,Tan,Cool,18-24,4,IMG_195.png,Plum,Warm,Matte,30.1,24.27,-9.32,338.99,62.78,30.42
C025,S407,Tan,Cool,18-24,9,IMG_407.png,Coral,Cool,Matte,45.34,34.17,21.6,32.3,88.31,44.23
C025,S085,Tan,Cool,18-24,7,IMG_085.png,Orange,Warm,Satin,44.61,33.92,42.86,51.64,93.54,46.28
C025,S372,Tan,Cool,18-24,7,IMG_372.png,Berry,Neutral,Satin,51.76,37.7,9.95,14.78,80.47,50.23
C025,S389,Tan,Cool,18-24,5,IMG_389.png,Berry,Neutral,Glossy,37.98,38.26,-5.12,352.38,79.83,35.73
C025,S496,Tan,Cool,18-24,7,IMG_496.png,Orange,Neutral,Satin,63.61,26.61,43.06,58.29,94.45,62.31
C025,S031,Tan,Cool,18-24,5,IMG_031.png,Plum,Neutral,Satin,29.74,29.53,-15.0,333.07,69.1,34.0
C025,S317,Tan,Cool,18-24,6,IMG_317.png,Nude,Warm,Glossy,49.49,17.95,18.57,45.98,72.61,52.36
C025,S409,Tan,Cool,18-24,7,IMG_409.png,Red,Neutral,Glossy,41.5,45.1,20.21,24.14,94.06,40.62
C025,S491,Tan,Cool,18-24,8,IMG_491.png,Coral,Cool,Matte,63.93,27.99,18.86,33.97,73.98,62.27
C025,S492,Tan,Cool,18-24,8,IMG_492.png,Mauve,Warm,Glossy,55.1,22.72,7.8,18.95,61.46,53.01
C025,S281,Tan,Cool,18-24,5,IMG_281.png,Orange,Warm,Matte,60.83,29.03,43.83,56.48,100.0,60.4
C025,S357,Tan,Cool,18-24,6,IMG_357.png,Brown,Cool,Matte,26.54,8.39,10.47,51.3,56.74,27.15
C025,S077,Tan,Cool,18-24,6,IMG_077.png,Mauve,Warm,Matte,41.89,27.69,3.2,6.6,63.54,42.78
C025,S462,Tan,Cool,18-24,5,IMG_462.png,Orange,Cool,Matte,62.73,31.4,31.55,45.13,93.64,64.55
C025,S498,Tan,Cool,18-24,5,IMG_498.png,Pink,Neutral,Matte,62.17,31.28,11.43,20.08,85.25,62.51
C025,S212,Tan,Cool,18-24,8,IMG_212.png,Plum,Cool,Matte,36.22,24.36,-15.0,328.38,59.84,36.7
C025,S102,Tan,Cool,18-24,5,IMG_102.png,Orange,Neutral,Satin,67.72,35.5,37.34,46.45,90.45,67.09
C025,S335,Tan,Cool,18-24,5,IMG_335.png,Orange,Neutral,Glossy,65.14,24.44,42.18,59.91,99.55,65.56
C025,S476,Tan,Cool,18-24,5,IMG_476.png,Mauve,Warm,Matte,60.59,26.41,8.59,18.01,68.95,60.25
C025,S337,Tan,Cool,18-24,6,IMG_337.png,Pink,Neutral,Satin,60.41,30.57,8.81,16.07,80.2,58.23
C025,S441,Tan,Cool,18-24,9,IMG_441.png,Coral,Neutral,Satin,50.89,43.17,19.48,24.29,96.73,50.39
C025,S174,Tan,Cool,18-24,9,IMG_174.png,Coral,Cool,Matte,60.02,33.42,19.58,30.36,79.89,60.94
C025,S003,Tan,Cool,18-24,7,IMG_003.png,Nude,Cool,Glossy,61.7,15.08,5.74,20.85,56.97,60.84
C025,S334,Tan,Cool,18-24,5,IMG_334.png,Pink,Warm,Glossy,53.81,29.68,12.52,22.87,80.21,54.8
C025,S410,Tan,Cool,18-24,6,IMG_410.png,Pink,Cool,Glossy,72.37,34.7,6.55,10.69,81.42,73.34
C025,S071,Tan,Cool,18-24,4,IMG_071.png,Mauve,Warm,Matte,46.67,24.65,9.83,21.74,65.36,48.47
C025,S210,Tan,Cool,18-24,7,IMG_210.png,Mauve,Neutral,Satin,48.16,28.2,0.31,0.63,72.26,47.88
C025,S064,Tan,Cool,18-24,9,IMG_064.png,Nude,Neutral,Matte,57.68,8.49,1.18,7.9,46.71,62.52
C025,S385,Tan,Cool,18-24,5,IMG_385.png,Berry,Warm,Satin,54.08,40.96,-4.88,353.21,89.28,56.18
C025,S094,Tan,Cool,18-24,8,IMG_094.png,Nude,Cool,Matte,52.28,4.76,16.16,73.58,53.43,48.56
C025,S486,Tan,Cool,18-24,8,IMG_486.png,Coral,Cool,Satin,56.54,36.42,21.42,30.47,88.45,57.18
C025,S186,Tan,Cool,18-24,6,IMG_186.png,Plum,Neutral,Satin,36.97,30.89,-11.08,340.27,75.99,35.73
C025,S034,Tan,Cool,18-24,8,IMG_034.png,Mauve,Cool,Matte,54.83,30.06,0.19,0.36,73.34,54.83
C025,S078,Tan,Cool,18-24,6,IMG_078.png,Plum,Warm,Satin,39.28,31.21,-5.96,349.19,72.75,39.35
C025,S001,Tan,Cool,18-24,6,IMG_001.png,Nude,Neutral,Glossy,67.64,6.24,9.49,56.65,53.13,67.01
C025,S012,Tan,Cool,18-24,7,IMG_012.png,Pink,Neutral,Matte,57.46,29.6,-0.44,359.15,65.33,54.81
C025,S416,Tan,Cool,18-24,8,IMG_416.png,Berry,Cool,Glossy,44.52,42.13,-10.82,345.6,74.33,43.28
C025,S023,Tan,Cool,18-24,8,IMG_023.png,Pink,Warm,Glossy,59.29,31.43,20.39,32.97,79.16,61.5
C026,S362,Medium,Warm,25-34,7,IMG_362.png,Coral,Warm,Glossy,44.59,39.79,42.75,47.06,100.0,42.55
C026,S074,Medium,Warm,25-34,6,IMG_074.png,Brown,Warm,Satin,33.57,18.57,30.19,58.4,74.8,34.04
C026,S375,Medium,Warm,25-34,5,IMG_375.png,Mauve,Warm,Matte,48.6,21.85,14.88,34.26,58.85,46.15
C026,S156,Medium,Warm,25-34,5,IMG_156.png,Berry,Cool,Matte,49.66,32.99,2.37,4.12,81.61,49.8
C026,S105,Medium,Warm,25-34,7,IMG_105.png,Orange,Neutral,Satin,43.96,31.98,45.0,54.6,95.09,43.2
C026,S395,Medium,Warm,25-34,4,IMG_395.png,Pink,Neutral,Matte,63.76,31.9,3.06,5.49,67.76,62.34
C026,S378,Medium,Warm,25-34,3,IMG_378.png,Plum,Cool,Satin,34.57,36.3,-11.39,342.58,79.39,34.97
C026,S125,Medium,Warm,25-34,6,IMG_125.png,Brown,Warm,Satin,37.1,19.35,27.23,54.6,83.32,36.88
C026,S069,Medium,Warm,25-34,8,IMG_069.png,Mauve,Warm,Satin,50.92,23.73,4.49,10.72,61.53,52.34
C026,S451,Medium,Warm,25-34,7,IMG_451.png,Berry,Warm,Satin,46.36,43.95,-0.07,359.91,87.49,43.78
C026,S010,Medium,Warm,25-34,5,IMG_010.png,Orange,Cool,Matte,64.14,27.86,33.47,50.22,86.36,65.06
C026,S195,Medium,Warm,25-34,4,IMG_195.png,Plum,Warm,Matte,30.1,24.27,-9.32,338.99,62.78,30.42
C026,S407,Medium,Warm,25-34,6,IMG_407.png,Coral,Cool,Matte,45.34,34.17,21.6,32.3,88.31,44.23
C026,S085,Medium,Warm,25-34,7,IMG_085.png,Orange,Warm,Satin,44.61,33.92,42.86,51.64,93.54,46.28
C026,S372,Medium,Warm,25-34,5,IMG_372.png,Berry,Neutral,Satin,51.76,37.7,9.95,14.78,80.47,50.23
C026,S389,Medium,Warm,25-34,6,IMG_389.png,Berry,Neutral,Glossy,37.98,38.26,-5.12,352.38,79.83,35.73
C026,S496,Medium,Warm,25-34,6,IMG_496.png,Orange,Neutral,Satin,63.61,26.61,43.06,58.29,94.45,62.31
C026,S031,Medium,Warm,25-34,5,IMG_031.png,Plum,Neutral,Satin,29.74,29.53,-15.0,333.07,69.1,34.0
C026,S317,Medium,Warm,25-34,7,IMG_317.png,Nude,Warm,Glossy,49.49,17.95,18.57,45.98,72.61,52.36
C026,S409,Medium,Warm,25-34,8,IMG_409.png,Red,Neutral,Glossy,41.5,45.1,20.21,24.14,94.06,40.62
C026,S491,Medium,Warm,25-34,5,IMG_491.png,Coral,Cool,Matte,63.93,27.99,18.86,33.97,73.98,62.27
C026,S492,Medium,Warm,25-34,7,IMG_492.png,Mauve,Warm,Glossy,55.1,22.72,7.8,18.95,61.46,53.01
C026,S281,Medium,Warm,25-34,5,IMG_281.png,Orange,Warm,Matte,60.83,29.03,43.83,56.48,100.0,60.4
C026,S357,Medium,Warm,25-34,3,IMG_357.png,Brown,Cool,Matte,26.54,8.39,10.47,51.3,56.74,27.15
C026,S077,Medium,Warm,25-34,6,IMG_077.png,Mauve,Warm,Matte,41.89,27.69,3.2,6.6,63.54,42.78
C026,S462,Medium,Warm,25-34,5,IMG_462.png,Orange,Cool,Matte,62.73,31.4,31.55,45.13,93.64,64.55
C026,S498,Medium,Warm,25-34,6,IMG_498.png,Pink,Neutral,Matte,62.17,31.28,11.43,20.08,85.25,62.51
C026,S212,Medium,Warm,25-34,5,IMG_212.png,Plum,Cool,Matte,36.22,24.36,-15.0,328.38,59.84,36.7
C026,S102,Medium,Warm,25-34,6,IMG_102.png,Orange,Neutral,Satin,67.72,35.5,37.34,46.45,90.45,67.09
C026,S335,Medium,Warm,25-34,6,IMG_335.png,Orange,Neutral,Glossy,65.14,24.44,42.18,59.91,99.55,65.56
C026,S476,Medium,Warm,25-34,6,IMG_476.png,Mauve,Warm,Matte,60.59,26.41,8.59,18.01,68.95,60.25
C026,S337,Medium,Warm,25-34,6,IMG_337.png,Pink,Neutral,Satin,60.41,30.57,8.81,16.07,80.2,58.23
C026,S441,Medium,Warm,25-34,6,IMG_441.png,Coral,Neutral,Satin,50.89,43.17,19.48,24.29,96.73,50.39
C026,S174,Medium,Warm,25-34,5,IMG_174.png,Coral,Cool,Matte,60.02,33.42,19.58,30.36,79.89,60.94
C026,S003,Medium,Warm,25-34,5,IMG_003.png,Nude,Cool,Glossy,61.7,15.08,5.74,20.85,56.97,60.84
C026,S334,Medium,Warm,25-34,4,IMG_334.png,Pink,Warm,Glossy,53.81,29.68,12.52,22.87,80.21,54.8
C026,S410,Medium,Warm,25-34,6,IMG_410.png,Pink,Cool,Glossy,72.37,34.7,6.55,10.69,81.42,73.34
C026,S071,Medium,Warm,25-34,7,IMG_071.png,Mauve,Warm,Matte,46.67,24.65,9.83,21.74,65.36,48.47
C026,S210,Medium,Warm,25-34,5,IMG_210.png,Mauve,Neutral,Satin,48.16,28.2,0.31,0.63,72.26,47.88
C026,S064,Medium,Warm,25-34,7,IMG_064.png,Nude,Neutral,Matte,57.68,8.49,1.18,7.9,46.71,62.52
C026,S385,Medium,Warm,25-34,7,IMG_385.png,Berry,Warm,Satin,54.08,40.96,-4.88,353.21,89.28,56.18
C026,S094,Medium,Warm,25-34,6,IMG_094.png,Nude,Cool,Matte,52.28,4.76,16.16,73.58,53.43,48.56
C026,S486,Medium,Warm,25-34,5,IMG_486.png,Coral,Cool,Satin,56.54,36.42,21.42,30.47,88.45,57.18
C026,S186,Medium,Warm,25-34,6,IMG_186.png,Plum,Neutral,Satin,36.97,30.89,-11.08,340.27,75.99,35.73
C026,S034,Medium,Warm,25-34,6,IMG_034.png,Mauve,Cool,Matte,54.83,30.06,0.19,0.36,73.34,54.83
C026,S078,Medium,Warm,25-34,6,IMG_078.png,Plum,Warm,Satin,39.28,31.21,-5.96,349.19,72.75,39.35
C026,S001,Medium,Warm,25-34,6,IMG_001.png,Nude,Neutral,Glossy,67.64,6.24,9.49,56.65,53.13,67.01
C026,S012,Medium,Warm,25-34,6,IMG_012.png,Pink,Neutral,Matte,57.46,29.6,-0.44,359.15,65.33,54.81
C026,S416,Medium,Warm,25-34,5,IMG_416.png,Berry,Cool,Glossy,44.52,42.13,-10.82,345.6,74.33,43.28
C026,S023,Medium,Warm,25-34,7,IMG_023.png,Pink,Warm,Glossy,59.29,31.43,20.39,32.97,79.16,61.5
C027,S362,Medium,Warm,18-24,9,IMG_362.png,Coral,Warm,Glossy,44.59,39.79,42.75,47.06,100.0,42.55
C027,S074,Medium,Warm,18-24,6,IMG_074.png,Brown,Warm,Satin,33.57,18.57,30.19,58.4,74.8,34.04
C027,S375,Medium,Warm,18-24,7,IMG_375.png,Mauve,Warm,Matte,48.6,21.85,14.88,34.26,58.85,46.15
C027,S156,Medium,Warm,18-24,6,IMG_156.png,Berry,Cool,Matte,49.66,32.99,2.37,4.12,81.61,49.8
C027,S105,Medium,Warm,18-24,7,IMG_105.png,Orange,Neutral,Satin,43.96,31.98,45.0,54.6,95.09,43.2
C027,S395,Medium,Warm,18-24,5,IMG_395.png,Pink,Neutral,Matte,63.76,31.9,3.06,5.49,67.76,62.34
C027,S378,Medium,Warm,18-24,4,IMG_378.png,Plum,Cool,Satin,34.57,36.3,-11.39,342.58,79.39,34.97
C027,S125,Medium,Warm,18-24,5,IMG_125.png,Brown,Warm,Satin,37.1,19.35,27.23,54.6,83.32,36.88
C027,S069,Medium,Warm,18-24,6,IMG_069.png,Mauve,Warm,Satin,50.92,23.73,4.49,10.72,61.53,52.34
C027,S451,Medium,Warm,18-24,6,IMG_451.png,Berry,Warm,Satin,46.36,43.95,-0.07,359.91,87.49,43.78
C027,S010,Medium,Warm,18-24,5,IMG_010.png,Orange,Cool,Matte,64.14,27.86,33.47,50.22,86.36,65.06
C027,S195,Medium,Warm,18-24,7,IMG_195.png,Plum,Warm,Matte,30.1,24.27,-9.32,338.99,62.78,30.42
C027,S407,Medium,Warm,18-24,8,IMG_407.png,Coral,Cool,Matte,45.34,34.17,21.6,32.3,88.31,44.23
C027,S085,Medium,Warm,18-24,6,IMG_085.png,Orange,Warm,Satin,44.61,33.92,42.86,51.64,93.54,46.28
C027,S372,Medium,Warm,18-24,6,IMG_372.png,Berry,Neutral,Satin,51.76,37.7,9.95,14.78,80.47,50.23
C027,S389,Medium,Warm,18-24,6,IMG_389.png,Berry,Neutral,Glossy,37.98,38.26,-5.12,352.38,79.83,35.73
C027,S496,Medium,Warm,18-24,6,IMG_496.png,Orange,Neutral,Satin,63.61,26.61,43.06,58.29,94.45,62.31
C027,S031,Medium,Warm,18-24,5,IMG_031.png,Plum,Neutral,Satin,29.74,29.53,-15.0,333.07,69.1,34.0
C027,S317,Medium,Warm,18-24,7,IMG_317.png,Nude,Warm,Glossy,49.49,17.95,18.57,45.98,72.61,52.36
C027,S409,Medium,Warm,18-24,7,IMG_409.png,Red,Neutral,Glossy,41.5,45.1,20.21,24.14,94.06,40.62
C027,S491,Medium,Warm,18-24,6,IMG_491.png,Coral,Cool,Matte,63.93,27.99,18.86,33.97,73.98,62.27
C027,S492,Medium,Warm,18-24,7,IMG_492.png,Mauve,Warm,Glossy,55.1,22.72,7.8,18.95,61.46,53.01
C027,S281,Medium,Warm,18-24,8,IMG_281.png,Orange,Warm,Matte,60.83,29.03,43.83,56.48,100.0,60.4
C027,S357,Medium,Warm,18-24,4,IMG_357.png,Brown,Cool,Matte,26.54,8.39,10.47,51.3,56.74,27.15
C027,S077,Medium,Warm,18-24,6,IMG_077.png,Mauve,Warm,Matte,41.89,27.69,3.2,6.6,63.54,42.78
C027,S462,Medium,Warm,18-24,6,IMG_462.png,Orange,Cool,Matte,62.73,31.4,31.55,45.13,93.64,64.55
C027,S498,Medium,Warm,18-24,5,IMG_498.png,Pink,Neutral,Matte,62.17,31.28,11.43,20.08,85.25,62.51
C027,S212,Medium,Warm,18-24,4,IMG_212.png,Plum,Cool,Matte,36.22,24.36,-15.0,328.38,59.84,36.7
C027,S102,Medium,Warm,18-24,6,IMG_102.png,Orange,Neutral,Satin,67.72,35.5,37.34,46.45,90.45,67.09
C027,S335,Medium,Warm,18-24,6,IMG_335.png,Orange,Neutral,Glossy,65.14,24.44,42.18,59.91,99.55,65.56
C027,S476,Medium,Warm,18-24,6,IMG_476.png,Mauve,Warm,Matte,60.59,26.41,8.59,18.01,68.95,60.25
C027,S337,Medium,Warm,18-24,5,IMG_337.png,Pink,Neutral,Satin,60.41,30.57,8.81,16.07,80.2,58.23
C027,S441,Medium,Warm,18-24,7,IMG_441.png,Coral,Neutral,Satin,50.89,43.17,19.48,24.29,96.73,50.39
C027,S174,Medium,Warm,18-24,7,IMG_174.png,Coral,Cool,Matte,60.02,33.42,19.58,30.36,79.89,60.94
C027,S003,Medium,Warm,18-24,5,IMG_003.png,Nude,Cool,Glossy,61.7,15.08,5.74,20.85,56.97,60.84
C027,S334,Medium,Warm,18-24,6,IMG_334.png,Pink,Warm,Glossy,53.81,29.68,12.52,22.87,80.21,54.8
C027,S410,Medium,Warm,18-24,6,IMG_410.png,Pink,Cool,Glossy,72.37,34.7,6.55,10.69,81.42,73.34
C027,S071,Medium,Warm,18-24,7,IMG_071.png,Mauve,Warm,Matte,46.67,24.65,9.83,21.74,65.36,48.47
C027,S210,Medium,Warm,18-24,7,IMG_210.png,Mauve,Neutral,Satin,48.16,28.2,0.31,0.63,72.26,47.88
C027,S064,Medium,Warm,18-24,7,IMG_064.png,Nude,Neutral,Matte,57.68,8.49,1.18,7.9,46.71,62.52
C027,S385,Medium,Warm,18-24,8,IMG_385.png,Berry,Warm,Satin,54.08,40.96,-4.88,353.21,89.28,56.18
C027,S094,Medium,Warm,18-24,6,IMG_094.png,Nude,Cool,Matte,52.28,4.76,16.16,73.58,53.43,48.56
C027,S486,Medium,Warm,18-24,7,IMG_486.png,Coral,Cool,Satin,56.54,36.42,21.42,30.47,88.45,57.18
C027,S186,Medium,Warm,18-24,5,IMG_186.png,Plum,Neutral,Satin,36.97,30.89,-11.08,340.27,75.99,35.73
C027,S034,Medium,Warm,18-24,6,IMG_034.png,Mauve,Cool,Matte,54.83,30.06,0.19,0.36,73.34,54.83
C027,S078,Medium,Warm,18-24,7,IMG_078.png,Plum,Warm,Satin,39.28,31.21,-5.96,349.19,72.75,39.35
C027,S001,Medium,Warm,18-24,5,IMG_001.png,Nude,Neutral,Glossy,67.64,6.24,9.49,56.65,53.13,67.01
C027,S012,Medium,Warm,18-24,5,IMG_012.png,Pink,Neutral,Matte,57.46,29.6,-0.44,359.15,65.33,54.81
C027,S416,Medium,Warm,18-24,6,IMG_416.png,Berry,Cool,Glossy,44.52,42.13,-10.82,345.6,74.33,43.28
C027,S023,Medium,Warm,18-24,7,IMG_023.png,Pink,Warm,Glossy,59.29,31.43,20.39,32.97,79.16,61.5
C028,S362,Light,Warm,18-24,5,IMG_362.png,Coral,Warm,Glossy,44.59,39.79,42.75,47.06,100.0,42.55
C028,S074,Light,Warm,18-24,6,IMG_074.png,Brown,Warm,Satin,33.57,18.57,30.19,58.4,74.8,34.04
C028,S375,Light,Warm,18-24,7,IMG_375.png,Mauve,Warm,Matte,48.6,21.85,14.88,34.26,58.85,46.15
C028,S156,Light,Warm,18-24,9,IMG_156.png,Berry,Cool,Matte,49.66,32.99,2.37,4.12,81.61,49.8
C028,S105,Light,Warm,18-24,5,IMG_105.png,Orange,Neutral,Satin,43.96,31.98,45.0,54.6,95.09,43.2
C028,S395,Light,Warm,18-24,5,IMG_395.png,Pink,Neutral,Matte,63.76,31.9,3.06,5.49,67.76,62.34
C028,S378,Light,Warm,18-24,3,IMG_378.png,Plum,Cool,Satin,34.57,36.3,-11.39,342.58,79.39,34.97
C028,S125,Light,Warm,18-24,6,IMG_125.png,Brown,Warm,Satin,37.1,19.35,27.23,54.6,83.32,36.88
C028,S069,Light,Warm,18-24,7,IMG_069.png,Mauve,Warm,Satin,50.92,23.73,4.49,10.72,61.53,52.34
C028,S451,Light,Warm,18-24,7,IMG_451.png,Berry,Warm,Satin,46.36,43.95,-0.07,359.91,87.49,43.78
C028,S010,Light,Warm,18-24,5,IMG_010.png,Orange,Cool,Matte,64.14,27.86,33.47,50.22,86.36,65.06
C028,S195,Light,Warm,18-24,4,IMG_195.png,Plum,Warm,Matte,30.1,24.27,-9.32,338.99,62.78,30.42
C028,S407,Light,Warm,18-24,6,IMG_407.png,Coral,Cool,Matte,45.34,34.17,21.6,32.3,88.31,44.23
C028,S085,Light,Warm,18-24,6,IMG_085.png,Orange,Warm,Satin,44.61,33.92,42.86,51.64,93.54,46.28
C028,S372,Light,Warm,18-24,7,IMG_372.png,Berry,Neutral,Satin,51.76,37.7,9.95,14.78,80.47,50.23
C028,S389,Light,Warm,18-24,5,IMG_389.png,Berry,Neutral,Glossy,37.98,38.26,-5.12,352.38,79.83,35.73
C028,S496,Light,Warm,18-24,5,IMG_496.png,Orange,Neutral,Satin,63.61,26.61,43.06,58.29,94.45,62.31
C028,S031,Light,Warm,18-24,4,IMG_031.png,Plum,Neutral,Satin,29.74,29.53,-15.0,333.07,69.1,34.0
C028,S317,Light,Warm,18-24,7,IMG_317.png,Nude,Warm,Glossy,49.49,17.95,18.57,45.98,72.61,52.36
C028,S409,Light,Warm,18-24,6,IMG_409.png,Red,Neutral,Glossy,41.5,45.1,20.21,24.14,94.06,40.62
C028,S491,Light,Warm,18-24,7,IMG_491.png,Coral,Cool,Matte,63.93,27.99,18.86,33.97,73.98,62.27
C028,S492,Light,Warm,18-24,8,IMG_492.png,Mauve,Warm,Glossy,55.1,22.72,7.8,18.95,61.46,53.01
C028,S281,Light,Warm,18-24,8,IMG_281.png,Orange,Warm,Matte,60.83,29.03,43.83,56.48,100.0,60.4
C028,S357,Light,Warm,18-24,5,IMG_357.png,Brown,Cool,Matte,26.54,8.39,10.47,51.3,56.74,27.15
C028,S077,Light,Warm,18-24,6,IMG_077.png,Mauve,Warm,Matte,41.89,27.69,3.2,6.6,63.54,42.78
C028,S462,Light,Warm,18-24,6,IMG_462.png,Orange,Cool,Matte,62.73,31.4,31.55,45.13,93.64,64.55
C028,S498,Light,Warm,18-24,7,IMG_498.png,Pink,Neutral,Matte,62.17,31.28,11.43,20.08,85.25,62.51
C028,S212,Light,Warm,18-24,5,IMG_212.png,Plum,Cool,Matte,36.22,24.36,-15.0,328.38,59.84,36.7
C028,S102,Light,Warm,18-24,6,IMG_102.png,Orange,Neutral,Satin,67.72,35.5,37.34,46.45,90.45,67.09
C028,S335,Light,Warm,18-24,5,IMG_335.png,Orange,Neutral,Glossy,65.14,24.44,42.18,59.91,99.55,65.56
C028,S476,Light,Warm,18-24,6,IMG_476.png,Mauve,Warm,Matte,60.59,26.41,8.59,18.01,68.95,60.25
C028,S337,Light,Warm,18-24,6,IMG_337.png,Pink,Neutral,Satin,60.41,30.57,8.81,16.07,80.2,58.23
C028,S441,Light,Warm,18-24,7,IMG_441.png,Coral,Neutral,Satin,50.89,43.17,19.48,24.29,96.73,50.39
C028,S174,Light,Warm,18-24,6,IMG_174.png,Coral,Cool,Matte,60.02,33.42,19.58,30.36,79.89,60.94
C028,S003,Light,Warm,18-24,7,IMG_003.png,Nude,Cool,Glossy,61.7,15.08,5.74,20.85,56.97,60.84
C028,S334,Light,Warm,18-24,8,IMG_334.png,Pink,Warm,Glossy,53.81,29.68,12.52,22.87,80.21,54.8
C028,S410,Light,Warm,18-24,6,IMG_410.png,Pink,Cool,Glossy,72.37,34.7,6.55,10.69,81.42,73.34
C028,S071,Light,Warm,18-24,7,IMG_071.png,Mauve,Warm,Matte,46.67,24.65,9.83,21.74,65.36,48.47
C028,S210,Light,Warm,18-24,5,IMG_210.png,Mauve,Neutral,Satin,48.16,28.2,0.31,0.63,72.26,47.88
C028,S064,Light,Warm,18-24,7,IMG_064.png,Nude,Neutral,Matte,57.68,8.49,1.18,7.9,46.71,62.52
C028,S385,Light,Warm,18-24,8,IMG_385.png,Berry,Warm,Satin,54.08,40.96,-4.88,353.21,89.28,56.18
C028,S094,Light,Warm,18-24,4,IMG_094.png,Nude,Cool,Matte,52.28,4.76,16.16,73.58,53.43,48.56
C028,S486,Light,Warm,18-24,6,IMG_486.png,Coral,Cool,Satin,56.54,36.42,21.42,30.47,88.45,57.18
C028,S186,Light,Warm,18-24,6,IMG_186.png,Plum,Neutral,Satin,36.97,30.89,-11.08,340.27,75.99,35.73
C028,S034,Light,Warm,18-24,6,IMG_034.png,Mauve,Cool,Matte,54.83,30.06,0.19,0.36,73.34,54.83
C028,S078,Light,Warm,18-24,7,IMG_078.png,Plum,Warm,Satin,39.28,31.21,-5.96,349.19,72.75,39.35
C028,S001,Light,Warm,18-24,6,IMG_001.png,Nude,Neutral,Glossy,67.64,6.24,9.49,56.65,53.13,67.01
C028,S012,Light,Warm,18-24,8,IMG_012.png,Pink,Neutral,Matte,57.46,29.6,-0.44,359.15,65.33,54.81
C028,S416,Light,Warm,18-24,7,IMG_416.png,Berry,Cool,Glossy,44.52,42.13,-10.82,345.6,74.33,43.28
C028,S023,Light,Warm,18-24,7,IMG_023.png,Pink,Warm,Glossy,59.29,31.43,20.39,32.97,79.16,61.5
C029,S362,Light,Neutral,25-34,4,IMG_362.png,Coral,Warm,Glossy,44.59,39.79,42.75,47.06,100.0,42.55
C029,S074,Light,Neutral,25-34,7,IMG_074.png,Brown,Warm,Satin,33.57,18.57,30.19,58.4,74.8,34.04
C029,S375,Light,Neutral,25-34,5,IMG_375.png,Mauve,Warm,Matte,48.6,21.85,14.88,34.26,58.85,46.15
C029,S156,Light,Neutral,25-34,5,IMG_156.png,Berry,Cool,Matte,49.66,32.99,2.37,4.12,81.61,49.8
C029,S105,Light,Neutral,25-34,7,IMG_105.png,Orange,Neutral,Satin,43.96,31.98,45.0,54.6,95.09,43.2
C029,S395,Light,Neutral,25-34,8,IMG_395.png,Pink,Neutral,Matte,63.76,31.9,3.06,5.49,67.76,62.34
C029,S378,Light,Neutral,25-34,6,IMG_378.png,Plum,Cool,Satin,34.57,36.3,-11.39,342.58,79.39,34.97
C029,S125,Light,Neutral,25-34,6,IMG_125.png,Brown,Warm,Satin,37.1,19.35,27.23,54.6,83.32,36.88
C029,S069,Light,Neutral,25-34,6,IMG_069.png,Mauve,Warm,Satin,50.92,23.73,4.49,10.72,61.53,52.34
C029,S451,Light,Neutral,25-34,6,IMG_451.png,Berry,Warm,Satin,46.36,43.95,-0.07,359.91,87.49,43.78
C029,S010,Light,Neutral,25-34,7,IMG_010.png,Orange,Cool,Matte,64.14,27.86,33.47,50.22,86.36,65.06
C029,S195,Light,Neutral,25-34,6,IMG_195.png,Plum,Warm,Matte,30.1,24.27,-9.32,338.99,62.78,30.42
C029,S407,Light,Neutral,25-34,6,IMG_407.png,Coral,Cool,Matte,45.34,34.17,21.6,32.3,88.31,44.23
C029,S085,Light,Neutral,25-34,7,IMG_085.png,Orange,Warm,Satin,44.61,33.92,42.86,51.64,93.54,46.28
C029,S372,Light,Neutral,25-34,8,IMG_372.png,Berry,Neutral,Satin,51.76,37.7,9.95,14.78,80.47,50.23
C029,S389,Light,Neutral,25-34,6,IMG_389.png,Berry,Neutral,Glossy,37.98,38.26,-5.12,352.38,79.83,35.73
C029,S496,Light,Neutral,25-34,8,IMG_496.png,Orange,Neutral,Satin,63.61,26.61,43.06,58.29,94.45,62.31
C029,S031,Light,Neutral,25-34,7,IMG_031.png,Plum,Neutral,Satin,29.74,29.53,-15.0,333.07,69.1,34.0
C029,S317,Light,Neutral,25-34,8,IMG_317.png,Nude,Warm,Glossy,49.49,17.95,18.57,45.98,72.61,52.36
C029,S409,Light,Neutral,25-34,7,IMG_409.png,Red,Neutral,Glossy,41.5,45.1,20.21,24.14,94.06,40.62
C029,S491,Light,Neutral,25-34,6,IMG_491.png,Coral,Cool,Matte,63.93,27.99,18.86,33.97,73.98,62.27
C029,S492,Light,Neutral,25-34,6,IMG_492.png,Mauve,Warm,Glossy,55.1,22.72,7.8,18.95,61.46,53.01
C029,S281,Light,Neutral,25-34,7,IMG_281.png,Orange,Warm,Matte,60.83,29.03,43.83,56.48,100.0,60.4
C029,S357,Light,Neutral,25-34,7,IMG_357.png,Brown,Cool,Matte,26.54,8.39,10.47,51.3,56.74,27.15
C029,S077,Light,Neutral,25-34,6,IMG_077.png,Mauve,Warm,Matte,41.89,27.69,3.2,6.6,63.54,42.78
C029,S462,Light,Neutral,25-34,6,IMG_462.png,Orange,Cool,Matte,62.73,31.4,31.55,45.13,93.64,64.55
C029,S498,Light,Neutral,25-34,7,IMG_498.png,Pink,Neutral,Matte,62.17,31.28,11.43,20.08,85.25,62.51
C029,S212,Light,Neutral,25-34,5,IMG_212.png,Plum,Cool,Matte,36.22,24.36,-15.0,328.38,59.84,36.7
C029,S102,Light,Neutral,25-34,6,IMG_102.png,Orange,Neutral,Satin,67.72,35.5,37.34,46.45,90.45,67.09
C029,S335,Light,Neutral,25-34,7,IMG_335.png,Orange,Neutral,Glossy,65.14,24.44,42.18,59.91,99.55,65.56
C029,S476,Light,Neutral,25-34,8,IMG_476.png,Mauve,Warm,Matte,60.59,26.41,8.59,18.01,68.95,60.25
C029,S337,Light,Neutral,25-34,7,IMG_337.png,Pink,Neutral,Satin,60.41,30.57,8.81,16.07,80.2,58.23
C029,S441,Light,Neutral,25-34,7,IMG_441.png,Coral,Neutral,Satin,50.89,43.17,19.48,24.29,96.73,50.39
C029,S174,Light,Neutral,25-34,6,IMG_174.png,Coral,Cool,Matte,60.02,33.42,19.58,30.36,79.89,60.94
C029,S003,Light,Neutral,25-34,7,IMG_003.png,Nude,Cool,Glossy,61.7,15.08,5.74,20.85,56.97,60.84
C029,S334,Light,Neutral,25-34,7,IMG_334.png,Pink,Warm,Glossy,53.81,29.68,12.52,22.87,80.21,54.8
C029,S410,Light,Neutral,25-34,7,IMG_410.png,Pink,Cool,Glossy,72.37,34.7,6.55,10.69,81.42,73.34
C029,S071,Light,Neutral,25-34,6,IMG_071.png,Mauve,Warm,Matte,46.67,24.65,9.83,21.74,65.36,48.47
C029,S210,Light,Neutral,25-34,7,IMG_210.png,Mauve,Neutral,Satin,48.16,28.2,0.31,0.63,72.26,47.88
C029,S064,Light,Neutral,25-34,7,IMG_064.png,Nude,Neutral,Matte,57.68,8.49,1.18,7.9,46.71,62.52
C029,S385,Light,Neutral,25-34,7,IMG_385.png,Berry,Warm,Satin,54.08,40.96,-4.88,353.21,89.28,56.18
C029,S094,Light,Neutral,25-34,6,IMG_094.png,Nude,Cool,Matte,52.28,4.76,16.16,73.58,53.43,48.56
C029,S486,Light,Neutral,25-34,7,IMG_486.png,Coral,Cool,Satin,56.54,36.42,21.42,30.47,88.45,57.18
C029,S186,Light,Neutral,25-34,6,IMG_186.png,Plum,Neutral,Satin,36.97,30.89,-11.08,340.27,75.99,35.73
C029,S034,Light,Neutral,25-34,7,IMG_034.png,Mauve,Cool,Matte,54.83,30.06,0.19,0.36,73.34,54.83
C029,S078,Light,Neutral,25-34,5,IMG_078.png,Plum,Warm,Satin,39.28,31.21,-5.96,349.19,72.75,39.35
C029,S001,Light,Neutral,25-34,6,IMG_001.png,Nude,Neutral,Glossy,67.64,6.24,9.49,56.65,53.13,67.01
C029,S012,Light,Neutral,25-34,9,IMG_012.png,Pink,Neutral,Matte,57.46,29.6,-0.44,359.15,65.33,54.81
C029,S416,Light,Neutral,25-34,8,IMG_416.png,Berry,Cool,Glossy,44.52,42.13,-10.82,345.6,74.33,43.28
C029,S023,Light,Neutral,25-34,5,IMG_023.png,Pink,Warm,Glossy,59.29,31.43,20.39,32.97,79.16,61.5
C030,S362,Medium,Warm,18-24,6,IMG_362.png,Coral,Warm,Glossy,44.59,39.79,42.75,47.06,100.0,42.55
C030,S074,Medium,Warm,18-24,5,IMG_074.png,Brown,Warm,Satin,33.57,18.57,30.19,58.4,74.8,34.04
C030,S375,Medium,Warm,18-24,7,IMG_375.png,Mauve,Warm,Matte,48.6,21.85,14.88,34.26,58.85,46.15
C030,S156,Medium,Warm,18-24,7,IMG_156.png,Berry,Cool,Matte,49.66,32.99,2.37,4.12,81.61,49.8
C030,S105,Medium,Warm,18-24,6,IMG_105.png,Orange,Neutral,Satin,43.96,31.98,45.0,54.6,95.09,43.2
C030,S395,Medium,Warm,18-24,5,IMG_395.png,Pink,Neutral,Matte,63.76,31.9,3.06,5.49,67.76,62.34
C030,S378,Medium,Warm,18-24,5,IMG_378.png,Plum,Cool,Satin,34.57,36.3,-11.39,342.58,79.39,34.97
C030,S125,Medium,Warm,18-24,5,IMG_125.png,Brown,Warm,Satin,37.1,19.35,27.23,54.6,83.32,36.88
C030,S069,Medium,Warm,18-24,7,IMG_069.png,Mauve,Warm,Satin,50.92,23.73,4.49,10.72,61.53,52.34
C030,S451,Medium,Warm,18-24,7,IMG_451.png,Berry,Warm,Satin,46.36,43.95,-0.07,359.91,87.49,43.78
C030,S010,Medium,Warm,18-24,4,IMG_010.png,Orange,Cool,Matte,64.14,27.86,33.47,50.22,86.36,65.06
C030,S195,Medium,Warm,18-24,4,IMG_195.png,Plum,Warm,Matte,30.1,24.27,-9.32,338.99,62.78,30.42
C030,S407,Medium,Warm,18-24,5,IMG_407.png,Coral,Cool,Matte,45.34,34.17,21.6,32.3,88.31,44.23
C030,S085,Medium,Warm,18-24,7,IMG_085.png,Orange,Warm,Satin,44.61,33.92,42.86,51.64,93.54,46.28
C030,S372,Medium,Warm,18-24,7,IMG_372.png,Berry,Neutral,Satin,51.76,37.7,9.95,14.78,80.47,50.23
C030,S389,Medium,Warm,18-24,6,IMG_389.png,Berry,Neutral,Glossy,37.98,38.26,-5.12,352.38,79.83,35.73
C030,S496,Medium,Warm,18-24,4,IMG_496.png,Orange,Neutral,Satin,63.61,26.61,43.06,58.29,94.45,62.31
C030,S031,Medium,Warm,18-24,3,IMG_031.png,Plum,Neutral,Satin,29.74,29.53,-15.0,333.07,69.1,34.0
C030,S317,Medium,Warm,18-24,9,IMG_317.png,Nude,Warm,Glossy,49.49,17.95,18.57,45.98,72.61,52.36
C030,S409,Medium,Warm,18-24,3,IMG_409.png,Red,Neutral,Glossy,41.5,45.1,20.21,24.14,94.06,40.62
C030,S491,Medium,Warm,18-24,6,IMG_491.png,Coral,Cool,Matte,63.93,27.99,18.86,33.97,73.98,62.27
C030,S492,Medium,Warm,18-24,5,IMG_492.png,Mauve,Warm,Glossy,55.1,22.72,7.8,18.95,61.46,53.01
C030,S281,Medium,Warm,18-24,7,IMG_281.png,Orange,Warm,Matte,60.83,29.03,43.83,56.48,100.0,60.4
C030,S357,Medium,Warm,18-24,3,IMG_357.png,Brown,Cool,Matte,26.54,8.39,10.47,51.3,56.74,27.15
C030,S077,Medium,Warm,18-24,7,IMG_077.png,Mauve,Warm,Matte,41.89,27.69,3.2,6.6,63.54,42.78
C030,S462,Medium,Warm,18-24,8,IMG_462.png,Orange,Cool,Matte,62.73,31.4,31.55,45.13,93.64,64.55
C030,S498,Medium,Warm,18-24,4,IMG_498.png,Pink,Neutral,Matte,62.17,31.28,11.43,20.08,85.25,62.51
C030,S212,Medium,Warm,18-24,5,IMG_212.png,Plum,Cool,Matte,36.22,24.36,-15.0,328.38,59.84,36.7
C030,S102,Medium,Warm,18-24,4,IMG_102.png,Orange,Neutral,Satin,67.72,35.5,37.34,46.45,90.45,67.09
C030,S335,Medium,Warm,18-24,6,IMG_335.png,Orange,Neutral,Glossy,65.14,24.44,42.18,59.91,99.55,65.56
C030,S476,Medium,Warm,18-24,6,IMG_476.png,Mauve,Warm,Matte,60.59,26.41,8.59,18.01,68.95,60.25
C030,S337,Medium,Warm,18-24,6,IMG_337.png,Pink,Neutral,Satin,60.41,30.57,8.81,16.07,80.2,58.23
C030,S441,Medium,Warm,18-24,6,IMG_441.png,Coral,Neutral,Satin,50.89,43.17,19.48,24.29,96.73,50.39
C030,S174,Medium,Warm,18-24,6,IMG_174.png,Coral,Cool,Matte,60.02,33.42,19.58,30.36,79.89,60.94
C030,S003,Medium,Warm,18-24,5,IMG_003.png,Nude,Cool,Glossy,61.7,15.08,5.74,20.85,56.97,60.84
C030,S334,Medium,Warm,18-24,8,IMG_334.png,Pink,Warm,Glossy,53.81,29.68,12.52,22.87,80.21,54.8
C030,S410,Medium,Warm,18-24,4,IMG_410.png,Pink,Cool,Glossy,72.37,34.7,6.55,10.69,81.42,73.34
C030,S071,Medium,Warm,18-24,6,IMG_071.png,Mauve,Warm,Matte,46.67,24.65,9.83,21.74,65.36,48.47
C030,S210,Medium,Warm,18-24,7,IMG_210.png,Mauve,Neutral,Satin,48.16,28.2,0.31,0.63,72.26,47.88
C030,S064,Medium,Warm,18-24,7,IMG_064.png,Nude,Neutral,Matte,57.68,8.49,1.18,7.9,46.71,62.52
C030,S385,Medium,Warm,18-24,9,IMG_385.png,Berry,Warm,Satin,54.08,40.96,-4.88,353.21,89.28,56.18
C030,S094,Medium,Warm,18-24,8,IMG_094.png,Nude,Cool,Matte,52.28,4.76,16.16,73.58,53.43,48.56
C030,S486,Medium,Warm,18-24,5,IMG_486.png,Coral,Cool,Satin,56.54,36.42,21.42,30.47,88.45,57.18
C030,S186,Medium,Warm,18-24,5,IMG_186.png,Plum,Neutral,Satin,36.97,30.89,-11.08,340.27,75.99,35.73
C030,S034,Medium,Warm,18-24,6,IMG_034.png,Mauve,Cool,Matte,54.83,30.06,0.19,0.36,73.34,54.83
C030,S078,Medium,Warm,18-24,7,IMG_078.png,Plum,Warm,Satin,39.28,31.21,-5.96,349.19,72.75,39.35
C030,S001,Medium,Warm,18-24,7,IMG_001.png,Nude,Neutral,Glossy,67.64,6.24,9.49,56.65,53.13,67.01
C030,S012,Medium,Warm,18-24,6,IMG_012.png,Pink,Neutral,Matte,57.46,29.6,-0.44,359.15,65.33,54.81
C030,S416,Medium,Warm,18-24,5,IMG_416.png,Berry,Cool,Glossy,44.52,42.13,-10.82,345.6,74.33,43.28
C030,S023,Medium,Warm,18-24,7,IMG_023.png,Pink,Warm,Glossy,59.29,31.43,20.39,32.97,79.16,61.5
C031,S362,Tan,Cool,25-34,7,IMG_362.png,Coral,Warm,Glossy,44.59,39.79,42.75,47.06,100.0,42.55
C031,S074,Tan,Cool,25-34,5,IMG_074.png,Brown,Warm,Satin,33.57,18.57,30.19,58.4,74.8,34.04
C031,S375,Tan,Cool,25-34,6,IMG_375.png,Mauve,Warm,Matte,48.6,21.85,14.88,34.26,58.85,46.15
C031,S156,Tan,Cool,25-34,7,IMG_156.png,Berry,Cool,Matte,49.66,32.99,2.37,4.12,81.61,49.8
C031,S105,Tan,Cool,25-34,6,IMG_105.png,Orange,Neutral,Satin,43.96,31.98,45.0,54.6,95.09,43.2
C031,S395,Tan,Cool,25-34,4,IMG_395.png,Pink,Neutral,Matte,63.76,31.9,3.06,5.49,67.76,62.34
C031,S378,Tan,Cool,25-34,7,IMG_378.png,Plum,Cool,Satin,34.57,36.3,-11.39,342.58,79.39,34.97
C031,S125,Tan,Cool,25-34,7,IMG_125.png,Brown,Warm,Satin,37.1,19.35,27.23,54.6,83.32,36.88
C031,S069,Tan,Cool,25-34,6,IMG_069.png,Mauve,Warm,Satin,50.92,23.73,4.49,10.72,61.53,52.34
C031,S451,Tan,Cool,25-34,7,IMG_451.png,Berry,Warm,Satin,46.36,43.95,-0.07,359.91,87.49,43.78
C031,S010,Tan,Cool,25-34,4,IMG_010.png,Orange,Cool,Matte,64.14,27.86,33.47,50.22,86.36,65.06
C031,S195,Tan,Cool,25-34,7,IMG_195.png,Plum,Warm,Matte,30.1,24.27,-9.32,338.99,62.78,30.42
C031,S407,Tan,Cool,25-34,7,IMG_407.png,Coral,Cool,Matte,45.34,34.17,21.6,32.3,88.31,44.23
C031,S085,Tan,Cool,25-34,6,IMG_085.png,Orange,Warm,Satin,44.61,33.92,42.86,51.64,93.54,46.28
C031,S372,Tan,Cool,25-34,6,IMG_372.png,Berry,Neutral,Satin,51.76,37.7,9.95,14.78,80.47,50.23
C031,S389,Tan,Cool,25-34,5,IMG_389.png,Berry,Neutral,Glossy,37.98,38.26,-5.12,352.38,79.83,35.73
C031,S496,Tan,Cool,25-34,3,IMG_496.png,Orange,Neutral,Satin,63.61,26.61,43.06,58.29,94.45,62.31
C031,S031,Tan,Cool,25-34,7,IMG_031.png,Plum,Neutral,Satin,29.74,29.53,-15.0,333.07,69.1,34.0
C031,S317,Tan,Cool,25-34,6,IMG_317.png,Nude,Warm,Glossy,49.49,17.95,18.57,45.98,72.61,52.36
C031,S409,Tan,Cool,25-34,6,IMG_409.png,Red,Neutral,Glossy,41.5,45.1,20.21,24.14,94.06,40.62
C031,S491,Tan,Cool,25-34,5,IMG_491.png,Coral,Cool,Matte,63.93,27.99,18.86,33.97,73.98,62.27
C031,S492,Tan,Cool,25-34,4,IMG_492.png,Mauve,Warm,Glossy,55.1,22.72,7.8,18.95,61.46,53.01
C031,S281,Tan,Cool,25-34,5,IMG_281.png,Orange,Warm,Matte,60.83,29.03,43.83,56.48,100.0,60.4
C031,S357,Tan,Cool,25-34,7,IMG_357.png,Brown,Cool,Matte,26.54,8.39,10.47,51.3,56.74,27.15
C031,S077,Tan,Cool,25-34,6,IMG_077.png,Mauve,Warm,Matte,41.89,27.69,3.2,6.6,63.54,42.78
C031,S462,Tan,Cool,25-34,5,IMG_462.png,Orange,Cool,Matte,62.73,31.4,31.55,45.13,93.64,64.55
C031,S498,Tan,Cool,25-34,5,IMG_498.png,Pink,Neutral,Matte,62.17,31.28,11.43,20.08,85.25,62.51
C031,S212,Tan,Cool,25-34,8,IMG_212.png,Plum,Cool,Matte,36.22,24.36,-15.0,328.38,59.84,36.7
C031,S102,Tan,Cool,25-34,5,IMG_102.png,Orange,Neutral,Satin,67.72,35.5,37.34,46.45,90.45,67.09
C031,S335,Tan,Cool,25-34,5,IMG_335.png,Orange,Neutral,Glossy,65.14,24.44,42.18,59.91,99.55,65.56
C031,S476,Tan,Cool,25-34,3,IMG_476.png,Mauve,Warm,Matte,60.59,26.41,8.59,18.01,68.95,60.25
C031,S337,Tan,Cool,25-34,6,IMG_337.png,Pink,Neutral,Satin,60.41,30.57,8.81,16.07,80.2,58.23
C031,S441,Tan,Cool,25-34,5,IMG_441.png,Coral,Neutral,Satin,50.89,43.17,19.48,24.29,96.73,50.39
C031,S174,Tan,Cool,25-34,5,IMG_174.png,Coral,Cool,Matte,60.02,33.42,19.58,30.36,79.89,60.94
C031,S003,Tan,Cool,25-34,6,IMG_003.png,Nude,Cool,Glossy,61.7,15.08,5.74,20.85,56.97,60.84
C031,S334,Tan,Cool,25-34,6,IMG_334.png,Pink,Warm,Glossy,53.81,29.68,12.52,22.87,80.21,54.8
C031,S410,Tan,Cool,25-34,4,IMG_410.png,Pink,Cool,Glossy,72.37,34.7,6.55,10.69,81.42,73.34
C031,S071,Tan,Cool,25-34,7,IMG_071.png,Mauve,Warm,Matte,46.67,24.65,9.83,21.74,65.36,48.47
C031,S210,Tan,Cool,25-34,7,IMG_210.png,Mauve,Neutral,Satin,48.16,28.2,0.31,0.63,72.26,47.88
C031,S064,Tan,Cool,25-34,6,IMG_064.png,Nude,Neutral,Matte,57.68,8.49,1.18,7.9,46.71,62.52
C031,S385,Tan,Cool,25-34,5,IMG_385.png,Berry,Warm,Satin,54.08,40.96,-4.88,353.21,89.28,56.18
C031,S094,Tan,Cool,25-34,6,IMG_094.png,Nude,Cool,Matte,52.28,4.76,16.16,73.58,53.43,48.56
C031,S486,Tan,Cool,25-34,7,IMG_486.png,Coral,Cool,Satin,56.54,36.42,21.42,30.47,88.45,57.18
C031,S186,Tan,Cool,25-34,6,IMG_186.png,Plum,Neutral,Satin,36.97,30.89,-11.08,340.27,75.99,35.73
C031,S034,Tan,Cool,25-34,8,IMG_034.png,Mauve,Cool,Matte,54.83,30.06,0.19,0.36,73.34,54.83
C031,S078,Tan,Cool,25-34,7,IMG_078.png,Plum,Warm,Satin,39.28,31.21,-5.96,349.19,72.75,39.35
C031,S001,Tan,Cool,25-34,5,IMG_001.png,Nude,Neutral,Glossy,67.64,6.24,9.49,56.65,53.13,67.01
C031,S012,Tan,Cool,25-34,4,IMG_012.png,Pink,Neutral,Matte,57.46,29.6,-0.44,359.15,65.33,54.81
C031,S416,Tan,Cool,25-34,7,IMG_416.png,Berry,Cool,Glossy,44.52,42.13,-10.82,345.6,74.33,43.28
C031,S023,Tan,Cool,25-34,6,IMG_023.png,Pink,Warm,Glossy,59.29,31.43,20.39,32.97,79.16,61.5
C032,S362,Medium,Warm,25-34,6,IMG_362.png,Coral,Warm,Glossy,44.59,39.79,42.75,47.06,100.0,42.55
C032,S074,Medium,Warm,25-34,8,IMG_074.png,Brown,Warm,Satin,33.57,18.57,30.19,58.4,74.8,34.04
C032,S375,Medium,Warm,25-34,7,IMG_375.png,Mauve,Warm,Matte,48.6,21.85,14.88,34.26,58.85,46.15
C032,S156,Medium,Warm,25-34,5,IMG_156.png,Berry,Cool,Matte,49.66,32.99,2.37,4.12,81.61,49.8
C032,S105,Medium,Warm,25-34,7,IMG_105.png,Orange,Neutral,Satin,43.96,31.98,45.0,54.6,95.09,43.2
C032,S395,Medium,Warm,25-34,4,IMG_395.png,Pink,Neutral,Matte,63.76,31.9,3.06,5.49,67.76,62.34
C032,S378,Medium,Warm,25-34,5,IMG_378.png,Plum,Cool,Satin,34.57,36.3,-11.39,342.58,79.39,34.97
C032,S125,Medium,Warm,25-34,9,IMG_125.png,Brown,Warm,Satin,37.1,19.35,27.23,54.6,83.32,36.88
C032,S069,Medium,Warm,25-34,8,IMG_069.png,Mauve,Warm,Satin,50.92,23.73,4.49,10.72,61.53,52.34
C032,S451,Medium,Warm,25-34,7,IMG_451.png,Berry,Warm,Satin,46.36,43.95,-0.07,359.91,87.49,43.78
C032,S010,Medium,Warm,25-34,5,IMG_010.png,Orange,Cool,Matte,64.14,27.86,33.47,50.22,86.36,65.06
C032,S195,Medium,Warm,25-34,5,IMG_195.png,Plum,Warm,Matte,30.1,24.27,-9.32,338.99,62.78,30.42
C032,S407,Medium,Warm,25-34,5,IMG_407.png,Coral,Cool,Matte,45.34,34.17,21.6,32.3,88.31,44.23
C032,S085,Medium,Warm,25-34,7,IMG_085.png,Orange,Warm,Satin,44.61,33.92,42.86,51.64,93.54,46.28
C032,S372,Medium,Warm,25-34,6,IMG_372.png,Berry,Neutral,Satin,51.76,37.7,9.95,14.78,80.47,50.23
C032,S389,Medium,Warm,25-34,6,IMG_389.png,Berry,Neutral,Glossy,37.98,38.26,-5.12,352.38,79.83,35.73
C032,S496,Medium,Warm,25-34,7,IMG_496.png,Orange,Neutral,Satin,63.61,26.61,43.06,58.29,94.45,62.31
C032,S031,Medium,Warm,25-34,5,IMG_031.png,Plum,Neutral,Satin,29.74,29.53,-15.0,333.07,69.1,34.0
C032,S317,Medium,Warm,25-34,6,IMG_317.png,Nude,Warm,Glossy,49.49,17.95,18.57,45.98,72.61,52.36
C032,S409,Medium,Warm,25-34,5,IMG_409.png,Red,Neutral,Glossy,41.5,45.1,20.21,24.14,94.06,40.62
C032,S491,Medium,Warm,25-34,6,IMG_491.png,Coral,Cool,Matte,63.93,27.99,18.86,33.97,73.98,62.27
C032,S492,Medium,Warm,25-34,7,IMG_492.png,Mauve,Warm,Glossy,55.1,22.72,7.8,18.95,61.46,53.01
C032,S281,Medium,Warm,25-34,7,IMG_281.png,Orange,Warm,Matte,60.83,29.03,43.83,56.48,100.0,60.4
C032,S357,Medium,Warm,25-34,5,IMG_357.png,Brown,Cool,Matte,26.54,8.39,10.47,51.3,56.74,27.15
C032,S077,Medium,Warm,25-34,7,IMG_077.png,Mauve,Warm,Matte,41.89,27.69,3.2,6.6,63.54,42.78
C032,S462,Medium,Warm,25-34,5,IMG_462.png,Orange,Cool,Matte,62.73,31.4,31.55,45.13,93.64,64.55
C032,S498,Medium,Warm,25-34,5,IMG_498.png,Pink,Neutral,Matte,62.17,31.28,11.43,20.08,85.25,62.51
C032,S212,Medium,Warm,25-34,5,IMG_212.png,Plum,Cool,Matte,36.22,24.36,-15.0,328.38,59.84,36.7
C032,S102,Medium,Warm,25-34,4,IMG_102.png,Orange,Neutral,Satin,67.72,35.5,37.34,46.45,90.45,67.09
C032,S335,Medium,Warm,25-34,7,IMG_335.png,Orange,Neutral,Glossy,65.14,24.44,42.18,59.91,99.55,65.56
C032,S476,Medium,Warm,25-34,7,IMG_476.png,Mauve,Warm,Matte,60.59,26.41,8.59,18.01,68.95,60.25
C032,S337,Medium,Warm,25-34,6,IMG_337.png,Pink,Neutral,Satin,60.41,30.57,8.81,16.07,80.2,58.23
C032,S441,Medium,Warm,25-34,6,IMG_441.png,Coral,Neutral,Satin,50.89,43.17,19.48,24.29,96.73,50.39
C032,S174,Medium,Warm,25-34,5,IMG_174.png,Coral,Cool,Matte,60.02,33.42,19.58,30.36,79.89,60.94
C032,S003,Medium,Warm,25-34,5,IMG_003.png,Nude,Cool,Glossy,61.7,15.08,5.74,20.85,56.97,60.84
C032,S334,Medium,Warm,25-34,8,IMG_334.png,Pink,Warm,Glossy,53.81,29.68,12.52,22.87,80.21,54.8
C032,S410,Medium,Warm,25-34,4,IMG_410.png,Pink,Cool,Glossy,72.37,34.7,6.55,10.69,81.42,73.34
C032,S071,Medium,Warm,25-34,6,IMG_071.png,Mauve,Warm,Matte,46.67,24.65,9.83,21.74,65.36,48.47
C032,S210,Medium,Warm,25-34,6,IMG_210.png,Mauve,Neutral,Satin,48.16,28.2,0.31,0.63,72.26,47.88
C032,S064,Medium,Warm,25-34,6,IMG_064.png,Nude,Neutral,Matte,57.68,8.49,1.18,7.9,46.71,62.52
C032,S385,Medium,Warm,25-34,9,IMG_385.png,Berry,Warm,Satin,54.08,40.96,-4.88,353.21,89.28,56.18
C032,S094,Medium,Warm,25-34,6,IMG_094.png,Nude,Cool,Matte,52.28,4.76,16.16,73.58,53.43,48.56
C032,S486,Medium,Warm,25-34,6,IMG_486.png,Coral,Cool,Satin,56.54,36.42,21.42,30.47,88.45,57.18
C032,S186,Medium,Warm,25-34,6,IMG_186.png,Plum,Neutral,Satin,36.97,30.89,-11.08,340.27,75.99,35.73
C032,S034,Medium,Warm,25-34,5,IMG_034.png,Mauve,Cool,Matte,54.83,30.06,0.19,0.36,73.34,54.83
C032,S078,Medium,Warm,25-34,6,IMG_078.png,Plum,Warm,Satin,39.28,31.21,-5.96,349.19,72.75,39.35
C032,S001,Medium,Warm,25-34,4,IMG_001.png,Nude,Neutral,Glossy,67.64,6.24,9.49,56.65,53.13,67.01
C032,S012,Medium,Warm,25-34,5,IMG_012.png,Pink,Neutral,Matte,57.46,29.6,-0.44,359.15,65.33,54.81
C032,S416,Medium,Warm,25-34,6,IMG_416.png,Berry,Cool,Glossy,44.52,42.13,-10.82,345.6,74.33,43.28
C032,S023,Medium,Warm,25-34,7,IMG_023.png,Pink,Warm,Glossy,59.29,31.43,20.39,32.97,79.16,61.5
C033,S362,Deep,Neutral,25-34,6,IMG_362.png,Coral,Warm,Glossy,44.59,39.79,42.75,47.06,100.0,42.55
C033,S074,Deep,Neutral,25-34,5,IMG_074.png,Brown,Warm,Satin,33.57,18.57,30.19,58.4,74.8,34.04
C033,S375,Deep,Neutral,25-34,7,IMG_375.png,Mauve,Warm,Matte,48.6,21.85,14.88,34.26,58.85,46.15
C033,S156,Deep,Neutral,25-34,5,IMG_156.png,Berry,Cool,Matte,49.66,32.99,2.37,4.12,81.61,49.8
C033,S105,Deep,Neutral,25-34,9,IMG_105.png,Orange,Neutral,Satin,43.96,31.98,45.0,54.6,95.09,43.2
C033,S395,Deep,Neutral,25-34,4,IMG_395.png,Pink,Neutral,Matte,63.76,31.9,3.06,5.49,67.76,62.34
C033,S378,Deep,Neutral,25-34,5,IMG_378.png,Plum,Cool,Satin,34.57,36.3,-11.39,342.58,79.39,34.97
C033,S125,Deep,Neutral,25-34,6,IMG_125.png,Brown,Warm,Satin,37.1,19.35,27.23,54.6,83.32,36.88
C033,S069,Deep,Neutral,25-34,6,IMG_069.png,Mauve,Warm,Satin,50.92,23.73,4.49,10.72,61.53,52.34
C033,S451,Deep,Neutral,25-34,5,IMG_451.png,Berry,Warm,Satin,46.36,43.95,-0.07,359.91,87.49,43.78
C033,S010,Deep,Neutral,25-34,4,IMG_010.png,Orange,Cool,Matte,64.14,27.86,33.47,50.22,86.36,65.06
C033,S195,Deep,Neutral,25-34,4,IMG_195.png,Plum,Warm,Matte,30.1,24.27,-9.32,338.99,62.78,30.42
C033,S407,Deep,Neutral,25-34,7,IMG_407.png,Coral,Cool,Matte,45.34,34.17,21.6,32.3,88.31,44.23
C033,S085,Deep,Neutral,25-34,7,IMG_085.png,Orange,Warm,Satin,44.61,33.92,42.86,51.64,93.54,46.28
C033,S372,Deep,Neutral,25-34,8,IMG_372.png,Berry,Neutral,Satin,51.76,37.7,9.95,14.78,80.47,50.23
C033,S389,Deep,Neutral,25-34,6,IMG_389.png,Berry,Neutral,Glossy,37.98,38.26,-5.12,352.38,79.83,35.73
C033,S496,Deep,Neutral,25-34,6,IMG_496.png,Orange,Neutral,Satin,63.61,26.61,43.06,58.29,94.45,62.31
C033,S031,Deep,Neutral,25-34,5,IMG_031.png,Plum,Neutral,Satin,29.74,29.53,-15.0,333.07,69.1,34.0
C033,S317,Deep,Neutral,25-34,6,IMG_317.png,Nude,Warm,Glossy,49.49,17.95,18.57,45.98,72.61,52.36
C033,S409,Deep,Neutral,25-34,7,IMG_409.png,Red,Neutral,Glossy,41.5,45.1,20.21,24.14,94.06,40.62
C033,S491,Deep,Neutral,25-34,5,IMG_491.png,Coral,Cool,Matte,63.93,27.99,18.86,33.97,73.98,62.27
C033,S492,Deep,Neutral,25-34,6,IMG_492.png,Mauve,Warm,Glossy,55.1,22.72,7.8,18.95,61.46,53.01
C033,S281,Deep,Neutral,25-34,6,IMG_281.png,Orange,Warm,Matte,60.83,29.03,43.83,56.48,100.0,60.4
C033,S357,Deep,Neutral,25-34,6,IMG_357.png,Brown,Cool,Matte,26.54,8.39,10.47,51.3,56.74,27.15
C033,S077,Deep,Neutral,25-34,7,IMG_077.png,Mauve,Warm,Matte,41.89,27.69,3.2,6.6,63.54,42.78
C033,S462,Deep,Neutral,25-34,5,IMG_462.png,Orange,Cool,Matte,62.73,31.4,31.55,45.13,93.64,64.55
C033,S498,Deep,Neutral,25-34,5,IMG_498.png,Pink,Neutral,Matte,62.17,31.28,11.43,20.08,85.25,62.51
C033,S212,Deep,Neutral,25-34,5,IMG_212.png,Plum,Cool,Matte,36.22,24.36,-15.0,328.38,59.84,36.7
C033,S102,Deep,Neutral,25-34,5,IMG_102.png,Orange,Neutral,Satin,67.72,35.5,37.34,46.45,90.45,67.09
C033,S335,Deep,Neutral,25-34,7,IMG_335.png,Orange,Neutral,Glossy,65.14,24.44,42.18,59.91,99.55,65.56
C033,S476,Deep,Neutral,25-34,5,IMG_476.png,Mauve,Warm,Matte,60.59,26.41,8.59,18.01,68.95,60.25
C033,S337,Deep,Neutral,25-34,6,IMG_337.png,Pink,Neutral,Satin,60.41,30.57,8.81,16.07,80.2,58.23
C033,S441,Deep,Neutral,25-34,6,IMG_441.png,Coral,Neutral,Satin,50.89,43.17,19.48,24.29,96.73,50.39
C033,S174,Deep,Neutral,25-34,7,IMG_174.png,Coral,Cool,Matte,60.02,33.42,19.58,30.36,79.89,60.94
C033,S003,Deep,Neutral,25-34,6,IMG_003.png,Nude,Cool,Glossy,61.7,15.08,5.74,20.85,56.97,60.84
C033,S334,Deep,Neutral,25-34,5,IMG_334.png,Pink,Warm,Glossy,53.81,29.68,12.52,22.87,80.21,54.8
C033,S410,Deep,Neutral,25-34,4,IMG_410.png,Pink,Cool,Glossy,72.37,34.7,6.55,10.69,81.42,73.34
C033,S071,Deep,Neutral,25-34,6,IMG_071.png,Mauve,Warm,Matte,46.67,24.65,9.83,21.74,65.36,48.47
C033,S210,Deep,Neutral,25-34,7,IMG_210.png,Mauve,Neutral,Satin,48.16,28.2,0.31,0.63,72.26,47.88
C033,S064,Deep,Neutral,25-34,5,IMG_064.png,Nude,Neutral,Matte,57.68,8.49,1.18,7.9,46.71,62.52
C033,S385,Deep,Neutral,25-34,6,IMG_385.png,Berry,Warm,Satin,54.08,40.96,-4.88,353.21,89.28,56.18
C033,S094,Deep,Neutral,25-34,7,IMG_094.png,Nude,Cool,Matte,52.28,4.76,16.16,73.58,53.43,48.56
C033,S486,Deep,Neutral,25-34,4,IMG_486.png,Coral,Cool,Satin,56.54,36.42,21.42,30.47,88.45,57.18
C033,S186,Deep,Neutral,25-34,6,IMG_186.png,Plum,Neutral,Satin,36.97,30.89,-11.08,340.27,75.99,35.73
C033,S034,Deep,Neutral,25-34,5,IMG_034.png,Mauve,Cool,Matte,54.83,30.06,0.19,0.36,73.34,54.83
C033,S078,Deep,Neutral,25-34,6,IMG_078.png,Plum,Warm,Satin,39.28,31.21,-5.96,349.19,72.75,39.35
C033,S001,Deep,Neutral,25-34,7,IMG_001.png,Nude,Neutral,Glossy,67.64,6.24,9.49,56.65,53.13,67.01
C033,S012,Deep,Neutral,25-34,7,IMG_012.png,Pink,Neutral,Matte,57.46,29.6,-0.44,359.15,65.33,54.81
C033,S416,Deep,Neutral,25-34,7,IMG_416.png,Berry,Cool,Glossy,44.52,42.13,-10.82,345.6,74.33,43.28
C033,S023,Deep,Neutral,25-34,5,IMG_023.png,Pink,Warm,Glossy,59.29,31.43,20.39,32.97,79.16,61.5
C034,S362,Fair,Neutral,35-44,5,IMG_362.png,Coral,Warm,Glossy,44.59,39.79,42.75,47.06,100.0,42.55
C034,S074,Fair,Neutral,35-44,3,IMG_074.png,Brown,Warm,Satin,33.57,18.57,30.19,58.4,74.8,34.04
C034,S375,Fair,Neutral,35-44,6,IMG_375.png,Mauve,Warm,Matte,48.6,21.85,14.88,34.26,58.85,46.15
C034,S156,Fair,Neutral,35-44,7,IMG_156.png,Berry,Cool,Matte,49.66,32.99,2.37,4.12,81.61,49.8
C034,S105,Fair,Neutral,35-44,7,IMG_105.png,Orange,Neutral,Satin,43.96,31.98,45.0,54.6,95.09,43.2
C034,S395,Fair,Neutral,35-44,7,IMG_395.png,Pink,Neutral,Matte,63.76,31.9,3.06,5.49,67.76,62.34
C034,S378,Fair,Neutral,35-44,4,IMG_378.png,Plum,Cool,Satin,34.57,36.3,-11.39,342.58,79.39,34.97
C034,S125,Fair,Neutral,35-44,5,IMG_125.png,Brown,Warm,Satin,37.1,19.35,27.23,54.6,83.32,36.88
C034,S069,Fair,Neutral,35-44,6,IMG_069.png,Mauve,Warm,Satin,50.92,23.73,4.49,10.72,61.53,52.34
C034,S451,Fair,Neutral,35-44,6,IMG_451.png,Berry,Warm,Satin,46.36,43.95,-0.07,359.91,87.49,43.78
C034,S010,Fair,Neutral,35-44,7,IMG_010.png,Orange,Cool,Matte,64.14,27.86,33.47,50.22,86.36,65.06
C034,S195,Fair,Neutral,35-44,4,IMG_195.png,Plum,Warm,Matte,30.1,24.27,-9.32,338.99,62.78,30.42
C034,S407,Fair,Neutral,35-44,4,IMG_407.png,Coral,Cool,Matte,45.34,34.17,21.6,32.3,88.31,44.23
C034,S085,Fair,Neutral,35-44,4,IMG_085.png,Orange,Warm,Satin,44.61,33.92,42.86,51.64,93.54,46.28
C034,S372,Fair,Neutral,35-44,8,IMG_372.png,Berry,Neutral,Satin,51.76,37.7,9.95,14.78,80.47,50.23
C034,S389,Fair,Neutral,35-44,8,IMG_389.png,Berry,Neutral,Glossy,37.98,38.26,-5.12,352.38,79.83,35.73
C034,S496,Fair,Neutral,35-44,8,IMG_496.png,Orange,Neutral,Satin,63.61,26.61,43.06,58.29,94.45,62.31
C034,S031,Fair,Neutral,35-44,6,IMG_031.png,Plum,Neutral,Satin,29.74,29.53,-15.0,333.07,69.1,34.0
C034,S317,Fair,Neutral,35-44,7,IMG_317.png,Nude,Warm,Glossy,49.49,17.95,18.57,45.98,72.61,52.36
C034,S409,Fair,Neutral,35-44,6,IMG_409.png,Red,Neutral,Glossy,41.5,45.1,20.21,24.14,94.06,40.62
C034,S491,Fair,Neutral,35-44,7,IMG_491.png,Coral,Cool,Matte,63.93,27.99,18.86,33.97,73.98,62.27
C034,S492,Fair,Neutral,35-44,6,IMG_492.png,Mauve,Warm,Glossy,55.1,22.72,7.8,18.95,61.46,53.01
C034,S281,Fair,Neutral,35-44,6,IMG_281.png,Orange,Warm,Matte,60.83,29.03,43.83,56.48,100.0,60.4
C034,S357,Fair,Neutral,35-44,4,IMG_357.png,Brown,Cool,Matte,26.54,8.39,10.47,51.3,56.74,27.15
C034,S077,Fair,Neutral,35-44,3,IMG_077.png,Mauve,Warm,Matte,41.89,27.69,3.2,6.6,63.54,42.78
C034,S462,Fair,Neutral,35-44,7,IMG_462.png,Orange,Cool,Matte,62.73,31.4,31.55,45.13,93.64,64.55
C034,S498,Fair,Neutral,35-44,7,IMG_498.png,Pink,Neutral,Matte,62.17,31.28,11.43,20.08,85.25,62.51
C034,S212,Fair,Neutral,35-44,4,IMG_212.png,Plum,Cool,Matte,36.22,24.36,-15.0,328.38,59.84,36.7
C034,S102,Fair,Neutral,35-44,6,IMG_102.png,Orange,Neutral,Satin,67.72,35.5,37.34,46.45,90.45,67.09
C034,S335,Fair,Neutral,35-44,7,IMG_335.png,Orange,Neutral,Glossy,65.14,24.44,42.18,59.91,99.55,65.56
C034,S476,Fair,Neutral,35-44,8,IMG_476.png,Mauve,Warm,Matte,60.59,26.41,8.59,18.01,68.95,60.25
C034,S337,Fair,Neutral,35-44,9,IMG_337.png,Pink,Neutral,Satin,60.41,30.57,8.81,16.07,80.2,58.23
C034,S441,Fair,Neutral,35-44,5,IMG_441.png,Coral,Neutral,Satin,50.89,43.17,19.48,24.29,96.73,50.39
C034,S174,Fair,Neutral,35-44,6,IMG_174.png,Coral,Cool,Matte,60.02,33.42,19.58,30.36,79.89,60.94
C034,S003,Fair,Neutral,35-44,5,IMG_003.png,Nude,Cool,Glossy,61.7,15.08,5.74,20.85,56.97,60.84
C034,S334,Fair,Neutral,35-44,7,IMG_334.png,Pink,Warm,Glossy,53.81,29.68,12.52,22.87,80.21,54.8
C034,S410,Fair,Neutral,35-44,6,IMG_410.png,Pink,Cool,Glossy,72.37,34.7,6.55,10.69,81.42,73.34
C034,S071,Fair,Neutral,35-44,5,IMG_071.png,Mauve,Warm,Matte,46.67,24.65,9.83,21.74,65.36,48.47
C034,S210,Fair,Neutral,35-44,6,IMG_210.png,Mauve,Neutral,Satin,48.16,28.2,0.31,0.63,72.26,47.88
C034,S064,Fair,Neutral,35-44,7,IMG_064.png,Nude,Neutral,Matte,57.68,8.49,1.18,7.9,46.71,62.52
C034,S385,Fair,Neutral,35-44,9,IMG_385.png,Berry,Warm,Satin,54.08,40.96,-4.88,353.21,89.28,56.18
C034,S094,Fair,Neutral,35-44,6,IMG_094.png,Nude,Cool,Matte,52.28,4.76,16.16,73.58,53.43,48.56
C034,S486,Fair,Neutral,35-44,7,IMG_486.png,Coral,Cool,Satin,56.54,36.42,21.42,30.47,88.45,57.18
C034,S186,Fair,Neutral,35-44,3,IMG_186.png,Plum,Neutral,Satin,36.97,30.89,-11.08,340.27,75.99,35.73
C034,S034,Fair,Neutral,35-44,6,IMG_034.png,Mauve,Cool,Matte,54.83,30.06,0.19,0.36,73.34,54.83
C034,S078,Fair,Neutral,35-44,6,IMG_078.png,Plum,Warm,Satin,39.28,31.21,-5.96,349.19,72.75,39.35
C034,S001,Fair,Neutral,35-44,8,IMG_001.png,Nude,Neutral,Glossy,67.64,6.24,9.49,56.65,53.13,67.01
C034,S012,Fair,Neutral,35-44,6,IMG_012.png,Pink,Neutral,Matte,57.46,29.6,-0.44,359.15,65.33,54.81
C034,S416,Fair,Neutral,35-44,6,IMG_416.png,Berry,Cool,Glossy,44.52,42.13,-10.82,345.6,74.33,43.28
C034,S023,Fair,Neutral,35-44,5,IMG_023.png,Pink,Warm,Glossy,59.29,31.43,20.39,32.97,79.16,61.5
C035,S362,Tan,Cool,18-24,7,IMG_362.png,Coral,Warm,Glossy,44.59,39.79,42.75,47.06,100.0,42.55
C035,S074,Tan,Cool,18-24,5,IMG_074.png,Brown,Warm,Satin,33.57,18.57,30.19,58.4,74.8,34.04
C035,S375,Tan,Cool,18-24,5,IMG_375.png,Mauve,Warm,Matte,48.6,21.85,14.88,34.26,58.85,46.15
C035,S156,Tan,Cool,18-24,7,IMG_156.png,Berry,Cool,Matte,49.66,32.99,2.37,4.12,81.61,49.8
C035,S105,Tan,Cool,18-24,4,IMG_105.png,Orange,Neutral,Satin,43.96,31.98,45.0,54.6,95.09,43.2
C035,S395,Tan,Cool,18-24,6,IMG_395.png,Pink,Neutral,Matte,63.76,31.9,3.06,5.49,67.76,62.34
C035,S378,Tan,Cool,18-24,6,IMG_378.png,Plum,Cool,Satin,34.57,36.3,-11.39,342.58,79.39,34.97
C035,S125,Tan,Cool,18-24,6,IMG_125.png,Brown,Warm,Satin,37.1,19.35,27.23,54.6,83.32,36.88
C035,S069,Tan,Cool,18-24,4,IMG_069.png,Mauve,Warm,Satin,50.92,23.73,4.49,10.72,61.53,52.34
C035,S451,Tan,Cool,18-24,6,IMG_451.png,Berry,Warm,Satin,46.36,43.95,-0.07,359.91,87.49,43.78
C035,S010,Tan,Cool,18-24,7,IMG_010.png,Orange,Cool,Matte,64.14,27.86,33.47,50.22,86.36,65.06
C035,S195,Tan,Cool,18-24,4,IMG_195.png,Plum,Warm,Matte,30.1,24.27,-9.32,338.99,62.78,30.42
C035,S407,Tan,Cool,18-24,7,IMG_407.png,Coral,Cool,Matte,45.34,34.17,21.6,32.3,88.31,44.23
C035,S085,Tan,Cool,18-24,6,IMG_085.png,Orange,Warm,Satin,44.61,33.92,42.86,51.64,93.54,46.28
C035,S372,Tan,Cool,18-24,7,IMG_372.png,Berry,Neutral,Satin,51.76,37.7,9.95,14.78,80.47,50.23
C035,S389,Tan,Cool,18-24,6,IMG_389.png,Berry,Neutral,Glossy,37.98,38.26,-5.12,352.38,79.83,35.73
C035,S496,Tan,Cool,18-24,5,IMG_496.png,Orange,Neutral,Satin,63.61,26.61,43.06,58.29,94.45,62.31
C035,S031,Tan,Cool,18-24,6,IMG_031.png,Plum,Neutral,Satin,29.74,29.53,-15.0,333.07,69.1,34.0
C035,S317,Tan,Cool,18-24,5,IMG_317.png,Nude,Warm,Glossy,49.49,17.95,18.57,45.98,72.61,52.36
C035,S409,Tan,Cool,18-24,6,IMG_409.png,Red,Neutral,Glossy,41.5,45.1,20.21,24.14,94.06,40.62
C035,S491,Tan,Cool,18-24,6,IMG_491.png,Coral,Cool,Matte,63.93,27.99,18.86,33.97,73.98,62.27
C035,S492,Tan,Cool,18-24,5,IMG_492.png,Mauve,Warm,Glossy,55.1,22.72,7.8,18.95,61.46,53.01
C035,S281,Tan,Cool,18-24,6,IMG_281.png,Orange,Warm,Matte,60.83,29.03,43.83,56.48,100.0,60.4
C035,S357,Tan,Cool,18-24,6,IMG_357.png,Brown,Cool,Matte,26.54,8.39,10.47,51.3,56.74,27.15
C035,S077,Tan,Cool,18-24,5,IMG_077.png,Mauve,Warm,Matte,41.89,27.69,3.2,6.6,63.54,42.78
C035,S462,Tan,Cool,18-24,6,IMG_462.png,Orange,Cool,Matte,62.73,31.4,31.55,45.13,93.64,64.55
C035,S498,Tan,Cool,18-24,8,IMG_498.png,Pink,Neutral,Matte,62.17,31.28,11.43,20.08,85.25,62.51
C035,S212,Tan,Cool,18-24,6,IMG_212.png,Plum,Cool,Matte,36.22,24.36,-15.0,328.38,59.84,36.7
C035,S102,Tan,Cool,18-24,5,IMG_102.png,Orange,Neutral,Satin,67.72,35.5,37.34,46.45,90.45,67.09
C035,S335,Tan,Cool,18-24,5,IMG_335.png,Orange,Neutral,Glossy,65.14,24.44,42.18,59.91,99.55,65.56
C035,S476,Tan,Cool,18-24,5,IMG_476.png,Mauve,Warm,Matte,60.59,26.41,8.59,18.01,68.95,60.25
C035,S337,Tan,Cool,18-24,6,IMG_337.png,Pink,Neutral,Satin,60.41,30.57,8.81,16.07,80.2,58.23
C035,S441,Tan,Cool,18-24,7,IMG_441.png,Coral,Neutral,Satin,50.89,43.17,19.48,24.29,96.73,50.39
C035,S174,Tan,Cool,18-24,6,IMG_174.png,Coral,Cool,Matte,60.02,33.42,19.58,30.36,79.89,60.94
C035,S003,Tan,Cool,18-24,7,IMG_003.png,Nude,Cool,Glossy,61.7,15.08,5.74,20.85,56.97,60.84
C035,S334,Tan,Cool,18-24,7,IMG_334.png,Pink,Warm,Glossy,53.81,29.68,12.52,22.87,80.21,54.8
C035,S410,Tan,Cool,18-24,6,IMG_410.png,Pink,Cool,Glossy,72.37,34.7,6.55,10.69,81.42,73.34
C035,S071,Tan,Cool,18-24,7,IMG_071.png,Mauve,Warm,Matte,46.67,24.65,9.83,21.74,65.36,48.47
C035,S210,Tan,Cool,18-24,7,IMG_210.png,Mauve,Neutral,Satin,48.16,28.2,0.31,0.63,72.26,47.88
C035,S064,Tan,Cool,18-24,6,IMG_064.png,Nude,Neutral,Matte,57.68,8.49,1.18,7.9,46.71,62.52
C035,S385,Tan,Cool,18-24,6,IMG_385.png,Berry,Warm,Satin,54.08,40.96,-4.88,353.21,89.28,56.18
C035,S094,Tan,Cool,18-24,7,IMG_094.png,Nude,Cool,Matte,52.28,4.76,16.16,73.58,53.43,48.56
C035,S486,Tan,Cool,18-24,7,IMG_486.png,Coral,Cool,Satin,56.54,36.42,21.42,30.47,88.45,57.18
C035,S186,Tan,Cool,18-24,5,IMG_186.png,Plum,Neutral,Satin,36.97,30.89,-11.08,340.27,75.99,35.73
C035,S034,Tan,Cool,18-24,7,IMG_034.png,Mauve,Cool,Matte,54.83,30.06,0.19,0.36,73.34,54.83
C035,S078,Tan,Cool,18-24,5,IMG_078.png,Plum,Warm,Satin,39.28,31.21,-5.96,349.19,72.75,39.35
C035,S001,Tan,Cool,18-24,6,IMG_001.png,Nude,Neutral,Glossy,67.64,6.24,9.49,56.65,53.13,67.01
C035,S012,Tan,Cool,18-24,7,IMG_012.png,Pink,Neutral,Matte,57.46,29.6,-0.44,359.15,65.33,54.81
C035,S416,Tan,Cool,18-24,7,IMG_416.png,Berry,Cool,Glossy,44.52,42.13,-10.82,345.6,74.33,43.28
C035,S023,Tan,Cool,18-24,7,IMG_023.png,Pink,Warm,Glossy,59.29,31.43,20.39,32.97,79.16,61.5
C036,S362,Tan,Cool,35-44,6,IMG_362.png,Coral,Warm,Glossy,44.59,39.79,42.75,47.06,100.0,42.55
C036,S074,Tan,Cool,35-44,5,IMG_074.png,Brown,Warm,Satin,33.57,18.57,30.19,58.4,74.8,34.04
C036,S375,Tan,Cool,35-44,6,IMG_375.png,Mauve,Warm,Matte,48.6,21.85,14.88,34.26,58.85,46.15
C036,S156,Tan,Cool,35-44,8,IMG_156.png,Berry,Cool,Matte,49.66,32.99,2.37,4.12,81.61,49.8
C036,S105,Tan,Cool,35-44,7,IMG_105.png,Orange,Neutral,Satin,43.96,31.98,45.0,54.6,95.09,43.2
C036,S395,Tan,Cool,35-44,5,IMG_395.png,Pink,Neutral,Matte,63.76,31.9,3.06,5.49,67.76,62.34
C036,S378,Tan,Cool,35-44,6,IMG_378.png,Plum,Cool,Satin,34.57,36.3,-11.39,342.58,79.39,34.97
C036,S125,Tan,Cool,35-44,6,IMG_125.png,Brown,Warm,Satin,37.1,19.35,27.23,54.6,83.32,36.88
C036,S069,Tan,Cool,35-44,6,IMG_069.png,Mauve,Warm,Satin,50.92,23.73,4.49,10.72,61.53,52.34
C036,S451,Tan,Cool,35-44,7,IMG_451.png,Berry,Warm,Satin,46.36,43.95,-0.07,359.91,87.49,43.78
C036,S010,Tan,Cool,35-44,7,IMG_010.png,Orange,Cool,Matte,64.14,27.86,33.47,50.22,86.36,65.06
C036,S195,Tan,Cool,35-44,4,IMG_195.png,Plum,Warm,Matte,30.1,24.27,-9.32,338.99,62.78,30.42
C036,S407,Tan,Cool,35-44,7,IMG_407.png,Coral,Cool,Matte,45.34,34.17,21.6,32.3,88.31,44.23
C036,S085,Tan,Cool,35-44,6,IMG_085.png,Orange,Warm,Satin,44.61,33.92,42.86,51.64,93.54,46.28
C036,S372,Tan,Cool,35-44,5,IMG_372.png,Berry,Neutral,Satin,51.76,37.7,9.95,14.78,80.47,50.23
C036,S389,Tan,Cool,35-44,5,IMG_389.png,Berry,Neutral,Glossy,37.98,38.26,-5.12,352.38,79.83,35.73
C036,S496,Tan,Cool,35-44,8,IMG_496.png,Orange,Neutral,Satin,63.61,26.61,43.06,58.29,94.45,62.31
C036,S031,Tan,Cool,35-44,5,IMG_031.png,Plum,Neutral,Satin,29.74,29.53,-15.0,333.07,69.1,34.0
C036,S317,Tan,Cool,35-44,5,IMG_317.png,Nude,Warm,Glossy,49.49,17.95,18.57,45.98,72.61,52.36
C036,S409,Tan,Cool,35-44,7,IMG_409.png,Red,Neutral,Glossy,41.5,45.1,20.21,24.14,94.06,40.62
C036,S491,Tan,Cool,35-44,7,IMG_491.png,Coral,Cool,Matte,63.93,27.99,18.86,33.97,73.98,62.27
C036,S492,Tan,Cool,35-44,6,IMG_492.png,Mauve,Warm,Glossy,55.1,22.72,7.8,18.95,61.46,53.01
C036,S281,Tan,Cool,35-44,6,IMG_281.png,Orange,Warm,Matte,60.83,29.03,43.83,56.48,100.0,60.4
C036,S357,Tan,Cool,35-44,5,IMG_357.png,Brown,Cool,Matte,26.54,8.39,10.47,51.3,56.74,27.15
C036,S077,Tan,Cool,35-44,7,IMG_077.png,Mauve,Warm,Matte,41.89,27.69,3.2,6.6,63.54,42.78
C036,S462,Tan,Cool,35-44,8,IMG_462.png,Orange,Cool,Matte,62.73,31.4,31.55,45.13,93.64,64.55
C036,S498,Tan,Cool,35-44,5,IMG_498.png,Pink,Neutral,Matte,62.17,31.28,11.43,20.08,85.25,62.51
C036,S212,Tan,Cool,35-44,7,IMG_212.png,Plum,Cool,Matte,36.22,24.36,-15.0,328.38,59.84,36.7
C036,S102,Tan,Cool,35-44,7,IMG_102.png,Orange,Neutral,Satin,67.72,35.5,37.34,46.45,90.45,67.09
C036,S335,Tan,Cool,35-44,6,IMG_335.png,Orange,Neutral,Glossy,65.14,24.44,42.18,59.91,99.55,65.56
C036,S476,Tan,Cool,35-44,5,IMG_476.png,Mauve,Warm,Matte,60.59,26.41,8.59,18.01,68.95,60.25
C036,S337,Tan,Cool,35-44,6,IMG_337.png,Pink,Neutral,Satin,60.41,30.57,8.81,16.07,80.2,58.23
C036,S441,Tan,Cool,35-44,5,IMG_441.png,Coral,Neutral,Satin,50.89,43.17,19.48,24.29,96.73,50.39
C036,S174,Tan,Cool,35-44,6,IMG_174.png,Coral,Cool,Matte,60.02,33.42,19.58,30.36,79.89,60.94
C036,S003,Tan,Cool,35-44,5,IMG_003.png,Nude,Cool,Glossy,61.7,15.08,5.74,20.85,56.97,60.84
C036,S334,Tan,Cool,35-44,5,IMG_334.png,Pink,Warm,Glossy,53.81,29.68,12.52,22.87,80.21,54.8
C036,S410,Tan,Cool,35-44,5,IMG_410.png,Pink,Cool,Glossy,72.37,34.7,6.55,10.69,81.42,73.34
C036,S071,Tan,Cool,35-44,6,IMG_071.png,Mauve,Warm,Matte,46.67,24.65,9.83,21.74,65.36,48.47
C036,S210,Tan,Cool,35-44,6,IMG_210.png,Mauve,Neutral,Satin,48.16,28.2,0.31,0.63,72.26,47.88
C036,S064,Tan,Cool,35-44,5,IMG_064.png,Nude,Neutral,Matte,57.68,8.49,1.18,7.9,46.71,62.52
C036,S385,Tan,Cool,35-44,6,IMG_385.png,Berry,Warm,Satin,54.08,40.96,-4.88,353.21,89.28,56.18
C036,S094,Tan,Cool,35-44,6,IMG_094.png,Nude,Cool,Matte,52.28,4.76,16.16,73.58,53.43,48.56
C036,S486,Tan,Cool,35-44,7,IMG_486.png,Coral,Cool,Satin,56.54,36.42,21.42,30.47,88.45,57.18
C036,S186,Tan,Cool,35-44,6,IMG_186.png,Plum,Neutral,Satin,36.97,30.89,-11.08,340.27,75.99,35.73
C036,S034,Tan,Cool,35-44,7,IMG_034.png,Mauve,Cool,Matte,54.83,30.06,0.19,0.36,73.34,54.83
C036,S078,Tan,Cool,35-44,5,IMG_078.png,Plum,Warm,Satin,39.28,31.21,-5.96,349.19,72.75,39.35
C036,S001,Tan,Cool,35-44,5,IMG_001.png,Nude,Neutral,Glossy,67.64,6.24,9.49,56.65,53.13,67.01
C036,S012,Tan,Cool,35-44,4,IMG_012.png,Pink,Neutral,Matte,57.46,29.6,-0.44,359.15,65.33,54.81
C036,S416,Tan,Cool,35-44,8,IMG_416.png,Berry,Cool,Glossy,44.52,42.13,-10.82,345.6,74.33,43.28
C036,S023,Tan,Cool,35-44,8,IMG_023.png,Pink,Warm,Glossy,59.29,31.43,20.39,32.97,79.16,61.5
C037,S362,Deep,Neutral,18-24,6,IMG_362.png,Coral,Warm,Glossy,44.59,39.79,42.75,47.06,100.0,42.55
C037,S074,Deep,Neutral,18-24,6,IMG_074.png,Brown,Warm,Satin,33.57,18.57,30.19,58.4,74.8,34.04
C037,S375,Deep,Neutral,18-24,8,IMG_375.png,Mauve,Warm,Matte,48.6,21.85,14.88,34.26,58.85,46.15
C037,S156,Deep,Neutral,18-24,7,IMG_156.png,Berry,Cool,Matte,49.66,32.99,2.37,4.12,81.61,49.8
C037,S105,Deep,Neutral,18-24,8,IMG_105.png,Orange,Neutral,Satin,43.96,31.98,45.0,54.6,95.09,43.2
C037,S395,Deep,Neutral,18-24,4,IMG_395.png,Pink,Neutral,Matte,63.76,31.9,3.06,5.49,67.76,62.34
C037,S378,Deep,Neutral,18-24,6,IMG_378.png,Plum,Cool,Satin,34.57,36.3,-11.39,342.58,79.39,34.97
C037,S125,Deep,Neutral,18-24,8,IMG_125.png,Brown,Warm,Satin,37.1,19.35,27.23,54.6,83.32,36.88
C037,S069,Deep,Neutral,18-24,8,IMG_069.png,Mauve,Warm,Satin,50.92,23.73,4.49,10.72,61.53,52.34
C037,S451,Deep,Neutral,18-24,5,IMG_451.png,Berry,Warm,Satin,46.36,43.95,-0.07,359.91,87.49,43.78
C037,S010,Deep,Neutral,18-24,5,IMG_010.png,Orange,Cool,Matte,64.14,27.86,33.47,50.22,86.36,65.06
C037,S195,Deep,Neutral,18-24,4,IMG_195.png,Plum,Warm,Matte,30.1,24.27,-9.32,338.99,62.78,30.42
C037,S407,Deep,Neutral,18-24,7,IMG_407.png,Coral,Cool,Matte,45.34,34.17,21.6,32.3,88.31,44.23
C037,S085,Deep,Neutral,18-24,5,IMG_085.png,Orange,Warm,Satin,44.61,33.92,42.86,51.64,93.54,46.28
C037,S372,Deep,Neutral,18-24,7,IMG_372.png,Berry,Neutral,Satin,51.76,37.7,9.95,14.78,80.47,50.23
C037,S389,Deep,Neutral,18-24,6,IMG_389.png,Berry,Neutral,Glossy,37.98,38.26,-5.12,352.38,79.83,35.73
C037,S496,Deep,Neutral,18-24,5,IMG_496.png,Orange,Neutral,Satin,63.61,26.61,43.06,58.29,94.45,62.31
C037,S031,Deep,Neutral,18-24,7,IMG_031.png,Plum,Neutral,Satin,29.74,29.53,-15.0,333.07,69.1,34.0
C037,S317,Deep,Neutral,18-24,6,IMG_317.png,Nude,Warm,Glossy,49.49,17.95,18.57,45.98,72.61,52.36
C037,S409,Deep,Neutral,18-24,7,IMG_409.png,Red,Neutral,Glossy,41.5,45.1,20.21,24.14,94.06,40.62
C037,S491,Deep,Neutral,18-24,4,IMG_491.png,Coral,Cool,Matte,63.93,27.99,18.86,33.97,73.98,62.27
C037,S492,Deep,Neutral,18-24,5,IMG_492.png,Mauve,Warm,Glossy,55.1,22.72,7.8,18.95,61.46,53.01
C037,S281,Deep,Neutral,18-24,4,IMG_281.png,Orange,Warm,Matte,60.83,29.03,43.83,56.48,100.0,60.4
C037,S357,Deep,Neutral,18-24,5,IMG_357.png,Brown,Cool,Matte,26.54,8.39,10.47,51.3,56.74,27.15
C037,S077,Deep,Neutral,18-24,9,IMG_077.png,Mauve,Warm,Matte,41.89,27.69,3.2,6.6,63.54,42.78
C037,S462,Deep,Neutral,18-24,4,IMG_462.png,Orange,Cool,Matte,62.73,31.4,31.55,45.13,93.64,64.55
C037,S498,Deep,Neutral,18-24,7,IMG_498.png,Pink,Neutral,Matte,62.17,31.28,11.43,20.08,85.25,62.51
C037,S212,Deep,Neutral,18-24,5,IMG_212.png,Plum,Cool,Matte,36.22,24.36,-15.0,328.38,59.84,36.7
C037,S102,Deep,Neutral,18-24,5,IMG_102.png,Orange,Neutral,Satin,67.72,35.5,37.34,46.45,90.45,67.09
C037,S335,Deep,Neutral,18-24,5,IMG_335.png,Orange,Neutral,Glossy,65.14,24.44,42.18,59.91,99.55,65.56
C037,S476,Deep,Neutral,18-24,7,IMG_476.png,Mauve,Warm,Matte,60.59,26.41,8.59,18.01,68.95,60.25
C037,S337,Deep,Neutral,18-24,7,IMG_337.png,Pink,Neutral,Satin,60.41,30.57,8.81,16.07,80.2,58.23
C037,S441,Deep,Neutral,18-24,5,IMG_441.png,Coral,Neutral,Satin,50.89,43.17,19.48,24.29,96.73,50.39
C037,S174,Deep,Neutral,18-24,5,IMG_174.png,Coral,Cool,Matte,60.02,33.42,19.58,30.36,79.89,60.94
C037,S003,Deep,Neutral,18-24,6,IMG_003.png,Nude,Cool,Glossy,61.7,15.08,5.74,20.85,56.97,60.84
C037,S334,Deep,Neutral,18-24,4,IMG_334.png,Pink,Warm,Glossy,53.81,29.68,12.52,22.87,80.21,54.8
C037,S410,Deep,Neutral,18-24,5,IMG_410.png,Pink,Cool,Glossy,72.37,34.7,6.55,10.69,81.42,73.34
C037,S071,Deep,Neutral,18-24,8,IMG_071.png,Mauve,Warm,Matte,46.67,24.65,9.83,21.74,65.36,48.47
C037,S210,Deep,Neutral,18-24,8,IMG_210.png,Mauve,Neutral,Satin,48.16,28.2,0.31,0.63,72.26,47.88
C037,S064,Deep,Neutral,18-24,6,IMG_064.png,Nude,Neutral,Matte,57.68,8.49,1.18,7.9,46.71,62.52
C037,S385,Deep,Neutral,18-24,7,IMG_385.png,Berry,Warm,Satin,54.08,40.96,-4.88,353.21,89.28,56.18
C037,S094,Deep,Neutral,18-24,7,IMG_094.png,Nude,Cool,Matte,52.28,4.76,16.16,73.58,53.43,48.56
C037,S486,Deep,Neutral,18-24,5,IMG_486.png,Coral,Cool,Satin,56.54,36.42,21.42,30.47,88.45,57.18
C037,S186,Deep,Neutral,18-24,6,IMG_186.png,Plum,Neutral,Satin,36.97,30.89,-11.08,340.27,75.99,35.73
C037,S034,Deep,Neutral,18-24,6,IMG_034.png,Mauve,Cool,Matte,54.83,30.06,0.19,0.36,73.34,54.83
C037,S078,Deep,Neutral,18-24,7,IMG_078.png,Plum,Warm,Satin,39.28,31.21,-5.96,349.19,72.75,39.35
C037,S001,Deep,Neutral,18-24,4,IMG_001.png,Nude,Neutral,Glossy,67.64,6.24,9.49,56.65,53.13,67.01
C037,S012,Deep,Neutral,18-24,6,IMG_012.png,Pink,Neutral,Matte,57.46,29.6,-0.44,359.15,65.33,54.81
C037,S416,Deep,Neutral,18-24,6,IMG_416.png,Berry,Cool,Glossy,44.52,42.13,-10.82,345.6,74.33,43.28
C037,S023,Deep,Neutral,18-24,5,IMG_023.png,Pink,Warm,Glossy,59.29,31.43,20.39,32.97,79.16,61.5
C038,S362,Medium,Warm,18-24,7,IMG_362.png,Coral,Warm,Glossy,44.59,39.79,42.75,47.06,100.0,42.55
C038,S074,Medium,Warm,18-24,8,IMG_074.png,Brown,Warm,Satin,33.57,18.57,30.19,58.4,74.8,34.04
C038,S375,Medium,Warm,18-24,7,IMG_375.png,Mauve,Warm,Matte,48.6,21.85,14.88,34.26,58.85,46.15
C038,S156,Medium,Warm,18-24,5,IMG_156.png,Berry,Cool,Matte,49.66,32.99,2.37,4.12,81.61,49.8
C038,S105,Medium,Warm,18-24,7,IMG_105.png,Orange,Neutral,Satin,43.96,31.98,45.0,54.6,95.09,43.2
C038,S395,Medium,Warm,18-24,5,IMG_395.png,Pink,Neutral,Matte,63.76,31.9,3.06,5.49,67.76,62.34
C038,S378,Medium,Warm,18-24,6,IMG_378.png,Plum,Cool,Satin,34.57,36.3,-11.39,342.58,79.39,34.97
C038,S125,Medium,Warm,18-24,6,IMG_125.png,Brown,Warm,Satin,37.1,19.35,27.23,54.6,83.32,36.88
C038,S069,Medium,Warm,18-24,7,IMG_069.png,Mauve,Warm,Satin,50.92,23.73,4.49,10.72,61.53,52.34
C038,S451,Medium,Warm,18-24,5,IMG_451.png,Berry,Warm,Satin,46.36,43.95,-0.07,359.91,87.49,43.78
C038,S010,Medium,Warm,18-24,4,IMG_010.png,Orange,Cool,Matte,64.14,27.86,33.47,50.22,86.36,65.06
C038,S195,Medium,Warm,18-24,4,IMG_195.png,Plum,Warm,Matte,30.1,24.27,-9.32,338.99,62.78,30.42
C038,S407,Medium,Warm,18-24,6,IMG_407.png,Coral,Cool,Matte,45.34,34.17,21.6,32.3,88.31,44.23
C038,S085,Medium,Warm,18-24,6,IMG_085.png,Orange,Warm,Satin,44.61,33.92,42.86,51.64,93.54,46.28
C038,S372,Medium,Warm,18-24,7,IMG_372.png,Berry,Neutral,Satin,51.76,37.7,9.95,14.78,80.47,50.23
C038,S389,Medium,Warm,18-24,5,IMG_389.png,Berry,Neutral,Glossy,37.98,38.26,-5.12,352.38,79.83,35.73
C038,S496,Medium,Warm,18-24,5,IMG_496.png,Orange,Neutral,Satin,63.61,26.61,43.06,58.29,94.45,62.31
C038,S031,Medium,Warm,18-24,4,IMG_031.png,Plum,Neutral,Satin,29.74,29.53,-15.0,333.07,69.1,34.0
C038,S317,Medium,Warm,18-24,9,IMG_317.png,Nude,Warm,Glossy,49.49,17.95,18.57,45.98,72.61,52.36
C038,S409,Medium,Warm,18-24,5,IMG_409.png,Red,Neutral,Glossy,41.5,45.1,20.21,24.14,94.06,40.62
C038,S491,Medium,Warm,18-24,4,IMG_491.png,Coral,Cool,Matte,63.93,27.99,18.86,33.97,73.98,62.27
C038,S492,Medium,Warm,18-24,8,IMG_492.png,Mauve,Warm,Glossy,55.1,22.72,7.8,18.95,61.46,53.01
C038,S281,Medium,Warm,18-24,7,IMG_281.png,Orange,Warm,Matte,60.83,29.03,43.83,56.48,100.0,60.4
C038,S357,Medium,Warm,18-24,4,IMG_357.png,Brown,Cool,Matte,26.54,8.39,10.47,51.3,56.74,27.15
C038,S077,Medium,Warm,18-24,7,IMG_077.png,Mauve,Warm,Matte,41.89,27.69,3.2,6.6,63.54,42.78
C038,S462,Medium,Warm,18-24,5,IMG_462.png,Orange,Cool,Matte,62.73,31.4,31.55,45.13,93.64,64.55
C038,S498,Medium,Warm,18-24,6,IMG_498.png,Pink,Neutral,Matte,62.17,31.28,11.43,20.08,85.25,62.51
C038,S212,Medium,Warm,18-24,4,IMG_212.png,Plum,Cool,Matte,36.22,24.36,-15.0,328.38,59.84,36.7
C038,S102,Medium,Warm,18-24,7,IMG_102.png,Orange,Neutral,Satin,67.72,35.5,37.34,46.45,90.45,67.09
C038,S335,Medium,Warm,18-24,5,IMG_335.png,Orange,Neutral,Glossy,65.14,24.44,42.18,59.91,99.55,65.56
C038,S476,Medium,Warm,18-24,8,IMG_476.png,Mauve,Warm,Matte,60.59,26.41,8.59,18.01,68.95,60.25
C038,S337,Medium,Warm,18-24,5,IMG_337.png,Pink,Neutral,Satin,60.41,30.57,8.81,16.07,80.2,58.23
C038,S441,Medium,Warm,18-24,7,IMG_441.png,Coral,Neutral,Satin,50.89,43.17,19.48,24.29,96.73,50.39
C038,S174,Medium,Warm,18-24,6,IMG_174.png,Coral,Cool,Matte,60.02,33.42,19.58,30.36,79.89,60.94
C038,S003,Medium,Warm,18-24,7,IMG_003.png,Nude,Cool,Glossy,61.7,15.08,5.74,20.85,56.97,60.84
C038,S334,Medium,Warm,18-24,6,IMG_334.png,Pink,Warm,Glossy,53.81,29.68,12.52,22.87,80.21,54.8
C038,S410,Medium,Warm,18-24,5,IMG_410.png,Pink,Cool,Glossy,72.37,34.7,6.55,10.69,81.42,73.34
C038,S071,Medium,Warm,18-24,8,IMG_071.png,Mauve,Warm,Matte,46.67,24.65,9.83,21.74,65.36,48.47
C038,S210,Medium,Warm,18-24,6,IMG_210.png,Mauve,Neutral,Satin,48.16,28.2,0.31,0.63,72.26,47.88
C038,S064,Medium,Warm,18-24,7,IMG_064.png,Nude,Neutral,Matte,57.68,8.49,1.18,7.9,46.71,62.52
C038,S385,Medium,Warm,18-24,7,IMG_385.png,Berry,Warm,Satin,54.08,40.96,-4.88,353.21,89.28,56.18
C038,S094,Medium,Warm,18-24,7,IMG_094.png,Nude,Cool,Matte,52.28,4.76,16.16,73.58,53.43,48.56
C038,S486,Medium,Warm,18-24,7,IMG_486.png,Coral,Cool,Satin,56.54,36.42,21.42,30.47,88.45,57.18
C038,S186,Medium,Warm,18-24,4,IMG_186.png,Plum,Neutral,Satin,36.97,30.89,-11.08,340.27,75.99,35.73
C038,S034,Medium,Warm,18-24,5,IMG_034.png,Mauve,Cool,Matte,54.83,30.06,0.19,0.36,73.34,54.83
C038,S078,Medium,Warm,18-24,7,IMG_078.png,Plum,Warm,Satin,39.28,31.21,-5.96,349.19,72.75,39.35
C038,S001,Medium,Warm,18-24,7,IMG_001.png,Nude,Neutral,Glossy,67.64,6.24,9.49,56.65,53.13,67.01
C038,S012,Medium,Warm,18-24,7,IMG_012.png,Pink,Neutral,Matte,57.46,29.6,-0.44,359.15,65.33,54.81
C038,S416,Medium,Warm,18-24,5,IMG_416.png,Berry,Cool,Glossy,44.52,42.13,-10.82,345.6,74.33,43.28
C038,S023,Medium,Warm,18-24,7,IMG_023.png,Pink,Warm,Glossy,59.29,31.43,20.39,32.97,79.16,61.5
C039,S362,Medium,Neutral,25-34,5,IMG_362.png,Coral,Warm,Glossy,44.59,39.79,42.75,47.06,100.0,42.55
C039,S074,Medium,Neutral,25-34,5,IMG_074.png,Brown,Warm,Satin,33.57,18.57,30.19,58.4,74.8,34.04
C039,S375,Medium,Neutral,25-34,5,IMG_375.png,Mauve,Warm,Matte,48.6,21.85,14.88,34.26,58.85,46.15
C039,S156,Medium,Neutral,25-34,8,IMG_156.png,Berry,Cool,Matte,49.66,32.99,2.37,4.12,81.61,49.8
C039,S105,Medium,Neutral,25-34,7,IMG_105.png,Orange,Neutral,Satin,43.96,31.98,45.0,54.6,95.09,43.2
C039,S395,Medium,Neutral,25-34,6,IMG_395.png,Pink,Neutral,Matte,63.76,31.9,3.06,5.49,67.76,62.34
C039,S378,Medium,Neutral,25-34,5,IMG_378.png,Plum,Cool,Satin,34.57,36.3,-11.39,342.58,79.39,34.97
C039,S125,Medium,Neutral,25-34,5,IMG_125.png,Brown,Warm,Satin,37.1,19.35,27.23,54.6,83.32,36.88
C039,S069,Medium,Neutral,25-34,7,IMG_069.png,Mauve,Warm,Satin,50.92,23.73,4.49,10.72,61.53,52.34
C039,S451,Medium,Neutral,25-34,7,IMG_451.png,Berry,Warm,Satin,46.36,43.95,-0.07,359.91,87.49,43.78
C039,S010,Medium,Neutral,25-34,6,IMG_010.png,Orange,Cool,Matte,64.14,27.86,33.47,50.22,86.36,65.06
C039,S195,Medium,Neutral,25-34,6,IMG_195.png,Plum,Warm,Matte,30.1,24.27,-9.32,338.99,62.78,30.42
C039,S407,Medium,Neutral,25-34,7,IMG_407.png,Coral,Cool,Matte,45.34,34.17,21.6,32.3,88.31,44.23
C039,S085,Medium,Neutral,25-34,5,IMG_085.png,Orange,Warm,Satin,44.61,33.92,42.86,51.64,93.54,46.28
C039,S372,Medium,Neutral,25-34,9,IMG_372.png,Berry,Neutral,Satin,51.76,37.7,9.95,14.78,80.47,50.23
C039,S389,Medium,Neutral,25-34,8,IMG_389.png,Berry,Neutral,Glossy,37.98,38.26,-5.12,352.38,79.83,35.73
C039,S496,Medium,Neutral,25-34,6,IMG_496.png,Orange,Neutral,Satin,63.61,26.61,43.06,58.29,94.45,62.31
C039,S031,Medium,Neutral,25-34,5,IMG_031.png,Plum,Neutral,Satin,29.74,29.53,-15.0,333.07,69.1,34.0
C039,S317,Medium,Neutral,25-34,7,IMG_317.png,Nude,Warm,Glossy,49.49,17.95,18.57,45.98,72.61,52.36
C039,S409,Medium,Neutral,25-34,7,IMG_409.png,Red,Neutral,Glossy,41.5,45.1,20.21,24.14,94.06,40.62
C039,S491,Medium,Neutral,25-34,7,IMG_491.png,Coral,Cool,Matte,63.93,27.99,18.86,33.97,73.98,62.27
C039,S492,Medium,Neutral,25-34,6,IMG_492.png,Mauve,Warm,Glossy,55.1,22.72,7.8,18.95,61.46,53.01
C039,S281,Medium,Neutral,25-34,7,IMG_281.png,Orange,Warm,Matte,60.83,29.03,43.83,56.48,100.0,60.4
C039,S357,Medium,Neutral,25-34,4,IMG_357.png,Brown,Cool,Matte,26.54,8.39,10.47,51.3,56.74,27.15
C039,S077,Medium,Neutral,25-34,5,IMG_077.png,Mauve,Warm,Matte,41.89,27.69,3.2,6.6,63.54,42.78
C039,S462,Medium,Neutral,25-34,6,IMG_462.png,Orange,Cool,Matte,62.73,31.4,31.55,45.13,93.64,64.55
C039,S498,Medium,Neutral,25-34,7,IMG_498.png,Pink,Neutral,Matte,62.17,31.28,11.43,20.08,85.25,62.51
C039,S212,Medium,Neutral,25-34,5,IMG_212.png,Plum,Cool,Matte,36.22,24.36,-15.0,328.38,59.84,36.7
C039,S102,Medium,Neutral,25-34,6,IMG_102.png,Orange,Neutral,Satin,67.72,35.5,37.34,46.45,90.45,67.09
C039,S335,Medium,Neutral,25-34,5,IMG_335.png,Orange,Neutral,Glossy,65.14,24.44,42.18,59.91,99.55,65.56
C039,S476,Medium,Neutral,25-34,6,IMG_476.png,Mauve,Warm,Matte,60.59,26.41,8.59,18.01,68.95,60.25
C039,S337,Medium,Neutral,25-34,7,IMG_337.png,Pink,Neutral,Satin,60.41,30.57,8.81,16.07,80.2,58.23
C039,S441,Medium,Neutral,25-34,7,IMG_441.png,Coral,Neutral,Satin,50.89,43.17,19.48,24.29,96.73,50.39
C039,S174,Medium,Neutral,25-34,6,IMG_174.png,Coral,Cool,Matte,60.02,33.42,19.58,30.36,79.89,60.94
C039,S003,Medium,Neutral,25-34,5,IMG_003.png,Nude,Cool,Glossy,61.7,15.08,5.74,20.85,56.97,60.84
C039,S334,Medium,Neutral,25-34,6,IMG_334.png,Pink,Warm,Glossy,53.81,29.68,12.52,22.87,80.21,54.8
C039,S410,Medium,Neutral,25-34,6,IMG_410.png,Pink,Cool,Glossy,72.37,34.7,6.55,10.69,81.42,73.34
C039,S071,Medium,Neutral,25-34,6,IMG_071.png,Mauve,Warm,Matte,46.67,24.65,9.83,21.74,65.36,48.47
C039,S210,Medium,Neutral,25-34,6,IMG_210.png,Mauve,Neutral,Satin,48.16,28.2,0.31,0.63,72.26,47.88
C039,S064,Medium,Neutral,25-34,7,IMG_064.png,Nude,Neutral,Matte,57.68,8.49,1.18,7.9,46.71,62.52
C039,S385,Medium,Neutral,25-34,7,IMG_385.png,Berry,Warm,Satin,54.08,40.96,-4.88,353.21,89.28,56.18
C039,S094,Medium,Neutral,25-34,6,IMG_094.png,Nude,Cool,Matte,52.28,4.76,16.16,73.58,53.43,48.56
C039,S486,Medium,Neutral,25-34,7,IMG_486.png,Coral,Cool,Satin,56.54,36.42,21.42,30.47,88.45,57.18
C039,S186,Medium,Neutral,25-34,6,IMG_186.png,Plum,Neutral,Satin,36.97,30.89,-11.08,340.27,75.99,35.73
C039,S034,Medium,Neutral,25-34,8,IMG_034.png,Mauve,Cool,Matte,54.83,30.06,0.19,0.36,73.34,54.83
C039,S078,Medium,Neutral,25-34,5,IMG_078.png,Plum,Warm,Satin,39.28,31.21,-5.96,349.19,72.75,39.35
C039,S001,Medium,Neutral,25-34,6,IMG_001.png,Nude,Neutral,Glossy,67.64,6.24,9.49,56.65,53.13,67.01
C039,S012,Medium,Neutral,25-34,8,IMG_012.png,Pink,Neutral,Matte,57.46,29.6,-0.44,359.15,65.33,54.81
C039,S416,Medium,Neutral,25-34,5,IMG_416.png,Berry,Cool,Glossy,44.52,42.13,-10.82,345.6,74.33,43.28
C039,S023,Medium,Neutral,25-34,6,IMG_023.png,Pink,Warm,Glossy,59.29,31.43,20.39,32.97,79.16,61.5
C040,S362,Deep,Neutral,18-24,8,IMG_362.png,Coral,Warm,Glossy,44.59,39.79,42.75,47.06,100.0,42.55
C040,S074,Deep,Neutral,18-24,7,IMG_074.png,Brown,Warm,Satin,33.57,18.57,30.19,58.4,74.8,34.04
C040,S375,Deep,Neutral,18-24,7,IMG_375.png,Mauve,Warm,Matte,48.6,21.85,14.88,34.26,58.85,46.15
C040,S156,Deep,Neutral,18-24,5,IMG_156.png,Berry,Cool,Matte,49.66,32.99,2.37,4.12,81.61,49.8
C040,S105,Deep,Neutral,18-24,8,IMG_105.png,Orange,Neutral,Satin,43.96,31.98,45.0,54.6,95.09,43.2
C040,S395,Deep,Neutral,18-24,5,IMG_395.png,Pink,Neutral,Matte,63.76,31.9,3.06,5.49,67.76,62.34
C040,S378,Deep,Neutral,18-24,5,IMG_378.png,Plum,Cool,Satin,34.57,36.3,-11.39,342.58,79.39,34.97
C040,S125,Deep,Neutral,18-24,6,IMG_125.png,Brown,Warm,Satin,37.1,19.35,27.23,54.6,83.32,36.88
C040,S069,Deep,Neutral,18-24,6,IMG_069.png,Mauve,Warm,Satin,50.92,23.73,4.49,10.72,61.53,52.34
C040,S451,Deep,Neutral,18-24,7,IMG_451.png,Berry,Warm,Satin,46.36,43.95,-0.07,359.91,87.49,43.78
C040,S010,Deep,Neutral,18-24,5,IMG_010.png,Orange,Cool,Matte,64.14,27.86,33.47,50.22,86.36,65.06
C040,S195,Deep,Neutral,18-24,6,IMG_195.png,Plum,Warm,Matte,30.1,24.27,-9.32,338.99,62.78,30.42
C040,S407,Deep,Neutral,18-24,8,IMG_407.png,Coral,Cool,Matte,45.34,34.17,21.6,32.3,88.31,44.23
C040,S085,Deep,Neutral,18-24,7,IMG_085.png,Orange,Warm,Satin,44.61,33.92,42.86,51.64,93.54,46.28
C040,S372,Deep,Neutral,18-24,7,IMG_372.png,Berry,Neutral,Satin,51.76,37.7,9.95,14.78,80.47,50.23
C040,S389,Deep,Neutral,18-24,8,IMG_389.png,Berry,Neutral,Glossy,37.98,38.26,-5.12,352.38,79.83,35.73
C040,S496,Deep,Neutral,18-24,6,IMG_496.png,Orange,Neutral,Satin,63.61,26.61,43.06,58.29,94.45,62.31
C040,S031,Deep,Neutral,18-24,7,IMG_031.png,Plum,Neutral,Satin,29.74,29.53,-15.0,333.07,69.1,34.0
C040,S317,Deep,Neutral,18-24,7,IMG_317.png,Nude,Warm,Glossy,49.49,17.95,18.57,45.98,72.61,52.36
C040,S409,Deep,Neutral,18-24,7,IMG_409.png,Red,Neutral,Glossy,41.5,45.1,20.21,24.14,94.06,40.62
C040,S491,Deep,Neutral,18-24,6,IMG_491.png,Coral,Cool,Matte,63.93,27.99,18.86,33.97,73.98,62.27
C040,S492,Deep,Neutral,18-24,7,IMG_492.png,Mauve,Warm,Glossy,55.1,22.72,7.8,18.95,61.46,53.01
C040,S281,Deep,Neutral,18-24,6,IMG_281.png,Orange,Warm,Matte,60.83,29.03,43.83,56.48,100.0,60.4
C040,S357,Deep,Neutral,18-24,5,IMG_357.png,Brown,Cool,Matte,26.54,8.39,10.47,51.3,56.74,27.15
C040,S077,Deep,Neutral,18-24,6,IMG_077.png,Mauve,Warm,Matte,41.89,27.69,3.2,6.6,63.54,42.78
C040,S462,Deep,Neutral,18-24,6,IMG_462.png,Orange,Cool,Matte,62.73,31.4,31.55,45.13,93.64,64.55
C040,S498,Deep,Neutral,18-24,6,IMG_498.png,Pink,Neutral,Matte,62.17,31.28,11.43,20.08,85.25,62.51
C040,S212,Deep,Neutral,18-24,6,IMG_212.png,Plum,Cool,Matte,36.22,24.36,-15.0,328.38,59.84,36.7
C040,S102,Deep,Neutral,18-24,5,IMG_102.png,Orange,Neutral,Satin,67.72,35.5,37.34,46.45,90.45,67.09
C040,S335,Deep,Neutral,18-24,6,IMG_335.png,Orange,Neutral,Glossy,65.14,24.44,42.18,59.91,99.55,65.56
C040,S476,Deep,Neutral,18-24,5,IMG_476.png,Mauve,Warm,Matte,60.59,26.41,8.59,18.01,68.95,60.25
C040,S337,Deep,Neutral,18-24,5,IMG_337.png,Pink,Neutral,Satin,60.41,30.57,8.81,16.07,80.2,58.23
C040,S441,Deep,Neutral,18-24,8,IMG_441.png,Coral,Neutral,Satin,50.89,43.17,19.48,24.29,96.73,50.39
C040,S174,Deep,Neutral,18-24,7,IMG_174.png,Coral,Cool,Matte,60.02,33.42,19.58,30.36,79.89,60.94
C040,S003,Deep,Neutral,18-24,5,IMG_003.png,Nude,Cool,Glossy,61.7,15.08,5.74,20.85,56.97,60.84
C040,S334,Deep,Neutral,18-24,6,IMG_334.png,Pink,Warm,Glossy,53.81,29.68,12.52,22.87,80.21,54.8
C040,S410,Deep,Neutral,18-24,6,IMG_410.png,Pink,Cool,Glossy,72.37,34.7,6.55,10.69,81.42,73.34
C040,S071,Deep,Neutral,18-24,7,IMG_071.png,Mauve,Warm,Matte,46.67,24.65,9.83,21.74,65.36,48.47
C040,S210,Deep,Neutral,18-24,7,IMG_210.png,Mauve,Neutral,Satin,48.16,28.2,0.31,0.63,72.26,47.88
C040,S064,Deep,Neutral,18-24,7,IMG_064.png,Nude,Neutral,Matte,57.68,8.49,1.18,7.9,46.71,62.52
C040,S385,Deep,Neutral,18-24,6,IMG_385.png,Berry,Warm,Satin,54.08,40.96,-4.88,353.21,89.28,56.18
C040,S094,Deep,Neutral,18-24,5,IMG_094.png,Nude,Cool,Matte,52.28,4.76,16.16,73.58,53.43,48.56
C040,S486,Deep,Neutral,18-24,7,IMG_486.png,Coral,Cool,Satin,56.54,36.42,21.42,30.47,88.45,57.18
C040,S186,Deep,Neutral,18-24,7,IMG_186.png,Plum,Neutral,Satin,36.97,30.89,-11.08,340.27,75.99,35.73
C040,S034,Deep,Neutral,18-24,8,IMG_034.png,Mauve,Cool,Matte,54.83,30.06,0.19,0.36,73.34,54.83
C040,S078,Deep,Neutral,18-24,7,IMG_078.png,Plum,Warm,Satin,39.28,31.21,-5.96,349.19,72.75,39.35
C040,S001,Deep,Neutral,18-24,6,IMG_001.png,Nude,Neutral,Glossy,67.64,6.24,9.49,56.65,53.13,67.01
C040,S012,Deep,Neutral,18-24,6,IMG_012.png,Pink,Neutral,Matte,57.46,29.6,-0.44,359.15,65.33,54.81
C040,S416,Deep,Neutral,18-24,6,IMG_416.png,Berry,Cool,Glossy,44.52,42.13,-10.82,345.6,74.33,43.28
C040,S023,Deep,Neutral,18-24,4,IMG_023.png,Pink,Warm,Glossy,59.29,31.43,20.39,32.97,79.16,61.5
C041,S362,Medium,Neutral,35-44,4,IMG_362.png,Coral,Warm,Glossy,44.59,39.79,42.75,47.06,100.0,42.55
C041,S074,Medium,Neutral,35-44,4,IMG_074.png,Brown,Warm,Satin,33.57,18.57,30.19,58.4,74.8,34.04
C041,S375,Medium,Neutral,35-44,6,IMG_375.png,Mauve,Warm,Matte,48.6,21.85,14.88,34.26,58.85,46.15
C041,S156,Medium,Neutral,35-44,5,IMG_156.png,Berry,Cool,Matte,49.66,32.99,2.37,4.12,81.61,49.8
C041,S105,Medium,Neutral,35-44,6,IMG_105.png,Orange,Neutral,Satin,43.96,31.98,45.0,54.6,95.09,43.2
C041,S395,Medium,Neutral,35-44,6,IMG_395.png,Pink,Neutral,Matte,63.76,31.9,3.06,5.49,67.76,62.34
C041,S378,Medium,Neutral,35-44,5,IMG_378.png,Plum,Cool,Satin,34.57,36.3,-11.39,342.58,79.39,34.97
C041,S125,Medium,Neutral,35-44,5,IMG_125.png,Brown,Warm,Satin,37.1,19.35,27.23,54.6,83.32,36.88
C041,S069,Medium,Neutral,35-44,6,IMG_069.png,Mauve,Warm,Satin,50.92,23.73,4.49,10.72,61.53,52.34
C041,S451,Medium,Neutral,35-44,7,IMG_451.png,Berry,Warm,Satin,46.36,43.95,-0.07,359.91,87.49,43.78
C041,S010,Medium,Neutral,35-44,6,IMG_010.png,Orange,Cool,Matte,64.14,27.86,33.47,50.22,86.36,65.06
C041,S195,Medium,Neutral,35-44,4,IMG_195.png,Plum,Warm,Matte,30.1,24.27,-9.32,338.99,62.78,30.42
C041,S407,Medium,Neutral,35-44,6,IMG_407.png,Coral,Cool,Matte,45.34,34.17,21.6,32.3,88.31,44.23
C041,S085,Medium,Neutral,35-44,6,IMG_085.png,Orange,Warm,Satin,44.61,33.92,42.86,51.64,93.54,46.28
C041,S372,Medium,Neutral,35-44,7,IMG_372.png,Berry,Neutral,Satin,51.76,37.7,9.95,14.78,80.47,50.23
C041,S389,Medium,Neutral,35-44,6,IMG_389.png,Berry,Neutral,Glossy,37.98,38.26,-5.12,352.38,79.83,35.73
C041,S496,Medium,Neutral,35-44,7,IMG_496.png,Orange,Neutral,Satin,63.61,26.61,43.06,58.29,94.45,62.31
C041,S031,Medium,Neutral,35-44,5,IMG_031.png,Plum,Neutral,Satin,29.74,29.53,-15.0,333.07,69.1,34.0
C041,S317,Medium,Neutral,35-44,7,IMG_317.png,Nude,Warm,Glossy,49.49,17.95,18.57,45.98,72.61,52.36
C041,S409,Medium,Neutral,35-44,6,IMG_409.png,Red,Neutral,Glossy,41.5,45.1,20.21,24.14,94.06,40.62
C041,S491,Medium,Neutral,35-44,6,IMG_491.png,Coral,Cool,Matte,63.93,27.99,18.86,33.97,73.98,62.27
C041,S492,Medium,Neutral,35-44,5,IMG_492.png,Mauve,Warm,Glossy,55.1,22.72,7.8,18.95,61.46,53.01
C041,S281,Medium,Neutral,35-44,6,IMG_281.png,Orange,Warm,Matte,60.83,29.03,43.83,56.48,100.0,60.4
C041,S357,Medium,Neutral,35-44,5,IMG_357.png,Brown,Cool,Matte,26.54,8.39,10.47,51.3,56.74,27.15
C041,S077,Medium,Neutral,35-44,6,IMG_077.png,Mauve,Warm,Matte,41.89,27.69,3.2,6.6,63.54,42.78
C041,S462,Medium,Neutral,35-44,7,IMG_462.png,Orange,Cool,Matte,62.73,31.4,31.55,45.13,93.64,64.55
C041,S498,Medium,Neutral,35-44,8,IMG_498.png,Pink,Neutral,Matte,62.17,31.28,11.43,20.08,85.25,62.51
C041,S212,Medium,Neutral,35-44,6,IMG_212.png,Plum,Cool,Matte,36.22,24.36,-15.0,328.38,59.84,36.7
C041,S102,Medium,Neutral,35-44,8,IMG_102.png,Orange,Neutral,Satin,67.72,35.5,37.34,46.45,90.45,67.09
C041,S335,Medium,Neutral,35-44,7,IMG_335.png,Orange,Neutral,Glossy,65.14,24.44,42.18,59.91,99.55,65.56
C041,S476,Medium,Neutral,35-44,6,IMG_476.png,Mauve,Warm,Matte,60.59,26.41,8.59,18.01,68.95,60.25
C041,S337,Medium,Neutral,35-44,8,IMG_337.png,Pink,Neutral,Satin,60.41,30.57,8.81,16.07,80.2,58.23
C041,S441,Medium,Neutral,35-44,7,IMG_441.png,Coral,Neutral,Satin,50.89,43.17,19.48,24.29,96.73,50.39
C041,S174,Medium,Neutral,35-44,6,IMG_174.png,Coral,Cool,Matte,60.02,33.42,19.58,30.36,79.89,60.94
C041,S003,Medium,Neutral,35-44,7,IMG_003.png,Nude,Cool,Glossy,61.7,15.08,5.74,20.85,56.97,60.84
C041,S334,Medium,Neutral,35-44,7,IMG_334.png,Pink,Warm,Glossy,53.81,29.68,12.52,22.87,80.21,54.8
C041,S410,Medium,Neutral,35-44,4,IMG_410.png,Pink,Cool,Glossy,72.37,34.7,6.55,10.69,81.42,73.34
C041,S071,Medium,Neutral,35-44,6,IMG_071.png,Mauve,Warm,Matte,46.67,24.65,9.83,21.74,65.36,48.47
C041,S210,Medium,Neutral,35-44,7,IMG_210.png,Mauve,Neutral,Satin,48.16,28.2,0.31,0.63,72.26,47.88
C041,S064,Medium,Neutral,35-44,8,IMG_064.png,Nude,Neutral,Matte,57.68,8.49,1.18,7.9,46.71,62.52
C041,S385,Medium,Neutral,35-44,5,IMG_385.png,Berry,Warm,Satin,54.08,40.96,-4.88,353.21,89.28,56.18
C041,S094,Medium,Neutral,35-44,7,IMG_094.png,Nude,Cool,Matte,52.28,4.76,16.16,73.58,53.43,48.56
C041,S486,Medium,Neutral,35-44,5,IMG_486.png,Coral,Cool,Satin,56.54,36.42,21.42,30.47,88.45,57.18
C041,S186,Medium,Neutral,35-44,5,IMG_186.png,Plum,Neutral,Satin,36.97,30.89,-11.08,340.27,75.99,35.73
C041,S034,Medium,Neutral,35-44,7,IMG_034.png,Mauve,Cool,Matte,54.83,30.06,0.19,0.36,73.34,54.83
C041,S078,Medium,Neutral,35-44,6,IMG_078.png,Plum,Warm,Satin,39.28,31.21,-5.96,349.19,72.75,39.35
C041,S001,Medium,Neutral,35-44,9,IMG_001.png,Nude,Neutral,Glossy,67.64,6.24,9.49,56.65,53.13,67.01
C041,S012,Medium,Neutral,35-44,8,IMG_012.png,Pink,Neutral,Matte,57.46,29.6,-0.44,359.15,65.33,54.81
C041,S416,Medium,Neutral,35-44,7,IMG_416.png,Berry,Cool,Glossy,44.52,42.13,-10.82,345.6,74.33,43.28
C041,S023,Medium,Neutral,35-44,6,IMG_023.png,Pink,Warm,Glossy,59.29,31.43,20.39,32.97,79.16,61.5
C042,S362,Tan,Cool,25-34,6,IMG_362.png,Coral,Warm,Glossy,44.59,39.79,42.75,47.06,100.0,42.55
C042,S074,Tan,Cool,25-34,6,IMG_074.png,Brown,Warm,Satin,33.57,18.57,30.19,58.4,74.8,34.04
C042,S375,Tan,Cool,25-34,7,IMG_375.png,Mauve,Warm,Matte,48.6,21.85,14.88,34.26,58.85,46.15
C042,S156,Tan,Cool,25-34,7,IMG_156.png,Berry,Cool,Matte,49.66,32.99,2.37,4.12,81.61,49.8
C042,S105,Tan,Cool,25-34,9,IMG_105.png,Orange,Neutral,Satin,43.96,31.98,45.0,54.6,95.09,43.2
C042,S395,Tan,Cool,25-34,3,IMG_395.png,Pink,Neutral,Matte,63.76,31.9,3.06,5.49,67.76,62.34
C042,S378,Tan,Cool,25-34,6,IMG_378.png,Plum,Cool,Satin,34.57,36.3,-11.39,342.58,79.39,34.97
C042,S125,Tan,Cool,25-34,5,IMG_125.png,Brown,Warm,Satin,37.1,19.35,27.23,54.6,83.32,36.88
C042,S069,Tan,Cool,25-34,7,IMG_069.png,Mauve,Warm,Satin,50.92,23.73,4.49,10.72,61.53,52.34
C042,S451,Tan,Cool,25-34,7,IMG_451.png,Berry,Warm,Satin,46.36,43.95,-0.07,359.91,87.49,43.78
C042,S010,Tan,Cool,25-34,6,IMG_010.png,Orange,Cool,Matte,64.14,27.86,33.47,50.22,86.36,65.06
C042,S195,Tan,Cool,25-34,6,IMG_195.png,Plum,Warm,Matte,30.1,24.27,-9.32,338.99,62.78,30.42
C042,S407,Tan,Cool,25-34,6,IMG_407.png,Coral,Cool,Matte,45.34,34.17,21.6,32.3,88.31,44.23
C042,S085,Tan,Cool,25-34,7,IMG_085.png,Orange,Warm,Satin,44.61,33.92,42.86,51.64,93.54,46.28
C042,S372,Tan,Cool,25-34,6,IMG_372.png,Berry,Neutral,Satin,51.76,37.7,9.95,14.78,80.47,50.23
C042,S389,Tan,Cool,25-34,5,IMG_389.png,Berry,Neutral,Glossy,37.98,38.26,-5.12,352.38,79.83,35.73
C042,S496,Tan,Cool,25-34,5,IMG_496.png,Orange,Neutral,Satin,63.61,26.61,43.06,58.29,94.45,62.31
C042,S031,Tan,Cool,25-34,6,IMG_031.png,Plum,Neutral,Satin,29.74,29.53,-15.0,333.07,69.1,34.0
C042,S317,Tan,Cool,25-34,6,IMG_317.png,Nude,Warm,Glossy,49.49,17.95,18.57,45.98,72.61,52.36
C042,S409,Tan,Cool,25-34,7,IMG_409.png,Red,Neutral,Glossy,41.5,45.1,20.21,24.14,94.06,40.62
C042,S491,Tan,Cool,25-34,6,IMG_491.png,Coral,Cool,Matte,63.93,27.99,18.86,33.97,73.98,62.27
C042,S492,Tan,Cool,25-34,5,IMG_492.png,Mauve,Warm,Glossy,55.1,22.72,7.8,18.95,61.46,53.01
C042,S281,Tan,Cool,25-34,6,IMG_281.png,Orange,Warm,Matte,60.83,29.03,43.83,56.48,100.0,60.4
C042,S357,Tan,Cool,25-34,7,IMG_357.png,Brown,Cool,Matte,26.54,8.39,10.47,51.3,56.74,27.15
C042,S077,Tan,Cool,25-34,3,IMG_077.png,Mauve,Warm,Matte,41.89,27.69,3.2,6.6,63.54,42.78
C042,S462,Tan,Cool,25-34,7,IMG_462.png,Orange,Cool,Matte,62.73,31.4,31.55,45.13,93.64,64.55
C042,S498,Tan,Cool,25-34,5,IMG_498.png,Pink,Neutral,Matte,62.17,31.28,11.43,20.08,85.25,62.51
C042,S212,Tan,Cool,25-34,6,IMG_212.png,Plum,Cool,Matte,36.22,24.36,-15.0,328.38,59.84,36.7
C042,S102,Tan,Cool,25-34,6,IMG_102.png,Orange,Neutral,Satin,67.72,35.5,37.34,46.45,90.45,67.09
C042,S335,Tan,Cool,25-34,6,IMG_335.png,Orange,Neutral,Glossy,65.14,24.44,42.18,59.91,99.55,65.56
C042,S476,Tan,Cool,25-34,4,IMG_476.png,Mauve,Warm,Matte,60.59,26.41,8.59,18.01,68.95,60.25
C042,S337,Tan,Cool,25-34,5,IMG_337.png,Pink,Neutral,Satin,60.41,30.57,8.81,16.07,80.2,58.23
C042,S441,Tan,Cool,25-34,7,IMG_441.png,Coral,Neutral,Satin,50.89,43.17,19.48,24.29,96.73,50.39
C042,S174,Tan,Cool,25-34,6,IMG_174.png,Coral,Cool,Matte,60.02,33.42,19.58,30.36,79.89,60.94
C042,S003,Tan,Cool,25-34,6,IMG_003.png,Nude,Cool,Glossy,61.7,15.08,5.74,20.85,56.97,60.84
C042,S334,Tan,Cool,25-34,5,IMG_334.png,Pink,Warm,Glossy,53.81,29.68,12.52,22.87,80.21,54.8
C042,S410,Tan,Cool,25-34,5,IMG_410.png,Pink,Cool,Glossy,72.37,34.7,6.55,10.69,81.42,73.34
C042,S071,Tan,Cool,25-34,5,IMG_071.png,Mauve,Warm,Matte,46.67,24.65,9.83,21.74,65.36,48.47
C042,S210,Tan,Cool,25-34,7,IMG_210.png,Mauve,Neutral,Satin,48.16,28.2,0.31,0.63,72.26,47.88
C042,S064,Tan,Cool,25-34,5,IMG_064.png,Nude,Neutral,Matte,57.68,8.49,1.18,7.9,46.71,62.52
C042,S385,Tan,Cool,25-34,7,IMG_385.png,Berry,Warm,Satin,54.08,40.96,-4.88,353.21,89.28,56.18
C042,S094,Tan,Cool,25-34,7,IMG_094.png,Nude,Cool,Matte,52.28,4.76,16.16,73.58,53.43,48.56
C042,S486,Tan,Cool,25-34,8,IMG_486.png,Coral,Cool,Satin,56.54,36.42,21.42,30.47,88.45,57.18
C042,S186,Tan,Cool,25-34,5,IMG_186.png,Plum,Neutral,Satin,36.97,30.89,-11.08,340.27,75.99,35.73
C042,S034,Tan,Cool,25-34,6,IMG_034.png,Mauve,Cool,Matte,54.83,30.06,0.19,0.36,73.34,54.83
C042,S078,Tan,Cool,25-34,5,IMG_078.png,Plum,Warm,Satin,39.28,31.21,-5.96,349.19,72.75,39.35
C042,S001,Tan,Cool,25-34,4,IMG_001.png,Nude,Neutral,Glossy,67.64,6.24,9.49,56.65,53.13,67.01
C042,S012,Tan,Cool,25-34,7,IMG_012.png,Pink,Neutral,Matte,57.46,29.6,-0.44,359.15,65.33,54.81
C042,S416,Tan,Cool,25-34,8,IMG_416.png,Berry,Cool,Glossy,44.52,42.13,-10.82,345.6,74.33,43.28
C042,S023,Tan,Cool,25-34,4,IMG_023.png,Pink,Warm,Glossy,59.29,31.43,20.39,32.97,79.16,61.5
C043,S362,Medium,Warm,25-34,6,IMG_362.png,Coral,Warm,Glossy,44.59,39.79,42.75,47.06,100.0,42.55
C043,S074,Medium,Warm,25-34,6,IMG_074.png,Brown,Warm,Satin,33.57,18.57,30.19,58.4,74.8,34.04
C043,S375,Medium,Warm,25-34,8,IMG_375.png,Mauve,Warm,Matte,48.6,21.85,14.88,34.26,58.85,46.15
C043,S156,Medium,Warm,25-34,5,IMG_156.png,Berry,Cool,Matte,49.66,32.99,2.37,4.12,81.61,49.8
C043,S105,Medium,Warm,25-34,5,IMG_105.png,Orange,Neutral,Satin,43.96,31.98,45.0,54.6,95.09,43.2
C043,S395,Medium,Warm,25-34,6,IMG_395.png,Pink,Neutral,Matte,63.76,31.9,3.06,5.49,67.76,62.34
C043,S378,Medium,Warm,25-34,3,IMG_378.png,Plum,Cool,Satin,34.57,36.3,-11.39,342.58,79.39,34.97
C043,S125,Medium,Warm,25-34,6,IMG_125.png,Brown,Warm,Satin,37.1,19.35,27.23,54.6,83.32,36.88
C043,S069,Medium,Warm,25-34,7,IMG_069.png,Mauve,Warm,Satin,50.92,23.73,4.49,10.72,61.53,52.34
C043,S451,Medium,Warm,25-34,7,IMG_451.png,Berry,Warm,Satin,46.36,43.95,-0.07,359.91,87.49,43.78
C043,S010,Medium,Warm,25-34,5,IMG_010.png,Orange,Cool,Matte,64.14,27.86,33.47,50.22,86.36,65.06
C043,S195,Medium,Warm,25-34,5,IMG_195.png,Plum,Warm,Matte,30.1,24.27,-9.32,338.99,62.78,30.42
C043,S407,Medium,Warm,25-34,6,IMG_407.png,Coral,Cool,Matte,45.34,34.17,21.6,32.3,88.31,44.23
C043,S085,Medium,Warm,25-34,7,IMG_085.png,Orange,Warm,Satin,44.61,33.92,42.86,51.64,93.54,46.28
C043,S372,Medium,Warm,25-34,6,IMG_372.png,Berry,Neutral,Satin,51.76,37.7,9.95,14.78,80.47,50.23
C043,S389,Medium,Warm,25-34,5,IMG_389.png,Berry,Neutral,Glossy,37.98,38.26,-5.12,352.38,79.83,35.73
C043,S496,Medium,Warm,25-34,6,IMG_496.png,Orange,Neutral,Satin,63.61,26.61,43.06,58.29,94.45,62.31
C043,S031,Medium,Warm,25-34,6,IMG_031.png,Plum,Neutral,Satin,29.74,29.53,-15.0,333.07,69.1,34.0
C043,S317,Medium,Warm,25-34,9,IMG_317.png,Nude,Warm,Glossy,49.49,17.95,18.57,45.98,72.61,52.36
C043,S409,Medium,Warm,25-34,7,IMG_409.png,Red,Neutral,Glossy,41.5,45.1,20.21,24.14,94.06,40.62
C043,S491,Medium,Warm,25-34,5,IMG_491.png,Coral,Cool,Matte,63.93,27.99,18.86,33.97,73.98,62.27
C043,S492,Medium,Warm,25-34,7,IMG_492.png,Mauve,Warm,Glossy,55.1,22.72,7.8,18.95,61.46,53.01
C043,S281,Medium,Warm,25-34,6,IMG_281.png,Orange,Warm,Matte,60.83,29.03,43.83,56.48,100.0,60.4
C043,S357,Medium,Warm,25-34,4,IMG_357.png,Brown,Cool,Matte,26.54,8.39,10.47,51.3,56.74,27.15
C043,S077,Medium,Warm,25-34,6,IMG_077.png,Mauve,Warm,Matte,41.89,27.69,3.2,6.6,63.54,42.78
C043,S462,Medium,Warm,25-34,6,IMG_462.png,Orange,Cool,Matte,62.73,31.4,31.55,45.13,93.64,64.55
C043,S498,Medium,Warm,25-34,6,IMG_498.png,Pink,Neutral,Matte,62.17,31.28,11.43,20.08,85.25,62.51
C043,S212,Medium,Warm,25-34,5,IMG_212.png,Plum,Cool,Matte,36.22,24.36,-15.0,328.38,59.84,36.7
C043,S102,Medium,Warm,25-34,6,IMG_102.png,Orange,Neutral,Satin,67.72,35.5,37.34,46.45,90.45,67.09
C043,S335,Medium,Warm,25-34,6,IMG_335.png,Orange,Neutral,Glossy,65.14,24.44,42.18,59.91,99.55,65.56
C043,S476,Medium,Warm,25-34,7,IMG_476.png,Mauve,Warm,Matte,60.59,26.41,8.59,18.01,68.95,60.25
C043,S337,Medium,Warm,25-34,5,IMG_337.png,Pink,Neutral,Satin,60.41,30.57,8.81,16.07,80.2,58.23
C043,S441,Medium,Warm,25-34,6,IMG_441.png,Coral,Neutral,Satin,50.89,43.17,19.48,24.29,96.73,50.39
C043,S174,Medium,Warm,25-34,5,IMG_174.png,Coral,Cool,Matte,60.02,33.42,19.58,30.36,79.89,60.94
C043,S003,Medium,Warm,25-34,7,IMG_003.png,Nude,Cool,Glossy,61.7,15.08,5.74,20.85,56.97,60.84
C043,S334,Medium,Warm,25-34,7,IMG_334.png,Pink,Warm,Glossy,53.81,29.68,12.52,22.87,80.21,54.8
C043,S410,Medium,Warm,25-34,2,IMG_410.png,Pink,Cool,Glossy,72.37,34.7,6.55,10.69,81.42,73.34
C043,S071,Medium,Warm,25-34,6,IMG_071.png,Mauve,Warm,Matte,46.67,24.65,9.83,21.74,65.36,48.47
C043,S210,Medium,Warm,25-34,6,IMG_210.png,Mauve,Neutral,Satin,48.16,28.2,0.31,0.63,72.26,47.88
C043,S064,Medium,Warm,25-34,7,IMG_064.png,Nude,Neutral,Matte,57.68,8.49,1.18,7.9,46.71,62.52
C043,S385,Medium,Warm,25-34,9,IMG_385.png,Berry,Warm,Satin,54.08,40.96,-4.88,353.21,89.28,56.18
C043,S094,Medium,Warm,25-34,8,IMG_094.png,Nude,Cool,Matte,52.28,4.76,16.16,73.58,53.43,48.56
C043,S486,Medium,Warm,25-34,6,IMG_486.png,Coral,Cool,Satin,56.54,36.42,21.42,30.47,88.45,57.18
C043,S186,Medium,Warm,25-34,5,IMG_186.png,Plum,Neutral,Satin,36.97,30.89,-11.08,340.27,75.99,35.73
C043,S034,Medium,Warm,25-34,7,IMG_034.png,Mauve,Cool,Matte,54.83,30.06,0.19,0.36,73.34,54.83
C043,S078,Medium,Warm,25-34,6,IMG_078.png,Plum,Warm,Satin,39.28,31.21,-5.96,349.19,72.75,39.35
C043,S001,Medium,Warm,25-34,6,IMG_001.png,Nude,Neutral,Glossy,67.64,6.24,9.49,56.65,53.13,67.01
C043,S012,Medium,Warm,25-34,5,IMG_012.png,Pink,Neutral,Matte,57.46,29.6,-0.44,359.15,65.33,54.81
C043,S416,Medium,Warm,25-34,7,IMG_416.png,Berry,Cool,Glossy,44.52,42.13,-10.82,345.6,74.33,43.28
C043,S023,Medium,Warm,25-34,7,IMG_023.png,Pink,Warm,Glossy,59.29,31.43,20.39,32.97,79.16,61.5
C044,S362,Tan,Neutral,25-34,6,IMG_362.png,Coral,Warm,Glossy,44.59,39.79,42.75,47.06,100.0,42.55
C044,S074,Tan,Neutral,25-34,5,IMG_074.png,Brown,Warm,Satin,33.57,18.57,30.19,58.4,74.8,34.04
C044,S375,Tan,Neutral,25-34,7,IMG_375.png,Mauve,Warm,Matte,48.6,21.85,14.88,34.26,58.85,46.15
C044,S156,Tan,Neutral,25-34,7,IMG_156.png,Berry,Cool,Matte,49.66,32.99,2.37,4.12,81.61,49.8
C044,S105,Tan,Neutral,25-34,7,IMG_105.png,Orange,Neutral,Satin,43.96,31.98,45.0,54.6,95.09,43.2
C044,S395,Tan,Neutral,25-34,5,IMG_395.png,Pink,Neutral,Matte,63.76,31.9,3.06,5.49,67.76,62.34
C044,S378,Tan,Neutral,25-34,6,IMG_378.png,Plum,Cool,Satin,34.57,36.3,-11.39,342.58,79.39,34.97
C044,S125,Tan,Neutral,25-34,5,IMG_125.png,Brown,Warm,Satin,37.1,19.35,27.23,54.6,83.32,36.88
C044,S069,Tan,Neutral,25-34,6,IMG_069.png,Mauve,Warm,Satin,50.92,23.73,4.49,10.72,61.53,52.34
C044,S451,Tan,Neutral,25-34,7,IMG_451.png,Berry,Warm,Satin,46.36,43.95,-0.07,359.91,87.49,43.78
C044,S010,Tan,Neutral,25-34,5,IMG_010.png,Orange,Cool,Matte,64.14,27.86,33.47,50.22,86.36,65.06
C044,S195,Tan,Neutral,25-34,5,IMG_195.png,Plum,Warm,Matte,30.1,24.27,-9.32,338.99,62.78,30.42
C044,S407,Tan,Neutral,25-34,6,IMG_407.png,Coral,Cool,Matte,45.34,34.17,21.6,32.3,88.31,44.23
C044,S085,Tan,Neutral,25-34,6,IMG_085.png,Orange,Warm,Satin,44.61,33.92,42.86,51.64,93.54,46.28
C044,S372,Tan,Neutral,25-34,9,IMG_372.png,Berry,Neutral,Satin,51.76,37.7,9.95,14.78,80.47,50.23
C044,S389,Tan,Neutral,25-34,9,IMG_389.png,Berry,Neutral,Glossy,37.98,38.26,-5.12,352.38,79.83,35.73
C044,S496,Tan,Neutral,25-34,6,IMG_496.png,Orange,Neutral,Satin,63.61,26.61,43.06,58.29,94.45,62.31
C044,S031,Tan,Neutral,25-34,6,IMG_031.png,Plum,Neutral,Satin,29.74,29.53,-15.0,333.07,69.1,34.0
C044,S317,Tan,Neutral,25-34,6,IMG_317.png,Nude,Warm,Glossy,49.49,17.95,18.57,45.98,72.61,52.36
C044,S409,Tan,Neutral,25-34,6,IMG_409.png,Red,Neutral,Glossy,41.5,45.1,20.21,24.14,94.06,40.62
C044,S491,Tan,Neutral,25-34,4,IMG_491.png,Coral,Cool,Matte,63.93,27.99,18.86,33.97,73.98,62.27
C044,S492,Tan,Neutral,25-34,6,IMG_492.png,Mauve,Warm,Glossy,55.1,22.72,7.8,18.95,61.46,53.01
C044,S281,Tan,Neutral,25-34,5,IMG_281.png,Orange,Warm,Matte,60.83,29.03,43.83,56.48,100.0,60.4
C044,S357,Tan,Neutral,25-34,5,IMG_357.png,Brown,Cool,Matte,26.54,8.39,10.47,51.3,56.74,27.15
C044,S077,Tan,Neutral,25-34,5,IMG_077.png,Mauve,Warm,Matte,41.89,27.69,3.2,6.6,63.54,42.78
C044,S462,Tan,Neutral,25-34,4,IMG_462.png,Orange,Cool,Matte,62.73,31.4,31.55,45.13,93.64,64.55
C044,S498,Tan,Neutral,25-34,7,IMG_498.png,Pink,Neutral,Matte,62.17,31.28,11.43,20.08,85.25,62.51
C044,S212,Tan,Neutral,25-34,5,IMG_212.png,Plum,Cool,Matte,36.22,24.36,-15.0,328.38,59.84,36.7
C044,S102,Tan,Neutral,25-34,5,IMG_102.png,Orange,Neutral,Satin,67.72,35.5,37.34,46.45,90.45,67.09
C044,S335,Tan,Neutral,25-34,5,IMG_335.png,Orange,Neutral,Glossy,65.14,24.44,42.18,59.91,99.55,65.56
C044,S476,Tan,Neutral,25-34,6,IMG_476.png,Mauve,Warm,Matte,60.59,26.41,8.59,18.01,68.95,60.25
C044,S337,Tan,Neutral,25-34,7,IMG_337.png,Pink,Neutral,Satin,60.41,30.57,8.81,16.07,80.2,58.23
C044,S441,Tan,Neutral,25-34,7,IMG_441.png,Coral,Neutral,Satin,50.89,43.17,19.48,24.29,96.73,50.39
C044,S174,Tan,Neutral,25-34,5,IMG_174.png,Coral,Cool,Matte,60.02,33.42,19.58,30.36,79.89,60.94
C044,S003,Tan,Neutral,25-34,6,IMG_003.png,Nude,Cool,Glossy,61.7,15.08,5.74,20.85,56.97,60.84
C044,S334,Tan,Neutral,25-34,4,IMG_334.png,Pink,Warm,Glossy,53.81,29.68,12.52,22.87,80.21,54.8
C044,S410,Tan,Neutral,25-34,6,IMG_410.png,Pink,Cool,Glossy,72.37,34.7,6.55,10.69,81.42,73.34
C044,S071,Tan,Neutral,25-34,8,IMG_071.png,Mauve,Warm,Matte,46.67,24.65,9.83,21.74,65.36,48.47
C044,S210,Tan,Neutral,25-34,5,IMG_210.png,Mauve,Neutral,Satin,48.16,28.2,0.31,0.63,72.26,47.88
C044,S064,Tan,Neutral,25-34,6,IMG_064.png,Nude,Neutral,Matte,57.68,8.49,1.18,7.9,46.71,62.52
C044,S385,Tan,Neutral,25-34,7,IMG_385.png,Berry,Warm,Satin,54.08,40.96,-4.88,353.21,89.28,56.18
C044,S094,Tan,Neutral,25-34,6,IMG_094.png,Nude,Cool,Matte,52.28,4.76,16.16,73.58,53.43,48.56
C044,S486,Tan,Neutral,25-34,5,IMG_486.png,Coral,Cool,Satin,56.54,36.42,21.42,30.47,88.45,57.18
C044,S186,Tan,Neutral,25-34,7,IMG_186.png,Plum,Neutral,Satin,36.97,30.89,-11.08,340.27,75.99,35.73
C044,S034,Tan,Neutral,25-34,6,IMG_034.png,Mauve,Cool,Matte,54.83,30.06,0.19,0.36,73.34,54.83
C044,S078,Tan,Neutral,25-34,5,IMG_078.png,Plum,Warm,Satin,39.28,31.21,-5.96,349.19,72.75,39.35
C044,S001,Tan,Neutral,25-34,5,IMG_001.png,Nude,Neutral,Glossy,67.64,6.24,9.49,56.65,53.13,67.01
C044,S012,Tan,Neutral,25-34,7,IMG_012.png,Pink,Neutral,Matte,57.46,29.6,-0.44,359.15,65.33,54.81
C044,S416,Tan,Neutral,25-34,7,IMG_416.png,Berry,Cool,Glossy,44.52,42.13,-10.82,345.6,74.33,43.28
C044,S023,Tan,Neutral,25-34,4,IMG_023.png,Pink,Warm,Glossy,59.29,31.43,20.39,32.97,79.16,61.5
C045,S362,Light,Neutral,18-24,7,IMG_362.png,Coral,Warm,Glossy,44.59,39.79,42.75,47.06,100.0,42.55
C045,S074,Light,Neutral,18-24,4,IMG_074.png,Brown,Warm,Satin,33.57,18.57,30.19,58.4,74.8,34.04
C045,S375,Light,Neutral,18-24,6,IMG_375.png,Mauve,Warm,Matte,48.6,21.85,14.88,34.26,58.85,46.15
C045,S156,Light,Neutral,18-24,6,IMG_156.png,Berry,Cool,Matte,49.66,32.99,2.37,4.12,81.61,49.8
C045,S105,Light,Neutral,18-24,7,IMG_105.png,Orange,Neutral,Satin,43.96,31.98,45.0,54.6,95.09,43.2
C045,S395,Light,Neutral,18-24,8,IMG_395.png,Pink,Neutral,Matte,63.76,31.9,3.06,5.49,67.76,62.34
C045,S378,Light,Neutral,18-24,5,IMG_378.png,Plum,Cool,Satin,34.57,36.3,-11.39,342.58,79.39,34.97
C045,S125,Light,Neutral,18-24,4,IMG_125.png,Brown,Warm,Satin,37.1,19.35,27.23,54.6,83.32,36.88
C045,S069,Light,Neutral,18-24,5,IMG_069.png,Mauve,Warm,Satin,50.92,23.73,4.49,10.72,61.53,52.34
C045,S451,Light,Neutral,18-24,5,IMG_451.png,Berry,Warm,Satin,46.36,43.95,-0.07,359.91,87.49,43.78
C045,S010,Light,Neutral,18-24,6,IMG_010.png,Orange,Cool,Matte,64.14,27.86,33.47,50.22,86.36,65.06
C045,S195,Light,Neutral,18-24,3,IMG_195.png,Plum,Warm,Matte,30.1,24.27,-9.32,338.99,62.78,30.42
C045,S407,Light,Neutral,18-24,6,IMG_407.png,Coral,Cool,Matte,45.34,34.17,21.6,32.3,88.31,44.23
C045,S085,Light,Neutral,18-24,5,IMG_085.png,Orange,Warm,Satin,44.61,33.92,42.86,51.64,93.54,46.28
C045,S372,Light,Neutral,18-24,8,IMG_372.png,Berry,Neutral,Satin,51.76,37.7,9.95,14.78,80.47,50.23
C045,S389,Light,Neutral,18-24,7,IMG_389.png,Berry,Neutral,Glossy,37.98,38.26,-5.12,352.38,79.83,35.73
C045,S496,Light,Neutral,18-24,7,IMG_496.png,Orange,Neutral,Satin,63.61,26.61,43.06,58.29,94.45,62.31
C045,S031,Light,Neutral,18-24,6,IMG_031.png,Plum,Neutral,Satin,29.74,29.53,-15.0,333.07,69.1,34.0
C045,S317,Light,Neutral,18-24,6,IMG_317.png,Nude,Warm,Glossy,49.49,17.95,18.57,45.98,72.61,52.36
C045,S409,Light,Neutral,18-24,7,IMG_409.png,Red,Neutral,Glossy,41.5,45.1,20.21,24.14,94.06,40.62
C045,S491,Light,Neutral,18-24,5,IMG_491.png,Coral,Cool,Matte,63.93,27.99,18.86,33.97,73.98,62.27
C045,S492,Light,Neutral,18-24,5,IMG_492.png,Mauve,Warm,Glossy,55.1,22.72,7.8,18.95,61.46,53.01
C045,S281,Light,Neutral,18-24,6,IMG_281.png,Orange,Warm,Matte,60.83,29.03,43.83,56.48,100.0,60.4
C045,S357,Light,Neutral,18-24,4,IMG_357.png,Brown,Cool,Matte,26.54,8.39,10.47,51.3,56.74,27.15
C045,S077,Light,Neutral,18-24,5,IMG_077.png,Mauve,Warm,Matte,41.89,27.69,3.2,6.6,63.54,42.78
C045,S462,Light,Neutral,18-24,7,IMG_462.png,Orange,Cool,Matte,62.73,31.4,31.55,45.13,93.64,64.55
C045,S498,Light,Neutral,18-24,6,IMG_498.png,Pink,Neutral,Matte,62.17,31.28,11.43,20.08,85.25,62.51
C045,S212,Light,Neutral,18-24,6,IMG_212.png,Plum,Cool,Matte,36.22,24.36,-15.0,328.38,59.84,36.7
C045,S102,Light,Neutral,18-24,5,IMG_102.png,Orange,Neutral,Satin,67.72,35.5,37.34,46.45,90.45,67.09
C045,S335,Light,Neutral,18-24,8,IMG_335.png,Orange,Neutral,Glossy,65.14,24.44,42.18,59.91,99.55,65.56
C045,S476,Light,Neutral,18-24,5,IMG_476.png,Mauve,Warm,Matte,60.59,26.41,8.59,18.01,68.95,60.25
C045,S337,Light,Neutral,18-24,7,IMG_337.png,Pink,Neutral,Satin,60.41,30.57,8.81,16.07,80.2,58.23
C045,S441,Light,Neutral,18-24,6,IMG_441.png,Coral,Neutral,Satin,50.89,43.17,19.48,24.29,96.73,50.39
C045,S174,Light,Neutral,18-24,6,IMG_174.png,Coral,Cool,Matte,60.02,33.42,19.58,30.36,79.89,60.94
C045,S003,Light,Neutral,18-24,8,IMG_003.png,Nude,Cool,Glossy,61.7,15.08,5.74,20.85,56.97,60.84
C045,S334,Light,Neutral,18-24,7,IMG_334.png,Pink,Warm,Glossy,53.81,29.68,12.52,22.87,80.21,54.8
C045,S410,Light,Neutral,18-24,6,IMG_410.png,Pink,Cool,Glossy,72.37,34.7,6.55,10.69,81.42,73.34
C045,S071,Light,Neutral,18-24,5,IMG_071.png,Mauve,Warm,Matte,46.67,24.65,9.83,21.74,65.36,48.47
C045,S210,Light,Neutral,18-24,7,IMG_210.png,Mauve,Neutral,Satin,48.16,28.2,0.31,0.63,72.26,47.88
C045,S064,Light,Neutral,18-24,8,IMG_064.png,Nude,Neutral,Matte,57.68,8.49,1.18,7.9,46.71,62.52
C045,S385,Light,Neutral,18-24,5,IMG_385.png,Berry,Warm,Satin,54.08,40.96,-4.88,353.21,89.28,56.18
C045,S094,Light,Neutral,18-24,7,IMG_094.png,Nude,Cool,Matte,52.28,4.76,16.16,73.58,53.43,48.56
C045,S486,Light,Neutral,18-24,6,IMG_486.png,Coral,Cool,Satin,56.54,36.42,21.42,30.47,88.45,57.18
C045,S186,Light,Neutral,18-24,6,IMG_186.png,Plum,Neutral,Satin,36.97,30.89,-11.08,340.27,75.99,35.73
C045,S034,Light,Neutral,18-24,5,IMG_034.png,Mauve,Cool,Matte,54.83,30.06,0.19,0.36,73.34,54.83
C045,S078,Light,Neutral,18-24,5,IMG_078.png,Plum,Warm,Satin,39.28,31.21,-5.96,349.19,72.75,39.35
C045,S001,Light,Neutral,18-24,9,IMG_001.png,Nude,Neutral,Glossy,67.64,6.24,9.49,56.65,53.13,67.01
C045,S012,Light,Neutral,18-24,8,IMG_012.png,Pink,Neutral,Matte,57.46,29.6,-0.44,359.15,65.33,54.81
C045,S416,Light,Neutral,18-24,5,IMG_416.png,Berry,Cool,Glossy,44.52,42.13,-10.82,345.6,74.33,43.28
C045,S023,Light,Neutral,18-24,5,IMG_023.png,Pink,Warm,Glossy,59.29,31.43,20.39,32.97,79.16,61.5
C046,S362,Deep,Cool,35-44,6,IMG_362.png,Coral,Warm,Glossy,44.59,39.79,42.75,47.06,100.0,42.55
C046,S074,Deep,Cool,35-44,5,IMG_074.png,Brown,Warm,Satin,33.57,18.57,30.19,58.4,74.8,34.04
C046,S375,Deep,Cool,35-44,6,IMG_375.png,Mauve,Warm,Matte,48.6,21.85,14.88,34.26,58.85,46.15
C046,S156,Deep,Cool,35-44,7,IMG_156.png,Berry,Cool,Matte,49.66,32.99,2.37,4.12,81.61,49.8
C046,S105,Deep,Cool,35-44,8,IMG_105.png,Orange,Neutral,Satin,43.96,31.98,45.0,54.6,95.09,43.2
C046,S395,Deep,Cool,35-44,3,IMG_395.png,Pink,Neutral,Matte,63.76,31.9,3.06,5.49,67.76,62.34
C046,S378,Deep,Cool,35-44,7,IMG_378.png,Plum,Cool,Satin,34.57,36.3,-11.39,342.58,79.39,34.97
C046,S125,Deep,Cool,35-44,7,IMG_125.png,Brown,Warm,Satin,37.1,19.35,27.23,54.6,83.32,36.88
C046,S069,Deep,Cool,35-44,5,IMG_069.png,Mauve,Warm,Satin,50.92,23.73,4.49,10.72,61.53,52.34
C046,S451,Deep,Cool,35-44,5,IMG_451.png,Berry,Warm,Satin,46.36,43.95,-0.07,359.91,87.49,43.78
C046,S010,Deep,Cool,35-44,6,IMG_010.png,Orange,Cool,Matte,64.14,27.86,33.47,50.22,86.36,65.06
C046,S195,Deep,Cool,35-44,6,IMG_195.png,Plum,Warm,Matte,30.1,24.27,-9.32,338.99,62.78,30.42
C046,S407,Deep,Cool,35-44,8,IMG_407.png,Coral,Cool,Matte,45.34,34.17,21.6,32.3,88.31,44.23
C046,S085,Deep,Cool,35-44,7,IMG_085.png,Orange,Warm,Satin,44.61,33.92,42.86,51.64,93.54,46.28
C046,S372,Deep,Cool,35-44,5,IMG_372.png,Berry,Neutral,Satin,51.76,37.7,9.95,14.78,80.47,50.23
C046,S389,Deep,Cool,35-44,5,IMG_389.png,Berry,Neutral,Glossy,37.98,38.26,-5.12,352.38,79.83,35.73
C046,S496,Deep,Cool,35-44,4,IMG_496.png,Orange,Neutral,Satin,63.61,26.61,43.06,58.29,94.45,62.31
C046,S031,Deep,Cool,35-44,7,IMG_031.png,Plum,Neutral,Satin,29.74,29.53,-15.0,333.07,69.1,34.0
C046,S317,Deep,Cool,35-44,5,IMG_317.png,Nude,Warm,Glossy,49.49,17.95,18.57,45.98,72.61,52.36
C046,S409,Deep,Cool,35-44,8,IMG_409.png,Red,Neutral,Glossy,41.5,45.1,20.21,24.14,94.06,40.62
C046,S491,Deep,Cool,35-44,6,IMG_491.png,Coral,Cool,Matte,63.93,27.99,18.86,33.97,73.98,62.27
C046,S492,Deep,Cool,35-44,5,IMG_492.png,Mauve,Warm,Glossy,55.1,22.72,7.8,18.95,61.46,53.01
C046,S281,Deep,Cool,35-44,4,IMG_281.png,Orange,Warm,Matte,60.83,29.03,43.83,56.48,100.0,60.4
C046,S357,Deep,Cool,35-44,8,IMG_357.png,Brown,Cool,Matte,26.54,8.39,10.47,51.3,56.74,27.15
C046,S077,Deep,Cool,35-44,6,IMG_077.png,Mauve,Warm,Matte,41.89,27.69,3.2,6.6,63.54,42.78
C046,S462,Deep,Cool,35-44,5,IMG_462.png,Orange,Cool,Matte,62.73,31.4,31.55,45.13,93.64,64.55
C046,S498,Deep,Cool,35-44,5,IMG_498.png,Pink,Neutral,Matte,62.17,31.28,11.43,20.08,85.25,62.51
C046,S212,Deep,Cool,35-44,7,IMG_212.png,Plum,Cool,Matte,36.22,24.36,-15.0,328.38,59.84,36.7
C046,S102,Deep,Cool,35-44,4,IMG_102.png,Orange,Neutral,Satin,67.72,35.5,37.34,46.45,90.45,67.09
C046,S335,Deep,Cool,35-44,5,IMG_335.png,Orange,Neutral,Glossy,65.14,24.44,42.18,59.91,99.55,65.56
C046,S476,Deep,Cool,35-44,4,IMG_476.png,Mauve,Warm,Matte,60.59,26.41,8.59,18.01,68.95,60.25
C046,S337,Deep,Cool,35-44,5,IMG_337.png,Pink,Neutral,Satin,60.41,30.57,8.81,16.07,80.2,58.23
C046,S441,Deep,Cool,35-44,5,IMG_441.png,Coral,Neutral,Satin,50.89,43.17,19.48,24.29,96.73,50.39
C046,S174,Deep,Cool,35-44,5,IMG_174.png,Coral,Cool,Matte,60.02,33.42,19.58,30.36,79.89,60.94
C046,S003,Deep,Cool,35-44,7,IMG_003.png,Nude,Cool,Glossy,61.7,15.08,5.74,20.85,56.97,60.84
C046,S334,Deep,Cool,35-44,6,IMG_334.png,Pink,Warm,Glossy,53.81,29.68,12.52,22.87,80.21,54.8
C046,S410,Deep,Cool,35-44,6,IMG_410.png,Pink,Cool,Glossy,72.37,34.7,6.55,10.69,81.42,73.34
C046,S071,Deep,Cool,35-44,5,IMG_071.png,Mauve,Warm,Matte,46.67,24.65,9.83,21.74,65.36,48.47
C046,S210,Deep,Cool,35-44,6,IMG_210.png,Mauve,Neutral,Satin,48.16,28.2,0.31,0.63,72.26,47.88
C046,S064,Deep,Cool,35-44,6,IMG_064.png,Nude,Neutral,Matte,57.68,8.49,1.18,7.9,46.71,62.52
C046,S385,Deep,Cool,35-44,5,IMG_385.png,Berry,Warm,Satin,54.08,40.96,-4.88,353.21,89.28,56.18
C046,S094,Deep,Cool,35-44,6,IMG_094.png,Nude,Cool,Matte,52.28,4.76,16.16,73.58,53.43,48.56
C046,S486,Deep,Cool,35-44,8,IMG_486.png,Coral,Cool,Satin,56.54,36.42,21.42,30.47,88.45,57.18
C046,S186,Deep,Cool,35-44,6,IMG_186.png,Plum,Neutral,Satin,36.97,30.89,-11.08,340.27,75.99,35.73
C046,S034,Deep,Cool,35-44,8,IMG_034.png,Mauve,Cool,Matte,54.83,30.06,0.19,0.36,73.34,54.83
C046,S078,Deep,Cool,35-44,5,IMG_078.png,Plum,Warm,Satin,39.28,31.21,-5.96,349.19,72.75,39.35
C046,S001,Deep,Cool,35-44,5,IMG_001.png,Nude,Neutral,Glossy,67.64,6.24,9.49,56.65,53.13,67.01
C046,S012,Deep,Cool,35-44,7,IMG_012.png,Pink,Neutral,Matte,57.46,29.6,-0.44,359.15,65.33,54.81
C046,S416,Deep,Cool,35-44,7,IMG_416.png,Berry,Cool,Glossy,44.52,42.13,-10.82,345.6,74.33,43.28
C046,S023,Deep,Cool,35-44,4,IMG_023.png,Pink,Warm,Glossy,59.29,31.43,20.39,32.97,79.16,61.5
C047,S362,Medium,Warm,18-24,6,IMG_362.png,Coral,Warm,Glossy,44.59,39.79,42.75,47.06,100.0,42.55
C047,S074,Medium,Warm,18-24,7,IMG_074.png,Brown,Warm,Satin,33.57,18.57,30.19,58.4,74.8,34.04
C047,S375,Medium,Warm,18-24,8,IMG_375.png,Mauve,Warm,Matte,48.6,21.85,14.88,34.26,58.85,46.15
C047,S156,Medium,Warm,18-24,6,IMG_156.png,Berry,Cool,Matte,49.66,32.99,2.37,4.12,81.61,49.8
C047,S105,Medium,Warm,18-24,5,IMG_105.png,Orange,Neutral,Satin,43.96,31.98,45.0,54.6,95.09,43.2
C047,S395,Medium,Warm,18-24,7,IMG_395.png,Pink,Neutral,Matte,63.76,31.9,3.06,5.49,67.76,62.34
C047,S378,Medium,Warm,18-24,6,IMG_378.png,Plum,Cool,Satin,34.57,36.3,-11.39,342.58,79.39,34.97
C047,S125,Medium,Warm,18-24,6,IMG_125.png,Brown,Warm,Satin,37.1,19.35,27.23,54.6,83.32,36.88
C047,S069,Medium,Warm,18-24,8,IMG_069.png,Mauve,Warm,Satin,50.92,23.73,4.49,10.72,61.53,52.34
C047,S451,Medium,Warm,18-24,8,IMG_451.png,Berry,Warm,Satin,46.36,43.95,-0.07,359.91,87.49,43.78
C047,S010,Medium,Warm,18-24,5,IMG_010.png,Orange,Cool,Matte,64.14,27.86,33.47,50.22,86.36,65.06
C047,S195,Medium,Warm,18-24,5,IMG_195.png,Plum,Warm,Matte,30.1,24.27,-9.32,338.99,62.78,30.42
C047,S407,Medium,Warm,18-24,4,IMG_407.png,Coral,Cool,Matte,45.34,34.17,21.6,32.3,88.31,44.23
C047,S085,Medium,Warm,18-24,6,IMG_085.png,Orange,Warm,Satin,44.61,33.92,42.86,51.64,93.54,46.28
C047,S372,Medium,Warm,18-24,5,IMG_372.png,Berry,Neutral,Satin,51.76,37.7,9.95,14.78,80.47,50.23
C047,S389,Medium,Warm,18-24,5,IMG_389.png,Berry,Neutral,Glossy,37.98,38.26,-5.12,352.38,79.83,35.73
C047,S496,Medium,Warm,18-24,6,IMG_496.png,Orange,Neutral,Satin,63.61,26.61,43.06,58.29,94.45,62.31
C047,S031,Medium,Warm,18-24,4,IMG_031.png,Plum,Neutral,Satin,29.74,29.53,-15.0,333.07,69.1,34.0
C047,S317,Medium,Warm,18-24,8,IMG_317.png,Nude,Warm,Glossy,49.49,17.95,18.57,45.98,72.61,52.36
C047,S409,Medium,Warm,18-24,5,IMG_409.png,Red,Neutral,Glossy,41.5,45.1,20.21,24.14,94.06,40.62
C047,S491,Medium,Warm,18-24,5,IMG_491.png,Coral,Cool,Matte,63.93,27.99,18.86,33.97,73.98,62.27
C047,S492,Medium,Warm,18-24,9,IMG_492.png,Mauve,Warm,Glossy,55.1,22.72,7.8,18.95,61.46,53.01
C047,S281,Medium,Warm,18-24,6,IMG_281.png,Orange,Warm,Matte,60.83,29.03,43.83,56.48,100.0,60.4
C047,S357,Medium,Warm,18-24,5,IMG_357.png,Brown,Cool,Matte,26.54,8.39,10.47,51.3,56.74,27.15
C047,S077,Medium,Warm,18-24,7,IMG_077.png,Mauve,Warm,Matte,41.89,27.69,3.2,6.6,63.54,42.78
C047,S462,Medium,Warm,18-24,6,IMG_462.png,Orange,Cool,Matte,62.73,31.4,31.55,45.13,93.64,64.55
C047,S498,Medium,Warm,18-24,5,IMG_498.png,Pink,Neutral,Matte,62.17,31.28,11.43,20.08,85.25,62.51
C047,S212,Medium,Warm,18-24,6,IMG_212.png,Plum,Cool,Matte,36.22,24.36,-15.0,328.38,59.84,36.7
C047,S102,Medium,Warm,18-24,5,IMG_102.png,Orange,Neutral,Satin,67.72,35.5,37.34,46.45,90.45,67.09
C047,S335,Medium,Warm,18-24,6,IMG_335.png,Orange,Neutral,Glossy,65.14,24.44,42.18,59.91,99.55,65.56
C047,S476,Medium,Warm,18-24,9,IMG_476.png,Mauve,Warm,Matte,60.59,26.41,8.59,18.01,68.95,60.25
C047,S337,Medium,Warm,18-24,5,IMG_337.png,Pink,Neutral,Satin,60.41,30.57,8.81,16.07,80.2,58.23
C047,S441,Medium,Warm,18-24,7,IMG_441.png,Coral,Neutral,Satin,50.89,43.17,19.48,24.29,96.73,50.39
C047,S174,Medium,Warm,18-24,5,IMG_174.png,Coral,Cool,Matte,60.02,33.42,19.58,30.36,79.89,60.94
C047,S003,Medium,Warm,18-24,6,IMG_003.png,Nude,Cool,Glossy,61.7,15.08,5.74,20.85,56.97,60.84
C047,S334,Medium,Warm,18-24,7,IMG_334.png,Pink,Warm,Glossy,53.81,29.68,12.52,22.87,80.21,54.8
C047,S410,Medium,Warm,18-24,5,IMG_410.png,Pink,Cool,Glossy,72.37,34.7,6.55,10.69,81.42,73.34
C047,S071,Medium,Warm,18-24,8,IMG_071.png,Mauve,Warm,Matte,46.67,24.65,9.83,21.74,65.36,48.47
C047,S210,Medium,Warm,18-24,8,IMG_210.png,Mauve,Neutral,Satin,48.16,28.2,0.31,0.63,72.26,47.88
C047,S064,Medium,Warm,18-24,5,IMG_064.png,Nude,Neutral,Matte,57.68,8.49,1.18,7.9,46.71,62.52
C047,S385,Medium,Warm,18-24,7,IMG_385.png,Berry,Warm,Satin,54.08,40.96,-4.88,353.21,89.28,56.18
C047,S094,Medium,Warm,18-24,6,IMG_094.png,Nude,Cool,Matte,52.28,4.76,16.16,73.58,53.43,48.56
C047,S486,Medium,Warm,18-24,5,IMG_486.png,Coral,Cool,Satin,56.54,36.42,21.42,30.47,88.45,57.18
C047,S186,Medium,Warm,18-24,5,IMG_186.png,Plum,Neutral,Satin,36.97,30.89,-11.08,340.27,75.99,35.73
C047,S034,Medium,Warm,18-24,8,IMG_034.png,Mauve,Cool,Matte,54.83,30.06,0.19,0.36,73.34,54.83
C047,S078,Medium,Warm,18-24,6,IMG_078.png,Plum,Warm,Satin,39.28,31.21,-5.96,349.19,72.75,39.35
C047,S001,Medium,Warm,18-24,5,IMG_001.png,Nude,Neutral,Glossy,67.64,6.24,9.49,56.65,53.13,67.01
C047,S012,Medium,Warm,18-24,5,IMG_012.png,Pink,Neutral,Matte,57.46,29.6,-0.44,359.15,65.33,54.81
C047,S416,Medium,Warm,18-24,7,IMG_416.png,Berry,Cool,Glossy,44.52,42.13,-10.82,345.6,74.33,43.28
C047,S023,Medium,Warm,18-24,8,IMG_023.png,Pink,Warm,Glossy,59.29,31.43,20.39,32.97,79.16,61.5
C048,S362,Medium,Warm,18-24,7,IMG_362.png,Coral,Warm,Glossy,44.59,39.79,42.75,47.06,100.0,42.55
C048,S074,Medium,Warm,18-24,7,IMG_074.png,Brown,Warm,Satin,33.57,18.57,30.19,58.4,74.8,34.04
C048,S375,Medium,Warm,18-24,5,IMG_375.png,Mauve,Warm,Matte,48.6,21.85,14.88,34.26,58.85,46.15
C048,S156,Medium,Warm,18-24,4,IMG_156.png,Berry,Cool,Matte,49.66,32.99,2.37,4.12,81.61,49.8
C048,S105,Medium,Warm,18-24,5,IMG_105.png,Orange,Neutral,Satin,43.96,31.98,45.0,54.6,95.09,43.2
C048,S395,Medium,Warm,18-24,4,IMG_395.png,Pink,Neutral,Matte,63.76,31.9,3.06,5.49,67.76,62.34
C048,S378,Medium,Warm,18-24,4,IMG_378.png,Plum,Cool,Satin,34.57,36.3,-11.39,342.58,79.39,34.97
C048,S125,Medium,Warm,18-24,6,IMG_125.png,Brown,Warm,Satin,37.1,19.35,27.23,54.6,83.32,36.88
C048,S069,Medium,Warm,18-24,8,IMG_069.png,Mauve,Warm,Satin,50.92,23.73,4.49,10.72,61.53,52.34
C048,S451,Medium,Warm,18-24,6,IMG_451.png,Berry,Warm,Satin,46.36,43.95,-0.07,359.91,87.49,43.78
C048,S010,Medium,Warm,18-24,5,IMG_010.png,Orange,Cool,Matte,64.14,27.86,33.47,50.22,86.36,65.06
C048,S195,Medium,Warm,18-24,5,IMG_195.png,Plum,Warm,Matte,30.1,24.27,-9.32,338.99,62.78,30.42
C048,S407,Medium,Warm,18-24,6,IMG_407.png,Coral,Cool,Matte,45.34,34.17,21.6,32.3,88.31,44.23
C048,S085,Medium,Warm,18-24,6,IMG_085.png,Orange,Warm,Satin,44.61,33.92,42.86,51.64,93.54,46.28
C048,S372,Medium,Warm,18-24,8,IMG_372.png,Berry,Neutral,Satin,51.76,37.7,9.95,14.78,80.47,50.23
C048,S389,Medium,Warm,18-24,5,IMG_389.png,Berry,Neutral,Glossy,37.98,38.26,-5.12,352.38,79.83,35.73
C048,S496,Medium,Warm,18-24,7,IMG_496.png,Orange,Neutral,Satin,63.61,26.61,43.06,58.29,94.45,62.31
C048,S031,Medium,Warm,18-24,4,IMG_031.png,Plum,Neutral,Satin,29.74,29.53,-15.0,333.07,69.1,34.0
C048,S317,Medium,Warm,18-24,9,IMG_317.png,Nude,Warm,Glossy,49.49,17.95,18.57,45.98,72.61,52.36
C048,S409,Medium,Warm,18-24,6,IMG_409.png,Red,Neutral,Glossy,41.5,45.1,20.21,24.14,94.06,40.62
C048,S491,Medium,Warm,18-24,5,IMG_491.png,Coral,Cool,Matte,63.93,27.99,18.86,33.97,73.98,62.27
C048,S492,Medium,Warm,18-24,7,IMG_492.png,Mauve,Warm,Glossy,55.1,22.72,7.8,18.95,61.46,53.01
C048,S281,Medium,Warm,18-24,6,IMG_281.png,Orange,Warm,Matte,60.83,29.03,43.83,56.48,100.0,60.4
C048,S357,Medium,Warm,18-24,2,IMG_357.png,Brown,Cool,Matte,26.54,8.39,10.47,51.3,56.74,27.15
C048,S077,Medium,Warm,18-24,4,IMG_077.png,Mauve,Warm,Matte,41.89,27.69,3.2,6.6,63.54,42.78
C048,S462,Medium,Warm,18-24,6,IMG_462.png,Orange,Cool,Matte,62.73,31.4,31.55,45.13,93.64,64.55
C048,S498,Medium,Warm,18-24,7,IMG_498.png,Pink,Neutral,Matte,62.17,31.28,11.43,20.08,85.25,62.51
C048,S212,Medium,Warm,18-24,6,IMG_212.png,Plum,Cool,Matte,36.22,24.36,-15.0,328.38,59.84,36.7
C048,S102,Medium,Warm,18-24,5,IMG_102.png,Orange,Neutral,Satin,67.72,35.5,37.34,46.45,90.45,67.09
C048,S335,Medium,Warm,18-24,4,IMG_335.png,Orange,Neutral,Glossy,65.14,24.44,42.18,59.91,99.55,65.56
C048,S476,Medium,Warm,18-24,6,IMG_476.png,Mauve,Warm,Matte,60.59,26.41,8.59,18.01,68.95,60.25
C048,S337,Medium,Warm,18-24,6,IMG_337.png,Pink,Neutral,Satin,60.41,30.57,8.81,16.07,80.2,58.23
C048,S441,Medium,Warm,18-24,6,IMG_441.png,Coral,Neutral,Satin,50.89,43.17,19.48,24.29,96.73,50.39
C048,S174,Medium,Warm,18-24,7,IMG_174.png,Coral,Cool,Matte,60.02,33.42,19.58,30.36,79.89,60.94
C048,S003,Medium,Warm,18-24,8,IMG_003.png,Nude,Cool,Glossy,61.7,15.08,5.74,20.85,56.97,60.84
C048,S334,Medium,Warm,18-24,8,IMG_334.png,Pink,Warm,Glossy,53.81,29.68,12.52,22.87,80.21,54.8
C048,S410,Medium,Warm,18-24,4,IMG_410.png,Pink,Cool,Glossy,72.37,34.7,6.55,10.69,81.42,73.34
C048,S071,Medium,Warm,18-24,6,IMG_071.png,Mauve,Warm,Matte,46.67,24.65,9.83,21.74,65.36,48.47
C048,S210,Medium,Warm,18-24,7,IMG_210.png,Mauve,Neutral,Satin,48.16,28.2,0.31,0.63,72.26,47.88
C048,S064,Medium,Warm,18-24,7,IMG_064.png,Nude,Neutral,Matte,57.68,8.49,1.18,7.9,46.71,62.52
C048,S385,Medium,Warm,18-24,7,IMG_385.png,Berry,Warm,Satin,54.08,40.96,-4.88,353.21,89.28,56.18
C048,S094,Medium,Warm,18-24,8,IMG_094.png,Nude,Cool,Matte,52.28,4.76,16.16,73.58,53.43,48.56
C048,S486,Medium,Warm,18-24,5,IMG_486.png,Coral,Cool,Satin,56.54,36.42,21.42,30.47,88.45,57.18
C048,S186,Medium,Warm,18-24,5,IMG_186.png,Plum,Neutral,Satin,36.97,30.89,-11.08,340.27,75.99,35.73
C048,S034,Medium,Warm,18-24,5,IMG_034.png,Mauve,Cool,Matte,54.83,30.06,0.19,0.36,73.34,54.83
C048,S078,Medium,Warm,18-24,7,IMG_078.png,Plum,Warm,Satin,39.28,31.21,-5.96,349.19,72.75,39.35
C048,S001,Medium,Warm,18-24,6,IMG_001.png,Nude,Neutral,Glossy,67.64,6.24,9.49,56.65,53.13,67.01
C048,S012,Medium,Warm,18-24,7,IMG_012.png,Pink,Neutral,Matte,57.46,29.6,-0.44,359.15,65.33,54.81
C048,S416,Medium,Warm,18-24,5,IMG_416.png,Berry,Cool,Glossy,44.52,42.13,-10.82,345.6,74.33,43.28
C048,S023,Medium,Warm,18-24,7,IMG_023.png,Pink,Warm,Glossy,59.29,31.43,20.39,32.97,79.16,61.5
C049,S362,Tan,Warm,25-34,8,IMG_362.png,Coral,Warm,Glossy,44.59,39.79,42.75,47.06,100.0,42.55
C049,S074,Tan,Warm,25-34,7,IMG_074.png,Brown,Warm,Satin,33.57,18.57,30.19,58.4,74.8,34.04
C049,S375,Tan,Warm,25-34,7,IMG_375.png,Mauve,Warm,Matte,48.6,21.85,14.88,34.26,58.85,46.15
C049,S156,Tan,Warm,25-34,6,IMG_156.png,Berry,Cool,Matte,49.66,32.99,2.37,4.12,81.61,49.8
C049,S105,Tan,Warm,25-34,6,IMG_105.png,Orange,Neutral,Satin,43.96,31.98,45.0,54.6,95.09,43.2
C049,S395,Tan,Warm,25-34,5,IMG_395.png,Pink,Neutral,Matte,63.76,31.9,3.06,5.49,67.76,62.34
C049,S378,Tan,Warm,25-34,4,IMG_378.png,Plum,Cool,Satin,34.57,36.3,-11.39,342.58,79.39,34.97
C049,S125,Tan,Warm,25-34,6,IMG_125.png,Brown,Warm,Satin,37.1,19.35,27.23,54.6,83.32,36.88
C049,S069,Tan,Warm,25-34,8,IMG_069.png,Mauve,Warm,Satin,50.92,23.73,4.49,10.72,61.53,52.34
C049,S451,Tan,Warm,25-34,7,IMG_451.png,Berry,Warm,Satin,46.36,43.95,-0.07,359.91,87.49,43.78
C049,S010,Tan,Warm,25-34,5,IMG_010.png,Orange,Cool,Matte,64.14,27.86,33.47,50.22,86.36,65.06
C049,S195,Tan,Warm,25-34,6,IMG_195.png,Plum,Warm,Matte,30.1,24.27,-9.32,338.99,62.78,30.42
C049,S407,Tan,Warm,25-34,7,IMG_407.png,Coral,Cool,Matte,45.34,34.17,21.6,32.3,88.31,44.23
C049,S085,Tan,Warm,25-34,6,IMG_085.png,Orange,Warm,Satin,44.61,33.92,42.86,51.64,93.54,46.28
C049,S372,Tan,Warm,25-34,6,IMG_372.png,Berry,Neutral,Satin,51.76,37.7,9.95,14.78,80.47,50.23
C049,S389,Tan,Warm,25-34,7,IMG_389.png,Berry,Neutral,Glossy,37.98,38.26,-5.12,352.38,79.83,35.73
C049,S496,Tan,Warm,25-34,4,IMG_496.png,Orange,Neutral,Satin,63.61,26.61,43.06,58.29,94.45,62.31
C049,S031,Tan,Warm,25-34,5,IMG_031.png,Plum,Neutral,Satin,29.74,29.53,-15.0,333.07,69.1,34.0
C049,S317,Tan,Warm,25-34,6,IMG_317.png,Nude,Warm,Glossy,49.49,17.95,18.57,45.98,72.61,52.36
C049,S409,Tan,Warm,25-34,7,IMG_409.png,Red,Neutral,Glossy,41.5,45.1,20.21,24.14,94.06,40.62
C049,S491,Tan,Warm,25-34,6,IMG_491.png,Coral,Cool,Matte,63.93,27.99,18.86,33.97,73.98,62.27
C049,S492,Tan,Warm,25-34,6,IMG_492.png,Mauve,Warm,Glossy,55.1,22.72,7.8,18.95,61.46,53.01
C049,S281,Tan,Warm,25-34,6,IMG_281.png,Orange,Warm,Matte,60.83,29.03,43.83,56.48,100.0,60.4
C049,S357,Tan,Warm,25-34,4,IMG_357.png,Brown,Cool,Matte,26.54,8.39,10.47,51.3,56.74,27.15
C049,S077,Tan,Warm,25-34,6,IMG_077.png,Mauve,Warm,Matte,41.89,27.69,3.2,6.6,63.54,42.78
C049,S462,Tan,Warm,25-34,4,IMG_462.png,Orange,Cool,Matte,62.73,31.4,31.55,45.13,93.64,64.55
C049,S498,Tan,Warm,25-34,4,IMG_498.png,Pink,Neutral,Matte,62.17,31.28,11.43,20.08,85.25,62.51
C049,S212,Tan,Warm,25-34,6,IMG_212.png,Plum,Cool,Matte,36.22,24.36,-15.0,328.38,59.84,36.7
C049,S102,Tan,Warm,25-34,4,IMG_102.png,Orange,Neutral,Satin,67.72,35.5,37.34,46.45,90.45,67.09
C049,S335,Tan,Warm,25-34,5,IMG_335.png,Orange,Neutral,Glossy,65.14,24.44,42.18,59.91,99.55,65.56
C049,S476,Tan,Warm,25-34,6,IMG_476.png,Mauve,Warm,Matte,60.59,26.41,8.59,18.01,68.95,60.25
C049,S337,Tan,Warm,25-34,6,IMG_337.png,Pink,Neutral,Satin,60.41,30.57,8.81,16.07,80.2,58.23
C049,S441,Tan,Warm,25-34,7,IMG_441.png,Coral,Neutral,Satin,50.89,43.17,19.48,24.29,96.73,50.39
C049,S174,Tan,Warm,25-34,7,IMG_174.png,Coral,Cool,Matte,60.02,33.42,19.58,30.36,79.89,60.94
C049,S003,Tan,Warm,25-34,5,IMG_003.png,Nude,Cool,Glossy,61.7,15.08,5.74,20.85,56.97,60.84
C049,S334,Tan,Warm,25-34,9,IMG_334.png,Pink,Warm,Glossy,53.81,29.68,12.52,22.87,80.21,54.8
C049,S410,Tan,Warm,25-34,5,IMG_410.png,Pink,Cool,Glossy,72.37,34.7,6.55,10.69,81.42,73.34
C049,S071,Tan,Warm,25-34,7,IMG_071.png,Mauve,Warm,Matte,46.67,24.65,9.83,21.74,65.36,48.47
C049,S210,Tan,Warm,25-34,7,IMG_210.png,Mauve,Neutral,Satin,48.16,28.2,0.31,0.63,72.26,47.88
C049,S064,Tan,Warm,25-34,7,IMG_064.png,Nude,Neutral,Matte,57.68,8.49,1.18,7.9,46.71,62.52
C049,S385,Tan,Warm,25-34,6,IMG_385.png,Berry,Warm,Satin,54.08,40.96,-4.88,353.21,89.28,56.18
C049,S094,Tan,Warm,25-34,5,IMG_094.png,Nude,Cool,Matte,52.28,4.76,16.16,73.58,53.43,48.56
C049,S486,Tan,Warm,25-34,7,IMG_486.png,Coral,Cool,Satin,56.54,36.42,21.42,30.47,88.45,57.18
C049,S186,Tan,Warm,25-34,5,IMG_186.png,Plum,Neutral,Satin,36.97,30.89,-11.08,340.27,75.99,35.73
C049,S034,Tan,Warm,25-34,5,IMG_034.png,Mauve,Cool,Matte,54.83,30.06,0.19,0.36,73.34,54.83
C049,S078,Tan,Warm,25-34,6,IMG_078.png,Plum,Warm,Satin,39.28,31.21,-5.96,349.19,72.75,39.35
C049,S001,Tan,Warm,25-34,6,IMG_001.png,Nude,Neutral,Glossy,67.64,6.24,9.49,56.65,53.13,67.01
C049,S012,Tan,Warm,25-34,5,IMG_012.png,Pink,Neutral,Matte,57.46,29.6,-0.44,359.15,65.33,54.81
C049,S416,Tan,Warm,25-34,6,IMG_416.png,Berry,Cool,Glossy,44.52,42.13,-10.82,345.6,74.33,43.28
C049,S023,Tan,Warm,25-34,7,IMG_023.png,Pink,Warm,Glossy,59.29,31.43,20.39,32.97,79.16,61.5
C050,S362,Tan,Cool,18-24,6,IMG_362.png,Coral,Warm,Glossy,44.59,39.79,42.75,47.06,100.0,42.55
C050,S074,Tan,Cool,18-24,4,IMG_074.png,Brown,Warm,Satin,33.57,18.57,30.19,58.4,74.8,34.04
C050,S375,Tan,Cool,18-24,5,IMG_375.png,Mauve,Warm,Matte,48.6,21.85,14.88,34.26,58.85,46.15
C050,S156,Tan,Cool,18-24,8,IMG_156.png,Berry,Cool,Matte,49.66,32.99,2.37,4.12,81.61,49.8
C050,S105,Tan,Cool,18-24,6,IMG_105.png,Orange,Neutral,Satin,43.96,31.98,45.0,54.6,95.09,43.2
C050,S395,Tan,Cool,18-24,5,IMG_395.png,Pink,Neutral,Matte,63.76,31.9,3.06,5.49,67.76,62.34
C050,S378,Tan,Cool,18-24,5,IMG_378.png,Plum,Cool,Satin,34.57,36.3,-11.39,342.58,79.39,34.97
C050,S125,Tan,Cool,18-24,6,IMG_125.png,Brown,Warm,Satin,37.1,19.35,27.23,54.6,83.32,36.88
C050,S069,Tan,Cool,18-24,6,IMG_069.png,Mauve,Warm,Satin,50.92,23.73,4.49,10.72,61.53,52.34
C050,S451,Tan,Cool,18-24,8,IMG_451.png,Berry,Warm,Satin,46.36,43.95,-0.07,359.91,87.49,43.78
C050,S010,Tan,Cool,18-24,7,IMG_010.png,Orange,Cool,Matte,64.14,27.86,33.47,50.22,86.36,65.06
C050,S195,Tan,Cool,18-24,4,IMG_195.png,Plum,Warm,Matte,30.1,24.27,-9.32,338.99,62.78,30.42
C050,S407,Tan,Cool,18-24,7,IMG_407.png,Coral,Cool,Matte,45.34,34.17,21.6,32.3,88.31,44.23
C050,S085,Tan,Cool,18-24,6,IMG_085.png,Orange,Warm,Satin,44.61,33.92,42.86,51.64,93.54,46.28
C050,S372,Tan,Cool,18-24,7,IMG_372.png,Berry,Neutral,Satin,51.76,37.7,9.95,14.78,80.47,50.23
C050,S389,Tan,Cool,18-24,7,IMG_389.png,Berry,Neutral,Glossy,37.98,38.26,-5.12,352.38,79.83,35.73
C050,S496,Tan,Cool,18-24,4,IMG_496.png,Orange,Neutral,Satin,63.61,26.61,43.06,58.29,94.45,62.31
C050,S031,Tan,Cool,18-24,3,IMG_031.png,Plum,Neutral,Satin,29.74,29.53,-15.0,333.07,69.1,34.0
C050,S317,Tan,Cool,18-24,5,IMG_317.png,Nude,Warm,Glossy,49.49,17.95,18.57,45.98,72.61,52.36
C050,S409,Tan,Cool,18-24,6,IMG_409.png,Red,Neutral,Glossy,41.5,45.1,20.21,24.14,94.06,40.62
C050,S491,Tan,Cool,18-24,6,IMG_491.png,Coral,Cool,Matte,63.93,27.99,18.86,33.97,73.98,62.27
C050,S492,Tan,Cool,18-24,6,IMG_492.png,Mauve,Warm,Glossy,55.1,22.72,7.8,18.95,61.46,53.01
C050,S281,Tan,Cool,18-24,7,IMG_281.png,Orange,Warm,Matte,60.83,29.03,43.83,56.48,100.0,60.4
C050,S357,Tan,Cool,18-24,6,IMG_357.png,Brown,Cool,Matte,26.54,8.39,10.47,51.3,56.74,27.15
C050,S077,Tan,Cool,18-24,7,IMG_077.png,Mauve,Warm,Matte,41.89,27.69,3.2,6.6,63.54,42.78
C050,S462,Tan,Cool,18-24,7,IMG_462.png,Orange,Cool,Matte,62.73,31.4,31.55,45.13,93.64,64.55
C050,S498,Tan,Cool,18-24,7,IMG_498.png,Pink,Neutral,Matte,62.17,31.28,11.43,20.08,85.25,62.51
C050,S212,Tan,Cool,18-24,8,IMG_212.png,Plum,Cool,Matte,36.22,24.36,-15.0,328.38,59.84,36.7
C050,S102,Tan,Cool,18-24,6,IMG_102.png,Orange,Neutral,Satin,67.72,35.5,37.34,46.45,90.45,67.09
C050,S335,Tan,Cool,18-24,6,IMG_335.png,Orange,Neutral,Glossy,65.14,24.44,42.18,59.91,99.55,65.56
C050,S476,Tan,Cool,18-24,5,IMG_476.png,Mauve,Warm,Matte,60.59,26.41,8.59,18.01,68.95,60.25
C050,S337,Tan,Cool,18-24,5,IMG_337.png,Pink,Neutral,Satin,60.41,30.57,8.81,16.07,80.2,58.23
C050,S441,Tan,Cool,18-24,6,IMG_441.png,Coral,Neutral,Satin,50.89,43.17,19.48,24.29,96.73,50.39
C050,S174,Tan,Cool,18-24,7,IMG_174.png,Coral,Cool,Matte,60.02,33.42,19.58,30.36,79.89,60.94
C050,S003,Tan,Cool,18-24,6,IMG_003.png,Nude,Cool,Glossy,61.7,15.08,5.74,20.85,56.97,60.84
C050,S334,Tan,Cool,18-24,5,IMG_334.png,Pink,Warm,Glossy,53.81,29.68,12.52,22.87,80.21,54.8
C050,S410,Tan,Cool,18-24,3,IMG_410.png,Pink,Cool,Glossy,72.37,34.7,6.55,10.69,81.42,73.34
C050,S071,Tan,Cool,18-24,7,IMG_071.png,Mauve,Warm,Matte,46.67,24.65,9.83,21.74,65.36,48.47
C050,S210,Tan,Cool,18-24,6,IMG_210.png,Mauve,Neutral,Satin,48.16,28.2,0.31,0.63,72.26,47.88
C050,S064,Tan,Cool,18-24,6,IMG_064.png,Nude,Neutral,Matte,57.68,8.49,1.18,7.9,46.71,62.52
C050,S385,Tan,Cool,18-24,8,IMG_385.png,Berry,Warm,Satin,54.08,40.96,-4.88,353.21,89.28,56.18
C050,S094,Tan,Cool,18-24,7,IMG_094.png,Nude,Cool,Matte,52.28,4.76,16.16,73.58,53.43,48.56
C050,S486,Tan,Cool,18-24,8,IMG_486.png,Coral,Cool,Satin,56.54,36.42,21.42,30.47,88.45,57.18
C050,S186,Tan,Cool,18-24,5,IMG_186.png,Plum,Neutral,Satin,36.97,30.89,-11.08,340.27,75.99,35.73
C050,S034,Tan,Cool,18-24,9,IMG_034.png,Mauve,Cool,Matte,54.83,30.06,0.19,0.36,73.34,54.83
C050,S078,Tan,Cool,18-24,6,IMG_078.png,Plum,Warm,Satin,39.28,31.21,-5.96,349.19,72.75,39.35
C050,S001,Tan,Cool,18-24,5,IMG_001.png,Nude,Neutral,Glossy,67.64,6.24,9.49,56.65,53.13,67.01
C050,S012,Tan,Cool,18-24,7,IMG_012.png,Pink,Neutral,Matte,57.46,29.6,-0.44,359.15,65.33,54.81
C050,S416,Tan,Cool,18-24,8,IMG_416.png,Berry,Cool,Glossy,44.52,42.13,-10.82,345.6,74.33,43.28
C050,S023,Tan,Cool,18-24,5,IMG_023.png,Pink,Warm,Glossy,59.29,31.43,20.39,32.97,79.16,61.5
C051,S362,Fair,Warm,25-34,7,IMG_362.png,Coral,Warm,Glossy,44.59,39.79,42.75,47.06,100.0,42.55
C051,S074,Fair,Warm,25-34,4,IMG_074.png,Brown,Warm,Satin,33.57,18.57,30.19,58.4,74.8,34.04
C051,S375,Fair,Warm,25-34,7,IMG_375.png,Mauve,Warm,Matte,48.6,21.85,14.88,34.26,58.85,46.15
C051,S156,Fair,Warm,25-34,7,IMG_156.png,Berry,Cool,Matte,49.66,32.99,2.37,4.12,81.61,49.8
C051,S105,Fair,Warm,25-34,7,IMG_105.png,Orange,Neutral,Satin,43.96,31.98,45.0,54.6,95.09,43.2
C051,S395,Fair,Warm,25-34,5,IMG_395.png,Pink,Neutral,Matte,63.76,31.9,3.06,5.49,67.76,62.34
C051,S378,Fair,Warm,25-34,6,IMG_378.png,Plum,Cool,Satin,34.57,36.3,-11.39,342.58,79.39,34.97
C051,S125,Fair,Warm,25-34,5,IMG_125.png,Brown,Warm,Satin,37.1,19.35,27.23,54.6,83.32,36.88
C051,S069,Fair,Warm,25-34,6,IMG_069.png,Mauve,Warm,Satin,50.92,23.73,4.49,10.72,61.53,52.34
C051,S451,Fair,Warm,25-34,7,IMG_451.png,Berry,Warm,Satin,46.36,43.95,-0.07,359.91,87.49,43.78
C051,S010,Fair,Warm,25-34,5,IMG_010.png,Orange,Cool,Matte,64.14,27.86,33.47,50.22,86.36,65.06
C051,S195,Fair,Warm,25-34,6,IMG_195.png,Plum,Warm,Matte,30.1,24.27,-9.32,338.99,62.78,30.42
C051,S407,Fair,Warm,25-34,4,IMG_407.png,Coral,Cool,Matte,45.34,34.17,21.6,32.3,88.31,44.23
C051,S085,Fair,Warm,25-34,7,IMG_085.png,Orange,Warm,Satin,44.61,33.92,42.86,51.64,93.54,46.28
C051,S372,Fair,Warm,25-34,7,IMG_372.png,Berry,Neutral,Satin,51.76,37.7,9.95,14.78,80.47,50.23
C051,S389,Fair,Warm,25-34,5,IMG_389.png,Berry,Neutral,Glossy,37.98,38.26,-5.12,352.38,79.83,35.73
C051,S496,Fair,Warm,25-34,6,IMG_496.png,Orange,Neutral,Satin,63.61,26.61,43.06,58.29,94.45,62.31
C051,S031,Fair,Warm,25-34,5,IMG_031.png,Plum,Neutral,Satin,29.74,29.53,-15.0,333.07,69.1,34.0
C051,S317,Fair,Warm,25-34,6,IMG_317.png,Nude,Warm,Glossy,49.49,17.95,18.57,45.98,72.61,52.36
C051,S409,Fair,Warm,25-34,5,IMG_409.png,Red,Neutral,Glossy,41.5,45.1,20.21,24.14,94.06,40.62
C051,S491,Fair,Warm,25-34,7,IMG_491.png,Coral,Cool,Matte,63.93,27.99,18.86,33.97,73.98,62.27
C051,S492,Fair,Warm,25-34,8,IMG_492.png,Mauve,Warm,Glossy,55.1,22.72,7.8,18.95,61.46,53.01
C051,S281,Fair,Warm,25-34,7,IMG_281.png,Orange,Warm,Matte,60.83,29.03,43.83,56.48,100.0,60.4
C051,S357,Fair,Warm,25-34,4,IMG_357.png,Brown,Cool,Matte,26.54,8.39,10.47,51.3,56.74,27.15
C051,S077,Fair,Warm,25-34,6,IMG_077.png,Mauve,Warm,Matte,41.89,27.69,3.2,6.6,63.54,42.78
C051,S462,Fair,Warm,25-34,6,IMG_462.png,Orange,Cool,Matte,62.73,31.4,31.55,45.13,93.64,64.55
C051,S498,Fair,Warm,25-34,5,IMG_498.png,Pink,Neutral,Matte,62.17,31.28,11.43,20.08,85.25,62.51
C051,S212,Fair,Warm,25-34,4,IMG_212.png,Plum,Cool,Matte,36.22,24.36,-15.0,328.38,59.84,36.7
C051,S102,Fair,Warm,25-34,5,IMG_102.png,Orange,Neutral,Satin,67.72,35.5,37.34,46.45,90.45,67.09
C051,S335,Fair,Warm,25-34,6,IMG_335.png,Orange,Neutral,Glossy,65.14,24.44,42.18,59.91,99.55,65.56
C051,S476,Fair,Warm,25-34,7,IMG_476.png,Mauve,Warm,Matte,60.59,26.41,8.59,18.01,68.95,60.25
C051,S337,Fair,Warm,25-34,7,IMG_337.png,Pink,Neutral,Satin,60.41,30.57,8.81,16.07,80.2,58.23
C051,S441,Fair,Warm,25-34,4,IMG_441.png,Coral,Neutral,Satin,50.89,43.17,19.48,24.29,96.73,50.39
C051,S174,Fair,Warm,25-34,5,IMG_174.png,Coral,Cool,Matte,60.02,33.42,19.58,30.36,79.89,60.94
C051,S003,Fair,Warm,25-34,6,IMG_003.png,Nude,Cool,Glossy,61.7,15.08,5.74,20.85,56.97,60.84
C051,S334,Fair,Warm,25-34,7,IMG_334.png,Pink,Warm,Glossy,53.81,29.68,12.52,22.87,80.21,54.8
C051,S410,Fair,Warm,25-34,4,IMG_410.png,Pink,Cool,Glossy,72.37,34.7,6.55,10.69,81.42,73.34
C051,S071,Fair,Warm,25-34,6,IMG_071.png,Mauve,Warm,Matte,46.67,24.65,9.83,21.74,65.36,48.47
C051,S210,Fair,Warm,25-34,5,IMG_210.png,Mauve,Neutral,Satin,48.16,28.2,0.31,0.63,72.26,47.88
C051,S064,Fair,Warm,25-34,6,IMG_064.png,Nude,Neutral,Matte,57.68,8.49,1.18,7.9,46.71,62.52
C051,S385,Fair,Warm,25-34,9,IMG_385.png,Berry,Warm,Satin,54.08,40.96,-4.88,353.21,89.28,56.18
C051,S094,Fair,Warm,25-34,5,IMG_094.png,Nude,Cool,Matte,52.28,4.76,16.16,73.58,53.43,48.56
C051,S486,Fair,Warm,25-34,7,IMG_486.png,Coral,Cool,Satin,56.54,36.42,21.42,30.47,88.45,57.18
C051,S186,Fair,Warm,25-34,5,IMG_186.png,Plum,Neutral,Satin,36.97,30.89,-11.08,340.27,75.99,35.73
C051,S034,Fair,Warm,25-34,5,IMG_034.png,Mauve,Cool,Matte,54.83,30.06,0.19,0.36,73.34,54.83
C051,S078,Fair,Warm,25-34,6,IMG_078.png,Plum,Warm,Satin,39.28,31.21,-5.96,349.19,72.75,39.35
C051,S001,Fair,Warm,25-34,6,IMG_001.png,Nude,Neutral,Glossy,67.64,6.24,9.49,56.65,53.13,67.01
C051,S012,Fair,Warm,25-34,7,IMG_012.png,Pink,Neutral,Matte,57.46,29.6,-0.44,359.15,65.33,54.81
C051,S416,Fair,Warm,25-34,6,IMG_416.png,Berry,Cool,Glossy,44.52,42.13,-10.82,345.6,74.33,43.28
C051,S023,Fair,Warm,25-34,8,IMG_023.png,Pink,Warm,Glossy,59.29,31.43,20.39,32.97,79.16,61.5
C052,S362,Medium,Warm,18-24,7,IMG_362.png,Coral,Warm,Glossy,44.59,39.79,42.75,47.06,100.0,42.55
C052,S074,Medium,Warm,18-24,7,IMG_074.png,Brown,Warm,Satin,33.57,18.57,30.19,58.4,74.8,34.04
C052,S375,Medium,Warm,18-24,8,IMG_375.png,Mauve,Warm,Matte,48.6,21.85,14.88,34.26,58.85,46.15
C052,S156,Medium,Warm,18-24,6,IMG_156.png,Berry,Cool,Matte,49.66,32.99,2.37,4.12,81.61,49.8
C052,S105,Medium,Warm,18-24,6,IMG_105.png,Orange,Neutral,Satin,43.96,31.98,45.0,54.6,95.09,43.2
C052,S395,Medium,Warm,18-24,6,IMG_395.png,Pink,Neutral,Matte,63.76,31.9,3.06,5.49,67.76,62.34
C052,S378,Medium,Warm,18-24,6,IMG_378.png,Plum,Cool,Satin,34.57,36.3,-11.39,342.58,79.39,34.97
C052,S125,Medium,Warm,18-24,7,IMG_125.png,Brown,Warm,Satin,37.1,19.35,27.23,54.6,83.32,36.88
C052,S069,Medium,Warm,18-24,7,IMG_069.png,Mauve,Warm,Satin,50.92,23.73,4.49,10.72,61.53,52.34
C052,S451,Medium,Warm,18-24,7,IMG_451.png,Berry,Warm,Satin,46.36,43.95,-0.07,359.91,87.49,43.78
C052,S010,Medium,Warm,18-24,5,IMG_010.png,Orange,Cool,Matte,64.14,27.86,33.47,50.22,86.36,65.06
C052,S195,Medium,Warm,18-24,6,IMG_195.png,Plum,Warm,Matte,30.1,24.27,-9.32,338.99,62.78,30.42
C052,S407,Medium,Warm,18-24,6,IMG_407.png,Coral,Cool,Matte,45.34,34.17,21.6,32.3,88.31,44.23
C052,S085,Medium,Warm,18-24,6,IMG_085.png,Orange,Warm,Satin,44.61,33.92,42.86,51.64,93.54,46.28
C052,S372,Medium,Warm,18-24,7,IMG_372.png,Berry,Neutral,Satin,51.76,37.7,9.95,14.78,80.47,50.23
C052,S389,Medium,Warm,18-24,4,IMG_389.png,Berry,Neutral,Glossy,37.98,38.26,-5.12,352.38,79.83,35.73
C052,S496,Medium,Warm,18-24,6,IMG_496.png,Orange,Neutral,Satin,63.61,26.61,43.06,58.29,94.45,62.31
C052,S031,Medium,Warm,18-24,7,IMG_031.png,Plum,Neutral,Satin,29.74,29.53,-15.0,333.07,69.1,34.0
C052,S317,Medium,Warm,18-24,5,IMG_317.png,Nude,Warm,Glossy,49.49,17.95,18.57,45.98,72.61,52.36
C052,S409,Medium,Warm,18-24,7,IMG_409.png,Red,Neutral,Glossy,41.5,45.1,20.21,24.14,94.06,40.62
C052,S491,Medium,Warm,18-24,5,IMG_491.png,Coral,Cool,Matte,63.93,27.99,18.86,33.97,73.98,62.27
C052,S492,Medium,Warm,18-24,7,IMG_492.png,Mauve,Warm,Glossy,55.1,22.72,7.8,18.95,61.46,53.01
C052,S281,Medium,Warm,18-24,7,IMG_281.png,Orange,Warm,Matte,60.83,29.03,43.83,56.48,100.0,60.4
C052,S357,Medium,Warm,18-24,5,IMG_357.png,Brown,Cool,Matte,26.54,8.39,10.47,51.3,56.74,27.15
C052,S077,Medium,Warm,18-24,7,IMG_077.png,Mauve,Warm,Matte,41.89,27.69,3.2,6.6,63.54,42.78
C052,S462,Medium,Warm,18-24,6,IMG_462.png,Orange,Cool,Matte,62.73,31.4,31.55,45.13,93.64,64.55
C052,S498,Medium,Warm,18-24,6,IMG_498.png,Pink,Neutral,Matte,62.17,31.28,11.43,20.08,85.25,62.51
C052,S212,Medium,Warm,18-24,8,IMG_212.png,Plum,Cool,Matte,36.22,24.36,-15.0,328.38,59.84,36.7
C052,S102,Medium,Warm,18-24,6,IMG_102.png,Orange,Neutral,Satin,67.72,35.5,37.34,46.45,90.45,67.09
C052,S335,Medium,Warm,18-24,7,IMG_335.png,Orange,Neutral,Glossy,65.14,24.44,42.18,59.91,99.55,65.56
C052,S476,Medium,Warm,18-24,7,IMG_476.png,Mauve,Warm,Matte,60.59,26.41,8.59,18.01,68.95,60.25
C052,S337,Medium,Warm,18-24,4,IMG_337.png,Pink,Neutral,Satin,60.41,30.57,8.81,16.07,80.2,58.23
C052,S441,Medium,Warm,18-24,8,IMG_441.png,Coral,Neutral,Satin,50.89,43.17,19.48,24.29,96.73,50.39
C052,S174,Medium,Warm,18-24,5,IMG_174.png,Coral,Cool,Matte,60.02,33.42,19.58,30.36,79.89,60.94
C052,S003,Medium,Warm,18-24,6,IMG_003.png,Nude,Cool,Glossy,61.7,15.08,5.74,20.85,56.97,60.84
C052,S334,Medium,Warm,18-24,7,IMG_334.png,Pink,Warm,Glossy,53.81,29.68,12.52,22.87,80.21,54.8
C052,S410,Medium,Warm,18-24,5,IMG_410.png,Pink,Cool,Glossy,72.37,34.7,6.55,10.69,81.42,73.34
C052,S071,Medium,Warm,18-24,6,IMG_071.png,Mauve,Warm,Matte,46.67,24.65,9.83,21.74,65.36,48.47
C052,S210,Medium,Warm,18-24,7,IMG_210.png,Mauve,Neutral,Satin,48.16,28.2,0.31,0.63,72.26,47.88
C052,S064,Medium,Warm,18-24,6,IMG_064.png,Nude,Neutral,Matte,57.68,8.49,1.18,7.9,46.71,62.52
C052,S385,Medium,Warm,18-24,8,IMG_385.png,Berry,Warm,Satin,54.08,40.96,-4.88,353.21,89.28,56.18
C052,S094,Medium,Warm,18-24,6,IMG_094.png,Nude,Cool,Matte,52.28,4.76,16.16,73.58,53.43,48.56
C052,S486,Medium,Warm,18-24,6,IMG_486.png,Coral,Cool,Satin,56.54,36.42,21.42,30.47,88.45,57.18
C052,S186,Medium,Warm,18-24,5,IMG_186.png,Plum,Neutral,Satin,36.97,30.89,-11.08,340.27,75.99,35.73
C052,S034,Medium,Warm,18-24,6,IMG_034.png,Mauve,Cool,Matte,54.83,30.06,0.19,0.36,73.34,54.83
C052,S078,Medium,Warm,18-24,8,IMG_078.png,Plum,Warm,Satin,39.28,31.21,-5.96,349.19,72.75,39.35
C052,S001,Medium,Warm,18-24,5,IMG_001.png,Nude,Neutral,Glossy,67.64,6.24,9.49,56.65,53.13,67.01
C052,S012,Medium,Warm,18-24,7,IMG_012.png,Pink,Neutral,Matte,57.46,29.6,-0.44,359.15,65.33,54.81
C052,S416,Medium,Warm,18-24,5,IMG_416.png,Berry,Cool,Glossy,44.52,42.13,-10.82,345.6,74.33,43.28
C052,S023,Medium,Warm,18-24,7,IMG_023.png,Pink,Warm,Glossy,59.29,31.43,20.39,32.97,79.16,61.5
C053,S362,Medium,Warm,25-34,8,IMG_362.png,Coral,Warm,Glossy,44.59,39.79,42.75,47.06,100.0,42.55
C053,S074,Medium,Warm,25-34,4,IMG_074.png,Brown,Warm,Satin,33.57,18.57,30.19,58.4,74.8,34.04
C053,S375,Medium,Warm,25-34,8,IMG_375.png,Mauve,Warm,Matte,48.6,21.85,14.88,34.26,58.85,46.15
C053,S156,Medium,Warm,25-34,6,IMG_156.png,Berry,Cool,Matte,49.66,32.99,2.37,4.12,81.61,49.8
C053,S105,Medium,Warm,25-34,7,IMG_105.png,Orange,Neutral,Satin,43.96,31.98,45.0,54.6,95.09,43.2
C053,S395,Medium,Warm,25-34,6,IMG_395.png,Pink,Neutral,Matte,63.76,31.9,3.06,5.49,67.76,62.34
C053,S378,Medium,Warm,25-34,6,IMG_378.png,Plum,Cool,Satin,34.57,36.3,-11.39,342.58,79.39,34.97
C053,S125,Medium,Warm,25-34,7,IMG_125.png,Brown,Warm,Satin,37.1,19.35,27.23,54.6,83.32,36.88
C053,S069,Medium,Warm,25-34,7,IMG_069.png,Mauve,Warm,Satin,50.92,23.73,4.49,10.72,61.53,52.34
C053,S451,Medium,Warm,25-34,8,IMG_451.png,Berry,Warm,Satin,46.36,43.95,-0.07,359.91,87.49,43.78
C053,S010,Medium,Warm,25-34,7,IMG_010.png,Orange,Cool,Matte,64.14,27.86,33.47,50.22,86.36,65.06
C053,S195,Medium,Warm,25-34,6,IMG_195.png,Plum,Warm,Matte,30.1,24.27,-9.32,338.99,62.78,30.42
C053,S407,Medium,Warm,25-34,5,IMG_407.png,Coral,Cool,Matte,45.34,34.17,21.6,32.3,88.31,44.23
C053,S085,Medium,Warm,25-34,8,IMG_085.png,Orange,Warm,Satin,44.61,33.92,42.86,51.64,93.54,46.28
C053,S372,Medium,Warm,25-34,7,IMG_372.png,Berry,Neutral,Satin,51.76,37.7,9.95,14.78,80.47,50.23
C053,S389,Medium,Warm,25-34,5,IMG_389.png,Berry,Neutral,Glossy,37.98,38.26,-5.12,352.38,79.83,35.73
C053,S496,Medium,Warm,25-34,6,IMG_496.png,Orange,Neutral,Satin,63.61,26.61,43.06,58.29,94.45,62.31
C053,S031,Medium,Warm,25-34,3,IMG_031.png,Plum,Neutral,Satin,29.74,29.53,-15.0,333.07,69.1,34.0
C053,S317,Medium,Warm,25-34,8,IMG_317.png,Nude,Warm,Glossy,49.49,17.95,18.57,45.98,72.61,52.36
C053,S409,Medium,Warm,25-34,5,IMG_409.png,Red,Neutral,Glossy,41.5,45.1,20.21,24.14,94.06,40.62
C053,S491,Medium,Warm,25-34,6,IMG_491.png,Coral,Cool,Matte,63.93,27.99,18.86,33.97,73.98,62.27
C053,S492,Medium,Warm,25-34,8,IMG_492.png,Mauve,Warm,Glossy,55.1,22.72,7.8,18.95,61.46,53.01
C053,S281,Medium,Warm,25-34,7,IMG_281.png,Orange,Warm,Matte,60.83,29.03,43.83,56.48,100.0,60.4
C053,S357,Medium,Warm,25-34,4,IMG_357.png,Brown,Cool,Matte,26.54,8.39,10.47,51.3,56.74,27.15
C053,S077,Medium,Warm,25-34,7,IMG_077.png,Mauve,Warm,Matte,41.89,27.69,3.2,6.6,63.54,42.78
C053,S462,Medium,Warm,25-34,7,IMG_462.png,Orange,Cool,Matte,62.73,31.4,31.55,45.13,93.64,64.55
C053,S498,Medium,Warm,25-34,7,IMG_498.png,Pink,Neutral,Matte,62.17,31.28,11.43,20.08,85.25,62.51
C053,S212,Medium,Warm,25-34,4,IMG_212.png,Plum,Cool,Matte,36.22,24.36,-15.0,328.38,59.84,36.7
C053,S102,Medium,Warm,25-34,7,IMG_102.png,Orange,Neutral,Satin,67.72,35.5,37.34,46.45,90.45,67.09
C053,S335,Medium,Warm,25-34,8,IMG_335.png,Orange,Neutral,Glossy,65.14,24.44,42.18,59.91,99.55,65.56
C053,S476,Medium,Warm,25-34,7,IMG_476.png,Mauve,Warm,Matte,60.59,26.41,8.59,18.01,68.95,60.25
C053,S337,Medium,Warm,25-34,6,IMG_337.png,Pink,Neutral,Satin,60.41,30.57,8.81,16.07,80.2,58.23
C053,S441,Medium,Warm,25-34,7,IMG_441.png,Coral,Neutral,Satin,50.89,43.17,19.48,24.29,96.73,50.39
C053,S174,Medium,Warm,25-34,6,IMG_174.png,Coral,Cool,Matte,60.02,33.42,19.58,30.36,79.89,60.94
C053,S003,Medium,Warm,25-34,6,IMG_003.png,Nude,Cool,Glossy,61.7,15.08,5.74,20.85,56.97,60.84
C053,S334,Medium,Warm,25-34,8,IMG_334.png,Pink,Warm,Glossy,53.81,29.68,12.52,22.87,80.21,54.8
C053,S410,Medium,Warm,25-34,4,IMG_410.png,Pink,Cool,Glossy,72.37,34.7,6.55,10.69,81.42,73.34
C053,S071,Medium,Warm,25-34,8,IMG_071.png,Mauve,Warm,Matte,46.67,24.65,9.83,21.74,65.36,48.47
C053,S210,Medium,Warm,25-34,7,IMG_210.png,Mauve,Neutral,Satin,48.16,28.2,0.31,0.63,72.26,47.88
C053,S064,Medium,Warm,25-34,6,IMG_064.png,Nude,Neutral,Matte,57.68,8.49,1.18,7.9,46.71,62.52
C053,S385,Medium,Warm,25-34,6,IMG_385.png,Berry,Warm,Satin,54.08,40.96,-4.88,353.21,89.28,56.18
C053,S094,Medium,Warm,25-34,6,IMG_094.png,Nude,Cool,Matte,52.28,4.76,16.16,73.58,53.43,48.56
C053,S486,Medium,Warm,25-34,6,IMG_486.png,Coral,Cool,Satin,56.54,36.42,21.42,30.47,88.45,57.18
C053,S186,Medium,Warm,25-34,4,IMG_186.png,Plum,Neutral,Satin,36.97,30.89,-11.08,340.27,75.99,35.73
C053,S034,Medium,Warm,25-34,6,IMG_034.png,Mauve,Cool,Matte,54.83,30.06,0.19,0.36,73.34,54.83
C053,S078,Medium,Warm,25-34,5,IMG_078.png,Plum,Warm,Satin,39.28,31.21,-5.96,349.19,72.75,39.35
C053,S001,Medium,Warm,25-34,6,IMG_001.png,Nude,Neutral,Glossy,67.64,6.24,9.49,56.65,53.13,67.01
C053,S012,Medium,Warm,25-34,6,IMG_012.png,Pink,Neutral,Matte,57.46,29.6,-0.44,359.15,65.33,54.81
C053,S416,Medium,Warm,25-34,4,IMG_416.png,Berry,Cool,Glossy,44.52,42.13,-10.82,345.6,74.33,43.28
C053,S023,Medium,Warm,25-34,7,IMG_023.png,Pink,Warm,Glossy,59.29,31.43,20.39,32.97,79.16,61.5
C054,S362,Medium,Cool,18-24,5,IMG_362.png,Coral,Warm,Glossy,44.59,39.79,42.75,47.06,100.0,42.55
C054,S074,Medium,Cool,18-24,5,IMG_074.png,Brown,Warm,Satin,33.57,18.57,30.19,58.4,74.8,34.04
C054,S375,Medium,Cool,18-24,6,IMG_375.png,Mauve,Warm,Matte,48.6,21.85,14.88,34.26,58.85,46.15
C054,S156,Medium,Cool,18-24,7,IMG_156.png,Berry,Cool,Matte,49.66,32.99,2.37,4.12,81.61,49.8
C054,S105,Medium,Cool,18-24,5,IMG_105.png,Orange,Neutral,Satin,43.96,31.98,45.0,54.6,95.09,43.2
C054,S395,Medium,Cool,18-24,7,IMG_395.png,Pink,Neutral,Matte,63.76,31.9,3.06,5.49,67.76,62.34
C054,S378,Medium,Cool,18-24,6,IMG_378.png,Plum,Cool,Satin,34.57,36.3,-11.39,342.58,79.39,34.97
C054,S125,Medium,Cool,18-24,5,IMG_125.png,Brown,Warm,Satin,37.1,19.35,27.23,54.6,83.32,36.88
C054,S069,Medium,Cool,18-24,6,IMG_069.png,Mauve,Warm,Satin,50.92,23.73,4.49,10.72,61.53,52.34
C054,S451,Medium,Cool,18-24,5,IMG_451.png,Berry,Warm,Satin,46.36,43.95,-0.07,359.91,87.49,43.78
C054,S010,Medium,Cool,18-24,6,IMG_010.png,Orange,Cool,Matte,64.14,27.86,33.47,50.22,86.36,65.06
C054,S195,Medium,Cool,18-24,6,IMG_195.png,Plum,Warm,Matte,30.1,24.27,-9.32,338.99,62.78,30.42
C054,S407,Medium,Cool,18-24,6,IMG_407.png,Coral,Cool,Matte,45.34,34.17,21.6,32.3,88.31,44.23
C054,S085,Medium,Cool,18-24,5,IMG_085.png,Orange,Warm,Satin,44.61,33.92,42.86,51.64,93.54,46.28
C054,S372,Medium,Cool,18-24,9,IMG_372.png,Berry,Neutral,Satin,51.76,37.7,9.95,14.78,80.47,50.23
C054,S389,Medium,Cool,18-24,6,IMG_389.png,Berry,Neutral,Glossy,37.98,38.26,-5.12,352.38,79.83,35.73
C054,S496,Medium,Cool,18-24,4,IMG_496.png,Orange,Neutral,Satin,63.61,26.61,43.06,58.29,94.45,62.31
C054,S031,Medium,Cool,18-24,5,IMG_031.png,Plum,Neutral,Satin,29.74,29.53,-15.0,333.07,69.1,34.0
C054,S317,Medium,Cool,18-24,5,IMG_317.png,Nude,Warm,Glossy,49.49,17.95,18.57,45.98,72.61,52.36
C054,S409,Medium,Cool,18-24,6,IMG_409.png,Red,Neutral,Glossy,41.5,45.1,20.21,24.14,94.06,40.62
C054,S491,Medium,Cool,18-24,6,IMG_491.png,Coral,Cool,Matte,63.93,27.99,18.86,33.97,73.98,62.27
C054,S492,Medium,Cool,18-24,6,IMG_492.png,Mauve,Warm,Glossy,55.1,22.72,7.8,18.95,61.46,53.01
C054,S281,Medium,Cool,18-24,7,IMG_281.png,Orange,Warm,Matte,60.83,29.03,43.83,56.48,100.0,60.4
C054,S357,Medium,Cool,18-24,6,IMG_357.png,Brown,Cool,Matte,26.54,8.39,10.47,51.3,56.74,27.15
C054,S077,Medium,Cool,18-24,6,IMG_077.png,Mauve,Warm,Matte,41.89,27.69,3.2,6.6,63.54,42.78
C054,S462,Medium,Cool,18-24,7,IMG_462.png,Orange,Cool,Matte,62.73,31.4,31.55,45.13,93.64,64.55
C054,S498,Medium,Cool,18-24,7,IMG_498.png,Pink,Neutral,Matte,62.17,31.28,11.43,20.08,85.25,62.51
C054,S212,Medium,Cool,18-24,7,IMG_212.png,Plum,Cool,Matte,36.22,24.36,-15.0,328.38,59.84,36.7
C054,S102,Medium,Cool,18-24,6,IMG_102.png,Orange,Neutral,Satin,67.72,35.5,37.34,46.45,90.45,67.09
C054,S335,Medium,Cool,18-24,6,IMG_335.png,Orange,Neutral,Glossy,65.14,24.44,42.18,59.91,99.55,65.56
C054,S476,Medium,Cool,18-24,7,IMG_476.png,Mauve,Warm,Matte,60.59,26.41,8.59,18.01,68.95,60.25
C054,S337,Medium,Cool,18-24,8,IMG_337.png,Pink,Neutral,Satin,60.41,30.57,8.81,16.07,80.2,58.23
C054,S441,Medium,Cool,18-24,7,IMG_441.png,Coral,Neutral,Satin,50.89,43.17,19.48,24.29,96.73,50.39
C054,S174,Medium,Cool,18-24,7,IMG_174.png,Coral,Cool,Matte,60.02,33.42,19.58,30.36,79.89,60.94
C054,S003,Medium,Cool,18-24,7,IMG_003.png,Nude,Cool,Glossy,61.7,15.08,5.74,20.85,56.97,60.84
C054,S334,Medium,Cool,18-24,7,IMG_334.png,Pink,Warm,Glossy,53.81,29.68,12.52,22.87,80.21,54.8
C054,S410,Medium,Cool,18-24,7,IMG_410.png,Pink,Cool,Glossy,72.37,34.7,6.55,10.69,81.42,73.34
C054,S071,Medium,Cool,18-24,6,IMG_071.png,Mauve,Warm,Matte,46.67,24.65,9.83,21.74,65.36,48.47
C054,S210,Medium,Cool,18-24,6,IMG_210.png,Mauve,Neutral,Satin,48.16,28.2,0.31,0.63,72.26,47.88
C054,S064,Medium,Cool,18-24,6,IMG_064.png,Nude,Neutral,Matte,57.68,8.49,1.18,7.9,46.71,62.52
C054,S385,Medium,Cool,18-24,6,IMG_385.png,Berry,Warm,Satin,54.08,40.96,-4.88,353.21,89.28,56.18
C054,S094,Medium,Cool,18-24,8,IMG_094.png,Nude,Cool,Matte,52.28,4.76,16.16,73.58,53.43,48.56
C054,S486,Medium,Cool,18-24,8,IMG_486.png,Coral,Cool,Satin,56.54,36.42,21.42,30.47,88.45,57.18
C054,S186,Medium,Cool,18-24,5,IMG_186.png,Plum,Neutral,Satin,36.97,30.89,-11.08,340.27,75.99,35.73
C054,S034,Medium,Cool,18-24,6,IMG_034.png,Mauve,Cool,Matte,54.83,30.06,0.19,0.36,73.34,54.83
C054,S078,Medium,Cool,18-24,7,IMG_078.png,Plum,Warm,Satin,39.28,31.21,-5.96,349.19,72.75,39.35
C054,S001,Medium,Cool,18-24,5,IMG_001.png,Nude,Neutral,Glossy,67.64,6.24,9.49,56.65,53.13,67.01
C054,S012,Medium,Cool,18-24,8,IMG_012.png,Pink,Neutral,Matte,57.46,29.6,-0.44,359.15,65.33,54.81
C054,S416,Medium,Cool,18-24,7,IMG_416.png,Berry,Cool,Glossy,44.52,42.13,-10.82,345.6,74.33,43.28
C054,S023,Medium,Cool,18-24,7,IMG_023.png,Pink,Warm,Glossy,59.29,31.43,20.39,32.97,79.16,61.5
C055,S362,Fair,Neutral,18-24,6,IMG_362.png,Coral,Warm,Glossy,44.59,39.79,42.75,47.06,100.0,42.55
C055,S074,Fair,Neutral,18-24,6,IMG_074.png,Brown,Warm,Satin,33.57,18.57,30.19,58.4,74.8,34.04
C055,S375,Fair,Neutral,18-24,6,IMG_375.png,Mauve,Warm,Matte,48.6,21.85,14.88,34.26,58.85,46.15
C055,S156,Fair,Neutral,18-24,6,IMG_156.png,Berry,Cool,Matte,49.66,32.99,2.37,4.12,81.61,49.8
C055,S105,Fair,Neutral,18-24,7,IMG_105.png,Orange,Neutral,Satin,43.96,31.98,45.0,54.6,95.09,43.2
C055,S395,Fair,Neutral,18-24,7,IMG_395.png,Pink,Neutral,Matte,63.76,31.9,3.06,5.49,67.76,62.34
C055,S378,Fair,Neutral,18-24,6,IMG_378.png,Plum,Cool,Satin,34.57,36.3,-11.39,342.58,79.39,34.97
C055,S125,Fair,Neutral,18-24,5,IMG_125.png,Brown,Warm,Satin,37.1,19.35,27.23,54.6,83.32,36.88
C055,S069,Fair,Neutral,18-24,5,IMG_069.png,Mauve,Warm,Satin,50.92,23.73,4.49,10.72,61.53,52.34
C055,S451,Fair,Neutral,18-24,6,IMG_451.png,Berry,Warm,Satin,46.36,43.95,-0.07,359.91,87.49,43.78
C055,S010,Fair,Neutral,18-24,6,IMG_010.png,Orange,Cool,Matte,64.14,27.86,33.47,50.22,86.36,65.06
C055,S195,Fair,Neutral,18-24,7,IMG_195.png,Plum,Warm,Matte,30.1,24.27,-9.32,338.99,62.78,30.42
C055,S407,Fair,Neutral,18-24,5,IMG_407.png,Coral,Cool,Matte,45.34,34.17,21.6,32.3,88.31,44.23
C055,S085,Fair,Neutral,18-24,6,IMG_085.png,Orange,Warm,Satin,44.61,33.92,42.86,51.64,93.54,46.28
C055,S372,Fair,Neutral,18-24,6,IMG_372.png,Berry,Neutral,Satin,51.76,37.7,9.95,14.78,80.47,50.23
C055,S389,Fair,Neutral,18-24,5,IMG_389.png,Berry,Neutral,Glossy,37.98,38.26,-5.12,352.38,79.83,35.73
C055,S496,Fair,Neutral,18-24,7,IMG_496.png,Orange,Neutral,Satin,63.61,26.61,43.06,58.29,94.45,62.31
C055,S031,Fair,Neutral,18-24,6,IMG_031.png,Plum,Neutral,Satin,29.74,29.53,-15.0,333.07,69.1,34.0
C055,S317,Fair,Neutral,18-24,6,IMG_317.png,Nude,Warm,Glossy,49.49,17.95,18.57,45.98,72.61,52.36
C055,S409,Fair,Neutral,18-24,5,IMG_409.png,Red,Neutral,Glossy,41.5,45.1,20.21,24.14,94.06,40.62
C055,S491,Fair,Neutral,18-24,6,IMG_491.png,Coral,Cool,Matte,63.93,27.99,18.86,33.97,73.98,62.27
C055,S492,Fair,Neutral,18-24,7,IMG_492.png,Mauve,Warm,Glossy,55.1,22.72,7.8,18.95,61.46,53.01
C055,S281,Fair,Neutral,18-24,6,IMG_281.png,Orange,Warm,Matte,60.83,29.03,43.83,56.48,100.0,60.4
C055,S357,Fair,Neutral,18-24,4,IMG_357.png,Brown,Cool,Matte,26.54,8.39,10.47,51.3,56.74,27.15
C055,S077,Fair,Neutral,18-24,4,IMG_077.png,Mauve,Warm,Matte,41.89,27.69,3.2,6.6,63.54,42.78
C055,S462,Fair,Neutral,18-24,7,IMG_462.png,Orange,Cool,Matte,62.73,31.4,31.55,45.13,93.64,64.55
C055,S498,Fair,Neutral,18-24,8,IMG_498.png,Pink,Neutral,Matte,62.17,31.28,11.43,20.08,85.25,62.51
C055,S212,Fair,Neutral,18-24,7,IMG_212.png,Plum,Cool,Matte,36.22,24.36,-15.0,328.38,59.84,36.7
C055,S102,Fair,Neutral,18-24,7,IMG_102.png,Orange,Neutral,Satin,67.72,35.5,37.34,46.45,90.45,67.09
C055,S335,Fair,Neutral,18-24,7,IMG_335.png,Orange,Neutral,Glossy,65.14,24.44,42.18,59.91,99.55,65.56
C055,S476,Fair,Neutral,18-24,6,IMG_476.png,Mauve,Warm,Matte,60.59,26.41,8.59,18.01,68.95,60.25
C055,S337,Fair,Neutral,18-24,7,IMG_337.png,Pink,Neutral,Satin,60.41,30.57,8.81,16.07,80.2,58.23
C055,S441,Fair,Neutral,18-24,8,IMG_441.png,Coral,Neutral,Satin,50.89,43.17,19.48,24.29,96.73,50.39
C055,S174,Fair,Neutral,18-24,7,IMG_174.png,Coral,Cool,Matte,60.02,33.42,19.58,30.36,79.89,60.94
C055,S003,Fair,Neutral,18-24,6,IMG_003.png,Nude,Cool,Glossy,61.7,15.08,5.74,20.85,56.97,60.84
C055,S334,Fair,Neutral,18-24,6,IMG_334.png,Pink,Warm,Glossy,53.81,29.68,12.52,22.87,80.21,54.8
C055,S410,Fair,Neutral,18-24,5,IMG_410.png,Pink,Cool,Glossy,72.37,34.7,6.55,10.69,81.42,73.34
C055,S071,Fair,Neutral,18-24,5,IMG_071.png,Mauve,Warm,Matte,46.67,24.65,9.83,21.74,65.36,48.47
C055,S210,Fair,Neutral,18-24,7,IMG_210.png,Mauve,Neutral,Satin,48.16,28.2,0.31,0.63,72.26,47.88
C055,S064,Fair,Neutral,18-24,7,IMG_064.png,Nude,Neutral,Matte,57.68,8.49,1.18,7.9,46.71,62.52
C055,S385,Fair,Neutral,18-24,5,IMG_385.png,Berry,Warm,Satin,54.08,40.96,-4.88,353.21,89.28,56.18
C055,S094,Fair,Neutral,18-24,5,IMG_094.png,Nude,Cool,Matte,52.28,4.76,16.16,73.58,53.43,48.56
C055,S486,Fair,Neutral,18-24,5,IMG_486.png,Coral,Cool,Satin,56.54,36.42,21.42,30.47,88.45,57.18
C055,S186,Fair,Neutral,18-24,7,IMG_186.png,Plum,Neutral,Satin,36.97,30.89,-11.08,340.27,75.99,35.73
C055,S034,Fair,Neutral,18-24,6,IMG_034.png,Mauve,Cool,Matte,54.83,30.06,0.19,0.36,73.34,54.83
C055,S078,Fair,Neutral,18-24,6,IMG_078.png,Plum,Warm,Satin,39.28,31.21,-5.96,349.19,72.75,39.35
C055,S001,Fair,Neutral,18-24,7,IMG_001.png,Nude,Neutral,Glossy,67.64,6.24,9.49,56.65,53.13,67.01
C055,S012,Fair,Neutral,18-24,7,IMG_012.png,Pink,Neutral,Matte,57.46,29.6,-0.44,359.15,65.33,54.81
C055,S416,Fair,Neutral,18-24,6,IMG_416.png,Berry,Cool,Glossy,44.52,42.13,-10.82,345.6,74.33,43.28
C055,S023,Fair,Neutral,18-24,6,IMG_023.png,Pink,Warm,Glossy,59.29,31.43,20.39,32.97,79.16,61.5
C056,S362,Tan,Cool,35-44,5,IMG_362.png,Coral,Warm,Glossy,44.59,39.79,42.75,47.06,100.0,42.55
C056,S074,Tan,Cool,35-44,5,IMG_074.png,Brown,Warm,Satin,33.57,18.57,30.19,58.4,74.8,34.04
C056,S375,Tan,Cool,35-44,5,IMG_375.png,Mauve,Warm,Matte,48.6,21.85,14.88,34.26,58.85,46.15
C056,S156,Tan,Cool,35-44,8,IMG_156.png,Berry,Cool,Matte,49.66,32.99,2.37,4.12,81.61,49.8
C056,S105,Tan,Cool,35-44,7,IMG_105.png,Orange,Neutral,Satin,43.96,31.98,45.0,54.6,95.09,43.2
C056,S395,Tan,Cool,35-44,6,IMG_395.png,Pink,Neutral,Matte,63.76,31.9,3.06,5.49,67.76,62.34
C056,S378,Tan,Cool,35-44,6,IMG_378.png,Plum,Cool,Satin,34.57,36.3,-11.39,342.58,79.39,34.97
C056,S125,Tan,Cool,35-44,6,IMG_125.png,Brown,Warm,Satin,37.1,19.35,27.23,54.6,83.32,36.88
C056,S069,Tan,Cool,35-44,5,IMG_069.png,Mauve,Warm,Satin,50.92,23.73,4.49,10.72,61.53,52.34
C056,S451,Tan,Cool,35-44,6,IMG_451.png,Berry,Warm,Satin,46.36,43.95,-0.07,359.91,87.49,43.78
C056,S010,Tan,Cool,35-44,8,IMG_010.png,Orange,Cool,Matte,64.14,27.86,33.47,50.22,86.36,65.06
C056,S195,Tan,Cool,35-44,6,IMG_195.png,Plum,Warm,Matte,30.1,24.27,-9.32,338.99,62.78,30.42
C056,S407,Tan,Cool,35-44,9,IMG_407.png,Coral,Cool,Matte,45.34,34.17,21.6,32.3,88.31,44.23
C056,S085,Tan,Cool,35-44,8,IMG_085.png,Orange,Warm,Satin,44.61,33.92,42.86,51.64,93.54,46.28
C056,S372,Tan,Cool,35-44,8,IMG_372.png,Berry,Neutral,Satin,51.76,37.7,9.95,14.78,80.47,50.23
C056,S389,Tan,Cool,35-44,6,IMG_389.png,Berry,Neutral,Glossy,37.98,38.26,-5.12,352.38,79.83,35.73
C056,S496,Tan,Cool,35-44,8,IMG_496.png,Orange,Neutral,Satin,63.61,26.61,43.06,58.29,94.45,62.31
C056,S031,Tan,Cool,35-44,4,IMG_031.png,Plum,Neutral,Satin,29.74,29.53,-15.0,333.07,69.1,34.0
C056,S317,Tan,Cool,35-44,6,IMG_317.png,Nude,Warm,Glossy,49.49,17.95,18.57,45.98,72.61,52.36
C056,S409,Tan,Cool,35-44,4,IMG_409.png,Red,Neutral,Glossy,41.5,45.1,20.21,24.14,94.06,40.62
C056,S491,Tan,Cool,35-44,5,IMG_491.png,Coral,Cool,Matte,63.93,27.99,18.86,33.97,73.98,62.27
C056,S492,Tan,Cool,35-44,6,IMG_492.png,Mauve,Warm,Glossy,55.1,22.72,7.8,18.95,61.46,53.01
C056,S281,Tan,Cool,35-44,5,IMG_281.png,Orange,Warm,Matte,60.83,29.03,43.83,56.48,100.0,60.4
C056,S357,Tan,Cool,35-44,6,IMG_357.png,Brown,Cool,Matte,26.54,8.39,10.47,51.3,56.74,27.15
C056,S077,Tan,Cool,35-44,7,IMG_077.png,Mauve,Warm,Matte,41.89,27.69,3.2,6.6,63.54,42.78
C056,S462,Tan,Cool,35-44,7,IMG_462.png,Orange,Cool,Matte,62.73,31.4,31.55,45.13,93.64,64.55
C056,S498,Tan,Cool,35-44,5,IMG_498.png,Pink,Neutral,Matte,62.17,31.28,11.43,20.08,85.25,62.51
C056,S212,Tan,Cool,35-44,6,IMG_212.png,Plum,Cool,Matte,36.22,24.36,-15.0,328.38,59.84,36.7
C056,S102,Tan,Cool,35-44,6,IMG_102.png,Orange,Neutral,Satin,67.72,35.5,37.34,46.45,90.45,67.09
C056,S335,Tan,Cool,35-44,6,IMG_335.png,Orange,Neutral,Glossy,65.14,24.44,42.18,59.91,99.55,65.56
C056,S476,Tan,Cool,35-44,5,IMG_476.png,Mauve,Warm,Matte,60.59,26.41,8.59,18.01,68.95,60.25
C056,S337,Tan,Cool,35-44,5,IMG_337.png,Pink,Neutral,Satin,60.41,30.57,8.81,16.07,80.2,58.23
C056,S441,Tan,Cool,35-44,8,IMG_441.png,Coral,Neutral,Satin,50.89,43.17,19.48,24.29,96.73,50.39
C056,S174,Tan,Cool,35-44,6,IMG_174.png,Coral,Cool,Matte,60.02,33.42,19.58,30.36,79.89,60.94
C056,S003,Tan,Cool,35-44,7,IMG_003.png,Nude,Cool,Glossy,61.7,15.08,5.74,20.85,56.97,60.84
C056,S334,Tan,Cool,35-44,5,IMG_334.png,Pink,Warm,Glossy,53.81,29.68,12.52,22.87,80.21,54.8
C056,S410,Tan,Cool,35-44,6,IMG_410.png,Pink,Cool,Glossy,72.37,34.7,6.55,10.69,81.42,73.34
C056,S071,Tan,Cool,35-44,7,IMG_071.png,Mauve,Warm,Matte,46.67,24.65,9.83,21.74,65.36,48.47
C056,S210,Tan,Cool,35-44,7,IMG_210.png,Mauve,Neutral,Satin,48.16,28.2,0.31,0.63,72.26,47.88
C056,S064,Tan,Cool,35-44,5,IMG_064.png,Nude,Neutral,Matte,57.68,8.49,1.18,7.9,46.71,62.52
C056,S385,Tan,Cool,35-44,6,IMG_385.png,Berry,Warm,Satin,54.08,40.96,-4.88,353.21,89.28,56.18
C056,S094,Tan,Cool,35-44,7,IMG_094.png,Nude,Cool,Matte,52.28,4.76,16.16,73.58,53.43,48.56
C056,S486,Tan,Cool,35-44,6,IMG_486.png,Coral,Cool,Satin,56.54,36.42,21.42,30.47,88.45,57.18
C056,S186,Tan,Cool,35-44,6,IMG_186.png,Plum,Neutral,Satin,36.97,30.89,-11.08,340.27,75.99,35.73
C056,S034,Tan,Cool,35-44,8,IMG_034.png,Mauve,Cool,Matte,54.83,30.06,0.19,0.36,73.34,54.83
C056,S078,Tan,Cool,35-44,6,IMG_078.png,Plum,Warm,Satin,39.28,31.21,-5.96,349.19,72.75,39.35
C056,S001,Tan,Cool,35-44,5,IMG_001.png,Nude,Neutral,Glossy,67.64,6.24,9.49,56.65,53.13,67.01
C056,S012,Tan,Cool,35-44,6,IMG_012.png,Pink,Neutral,Matte,57.46,29.6,-0.44,359.15,65.33,54.81
C056,S416,Tan,Cool,35-44,6,IMG_416.png,Berry,Cool,Glossy,44.52,42.13,-10.82,345.6,74.33,43.28
C056,S023,Tan,Cool,35-44,6,IMG_023.png,Pink,Warm,Glossy,59.29,31.43,20.39,32.97,79.16,61.5
C057,S362,Medium,Neutral,18-24,5,IMG_362.png,Coral,Warm,Glossy,44.59,39.79,42.75,47.06,100.0,42.55
C057,S074,Medium,Neutral,18-24,4,IMG_074.png,Brown,Warm,Satin,33.57,18.57,30.19,58.4,74.8,34.04
C057,S375,Medium,Neutral,18-24,7,IMG_375.png,Mauve,Warm,Matte,48.6,21.85,14.88,34.26,58.85,46.15
C057,S156,Medium,Neutral,18-24,6,IMG_156.png,Berry,Cool,Matte,49.66,32.99,2.37,4.12,81.61,49.8
C057,S105,Medium,Neutral,18-24,6,IMG_105.png,Orange,Neutral,Satin,43.96,31.98,45.0,54.6,95.09,43.2
C057,S395,Medium,Neutral,18-24,8,IMG_395.png,Pink,Neutral,Matte,63.76,31.9,3.06,5.49,67.76,62.34
C057,S378,Medium,Neutral,18-24,4,IMG_378.png,Plum,Cool,Satin,34.57,36.3,-11.39,342.58,79.39,34.97
C057,S125,Medium,Neutral,18-24,5,IMG_125.png,Brown,Warm,Satin,37.1,19.35,27.23,54.6,83.32,36.88
C057,S069,Medium,Neutral,18-24,7,IMG_069.png,Mauve,Warm,Satin,50.92,23.73,4.49,10.72,61.53,52.34
C057,S451,Medium,Neutral,18-24,6,IMG_451.png,Berry,Warm,Satin,46.36,43.95,-0.07,359.91,87.49,43.78
C057,S010,Medium,Neutral,18-24,4,IMG_010.png,Orange,Cool,Matte,64.14,27.86,33.47,50.22,86.36,65.06
C057,S195,Medium,Neutral,18-24,5,IMG_195.png,Plum,Warm,Matte,30.1,24.27,-9.32,338.99,62.78,30.42
C057,S407,Medium,Neutral,18-24,5,IMG_407.png,Coral,Cool,Matte,45.34,34.17,21.6,32.3,88.31,44.23
C057,S085,Medium,Neutral,18-24,7,IMG_085.png,Orange,Warm,Satin,44.61,33.92,42.86,51.64,93.54,46.28
C057,S372,Medium,Neutral,18-24,7,IMG_372.png,Berry,Neutral,Satin,51.76,37.7,9.95,14.78,80.47,50.23
C057,S389,Medium,Neutral,18-24,7,IMG_389.png,Berry,Neutral,Glossy,37.98,38.26,-5.12,352.38,79.83,35.73
C057,S496,Medium,Neutral,18-24,8,IMG_496.png,Orange,Neutral,Satin,63.61,26.61,43.06,58.29,94.45,62.31
C057,S031,Medium,Neutral,18-24,4,IMG_031.png,Plum,Neutral,Satin,29.74,29.53,-15.0,333.07,69.1,34.0
C057,S317,Medium,Neutral,18-24,6,IMG_317.png,Nude,Warm,Glossy,49.49,17.95,18.57,45.98,72.61,52.36
C057,S409,Medium,Neutral,18-24,7,IMG_409.png,Red,Neutral,Glossy,41.5,45.1,20.21,24.14,94.06,40.62
C057,S491,Medium,Neutral,18-24,4,IMG_491.png,Coral,Cool,Matte,63.93,27.99,18.86,33.97,73.98,62.27
C057,S492,Medium,Neutral,18-24,6,IMG_492.png,Mauve,Warm,Glossy,55.1,22.72,7.8,18.95,61.46,53.01
C057,S281,Medium,Neutral,18-24,6,IMG_281.png,Orange,Warm,Matte,60.83,29.03,43.83,56.48,100.0,60.4
C057,S357,Medium,Neutral,18-24,4,IMG_357.png,Brown,Cool,Matte,26.54,8.39,10.47,51.3,56.74,27.15
C057,S077,Medium,Neutral,18-24,5,IMG_077.png,Mauve,Warm,Matte,41.89,27.69,3.2,6.6,63.54,42.78
C057,S462,Medium,Neutral,18-24,6,IMG_462.png,Orange,Cool,Matte,62.73,31.4,31.55,45.13,93.64,64.55
C057,S498,Medium,Neutral,18-24,8,IMG_498.png,Pink,Neutral,Matte,62.17,31.28,11.43,20.08,85.25,62.51
C057,S212,Medium,Neutral,18-24,4,IMG_212.png,Plum,Cool,Matte,36.22,24.36,-15.0,328.38,59.84,36.7
C057,S102,Medium,Neutral,18-24,6,IMG_102.png,Orange,Neutral,Satin,67.72,35.5,37.34,46.45,90.45,67.09
C057,S335,Medium,Neutral,18-24,6,IMG_335.png,Orange,Neutral,Glossy,65.14,24.44,42.18,59.91,99.55,65.56
C057,S476,Medium,Neutral,18-24,5,IMG_476.png,Mauve,Warm,Matte,60.59,26.41,8.59,18.01,68.95,60.25
C057,S337,Medium,Neutral,18-24,8,IMG_337.png,Pink,Neutral,Satin,60.41,30.57,8.81,16.07,80.2,58.23
C057,S441,Medium,Neutral,18-24,8,IMG_441.png,Coral,Neutral,Satin,50.89,43.17,19.48,24.29,96.73,50.39
C057,S174,Medium,Neutral,18-24,4,IMG_174.png,Coral,Cool,Matte,60.02,33.42,19.58,30.36,79.89,60.94
C057,S003,Medium,Neutral,18-24,5,IMG_003.png,Nude,Cool,Glossy,61.7,15.08,5.74,20.85,56.97,60.84
C057,S334,Medium,Neutral,18-24,7,IMG_334.png,Pink,Warm,Glossy,53.81,29.68,12.52,22.87,80.21,54.8
C057,S410,Medium,Neutral,18-24,5,IMG_410.png,Pink,Cool,Glossy,72.37,34.7,6.55,10.69,81.42,73.34
C057,S071,Medium,Neutral,18-24,7,IMG_071.png,Mauve,Warm,Matte,46.67,24.65,9.83,21.74,65.36,48.47
C057,S210,Medium,Neutral,18-24,7,IMG_210.png,Mauve,Neutral,Satin,48.16,28.2,0.31,0.63,72.26,47.88
C057,S064,Medium,Neutral,18-24,6,IMG_064.png,Nude,Neutral,Matte,57.68,8.49,1.18,7.9,46.71,62.52
C057,S385,Medium,Neutral,18-24,6,IMG_385.png,Berry,Warm,Satin,54.08,40.96,-4.88,353.21,89.28,56.18
C057,S094,Medium,Neutral,18-24,6,IMG_094.png,Nude,Cool,Matte,52.28,4.76,16.16,73.58,53.43,48.56
C057,S486,Medium,Neutral,18-24,5,IMG_486.png,Coral,Cool,Satin,56.54,36.42,21.42,30.47,88.45,57.18
C057,S186,Medium,Neutral,18-24,6,IMG_186.png,Plum,Neutral,Satin,36.97,30.89,-11.08,340.27,75.99,35.73
C057,S034,Medium,Neutral,18-24,5,IMG_034.png,Mauve,Cool,Matte,54.83,30.06,0.19,0.36,73.34,54.83
C057,S078,Medium,Neutral,18-24,5,IMG_078.png,Plum,Warm,Satin,39.28,31.21,-5.96,349.19,72.75,39.35
C057,S001,Medium,Neutral,18-24,3,IMG_001.png,Nude,Neutral,Glossy,67.64,6.24,9.49,56.65,53.13,67.01
C057,S012,Medium,Neutral,18-24,7,IMG_012.png,Pink,Neutral,Matte,57.46,29.6,-0.44,359.15,65.33,54.81
C057,S416,Medium,Neutral,18-24,7,IMG_416.png,Berry,Cool,Glossy,44.52,42.13,-10.82,345.6,74.33,43.28
C057,S023,Medium,Neutral,18-24,8,IMG_023.png,Pink,Warm,Glossy,59.29,31.43,20.39,32.97,79.16,61.5
C058,S362,Deep,Neutral,18-24,9,IMG_362.png,Coral,Warm,Glossy,44.59,39.79,42.75,47.06,100.0,42.55
C058,S074,Deep,Neutral,18-24,7,IMG_074.png,Brown,Warm,Satin,33.57,18.57,30.19,58.4,74.8,34.04
C058,S375,Deep,Neutral,18-24,7,IMG_375.png,Mauve,Warm,Matte,48.6,21.85,14.88,34.26,58.85,46.15
C058,S156,Deep,Neutral,18-24,6,IMG_156.png,Berry,Cool,Matte,49.66,32.99,2.37,4.12,81.61,49.8
C058,S105,Deep,Neutral,18-24,6,IMG_105.png,Orange,Neutral,Satin,43.96,31.98,45.0,54.6,95.09,43.2
C058,S395,Deep,Neutral,18-24,7,IMG_395.png,Pink,Neutral,Matte,63.76,31.9,3.06,5.49,67.76,62.34
C058,S378,Deep,Neutral,18-24,6,IMG_378.png,Plum,Cool,Satin,34.57,36.3,-11.39,342.58,79.39,34.97
C058,S125,Deep,Neutral,18-24,8,IMG_125.png,Brown,Warm,Satin,37.1,19.35,27.23,54.6,83.32,36.88
C058,S069,Deep,Neutral,18-24,6,IMG_069.png,Mauve,Warm,Satin,50.92,23.73,4.49,10.72,61.53,52.34
C058,S451,Deep,Neutral,18-24,8,IMG_451.png,Berry,Warm,Satin,46.36,43.95,-0.07,359.91,87.49,43.78
C058,S010,Deep,Neutral,18-24,5,IMG_010.png,Orange,Cool,Matte,64.14,27.86,33.47,50.22,86.36,65.06
C058,S195,Deep,Neutral,18-24,7,IMG_195.png,Plum,Warm,Matte,30.1,24.27,-9.32,338.99,62.78,30.42
C058,S407,Deep,Neutral,18-24,9,IMG_407.png,Coral,Cool,Matte,45.34,34.17,21.6,32.3,88.31,44.23
C058,S085,Deep,Neutral,18-24,6,IMG_085.png,Orange,Warm,Satin,44.61,33.92,42.86,51.64,93.54,46.28
C058,S372,Deep,Neutral,18-24,6,IMG_372.png,Berry,Neutral,Satin,51.76,37.7,9.95,14.78,80.47,50.23
C058,S389,Deep,Neutral,18-24,6,IMG_389.png,Berry,Neutral,Glossy,37.98,38.26,-5.12,352.38,79.83,35.73
C058,S496,Deep,Neutral,18-24,5,IMG_496.png,Orange,Neutral,Satin,63.61,26.61,43.06,58.29,94.45,62.31
C058,S031,Deep,Neutral,18-24,7,IMG_031.png,Plum,Neutral,Satin,29.74,29.53,-15.0,333.07,69.1,34.0
C058,S317,Deep,Neutral,18-24,6,IMG_317.png,Nude,Warm,Glossy,49.49,17.95,18.57,45.98,72.61,52.36
C058,S409,Deep,Neutral,18-24,7,IMG_409.png,Red,Neutral,Glossy,41.5,45.1,20.21,24.14,94.06,40.62
C058,S491,Deep,Neutral,18-24,7,IMG_491.png,Coral,Cool,Matte,63.93,27.99,18.86,33.97,73.98,62.27
C058,S492,Deep,Neutral,18-24,4,IMG_492.png,Mauve,Warm,Glossy,55.1,22.72,7.8,18.95,61.46,53.01
C058,S281,Deep,Neutral,18-24,6,IMG_281.png,Orange,Warm,Matte,60.83,29.03,43.83,56.48,100.0,60.4
C058,S357,Deep,Neutral,18-24,5,IMG_357.png,Brown,Cool,Matte,26.54,8.39,10.47,51.3,56.74,27.15
C058,S077,Deep,Neutral,18-24,7,IMG_077.png,Mauve,Warm,Matte,41.89,27.69,3.2,6.6,63.54,42.78
C058,S462,Deep,Neutral,18-24,5,IMG_462.png,Orange,Cool,Matte,62.73,31.4,31.55,45.13,93.64,64.55
C058,S498,Deep,Neutral,18-24,7,IMG_498.png,Pink,Neutral,Matte,62.17,31.28,11.43,20.08,85.25,62.51
C058,S212,Deep,Neutral,18-24,6,IMG_212.png,Plum,Cool,Matte,36.22,24.36,-15.0,328.38,59.84,36.7
C058,S102,Deep,Neutral,18-24,4,IMG_102.png,Orange,Neutral,Satin,67.72,35.5,37.34,46.45,90.45,67.09
C058,S335,Deep,Neutral,18-24,6,IMG_335.png,Orange,Neutral,Glossy,65.14,24.44,42.18,59.91,99.55,65.56
C058,S476,Deep,Neutral,18-24,5,IMG_476.png,Mauve,Warm,Matte,60.59,26.41,8.59,18.01,68.95,60.25
C058,S337,Deep,Neutral,18-24,5,IMG_337.png,Pink,Neutral,Satin,60.41,30.57,8.81,16.07,80.2,58.23
C058,S441,Deep,Neutral,18-24,8,IMG_441.png,Coral,Neutral,Satin,50.89,43.17,19.48,24.29,96.73,50.39
C058,S174,Deep,Neutral,18-24,6,IMG_174.png,Coral,Cool,Matte,60.02,33.42,19.58,30.36,79.89,60.94
C058,S003,Deep,Neutral,18-24,4,IMG_003.png,Nude,Cool,Glossy,61.7,15.08,5.74,20.85,56.97,60.84
C058,S334,Deep,Neutral,18-24,6,IMG_334.png,Pink,Warm,Glossy,53.81,29.68,12.52,22.87,80.21,54.8
C058,S410,Deep,Neutral,18-24,4,IMG_410.png,Pink,Cool,Glossy,72.37,34.7,6.55,10.69,81.42,73.34
C058,S071,Deep,Neutral,18-24,6,IMG_071.png,Mauve,Warm,Matte,46.67,24.65,9.83,21.74,65.36,48.47
C058,S210,Deep,Neutral,18-24,7,IMG_210.png,Mauve,Neutral,Satin,48.16,28.2,0.31,0.63,72.26,47.88
C058,S064,Deep,Neutral,18-24,8,IMG_064.png,Nude,Neutral,Matte,57.68,8.49,1.18,7.9,46.71,62.52
C058,S385,Deep,Neutral,18-24,6,IMG_385.png,Berry,Warm,Satin,54.08,40.96,-4.88,353.21,89.28,56.18
C058,S094,Deep,Neutral,18-24,6,IMG_094.png,Nude,Cool,Matte,52.28,4.76,16.16,73.58,53.43,48.56
C058,S486,Deep,Neutral,18-24,7,IMG_486.png,Coral,Cool,Satin,56.54,36.42,21.42,30.47,88.45,57.18
C058,S186,Deep,Neutral,18-24,8,IMG_186.png,Plum,Neutral,Satin,36.97,30.89,-11.08,340.27,75.99,35.73
C058,S034,Deep,Neutral,18-24,7,IMG_034.png,Mauve,Cool,Matte,54.83,30.06,0.19,0.36,73.34,54.83
C058,S078,Deep,Neutral,18-24,7,IMG_078.png,Plum,Warm,Satin,39.28,31.21,-5.96,349.19,72.75,39.35
C058,S001,Deep,Neutral,18-24,6,IMG_001.png,Nude,Neutral,Glossy,67.64,6.24,9.49,56.65,53.13,67.01
C058,S012,Deep,Neutral,18-24,7,IMG_012.png,Pink,Neutral,Matte,57.46,29.6,-0.44,359.15,65.33,54.81
C058,S416,Deep,Neutral,18-24,5,IMG_416.png,Berry,Cool,Glossy,44.52,42.13,-10.82,345.6,74.33,43.28
C058,S023,Deep,Neutral,18-24,5,IMG_023.png,Pink,Warm,Glossy,59.29,31.43,20.39,32.97,79.16,61.5
C059,S362,Medium,Cool,25-34,5,IMG_362.png,Coral,Warm,Glossy,44.59,39.79,42.75,47.06,100.0,42.55
C059,S074,Medium,Cool,25-34,4,IMG_074.png,Brown,Warm,Satin,33.57,18.57,30.19,58.4,74.8,34.04
C059,S375,Medium,Cool,25-34,6,IMG_375.png,Mauve,Warm,Matte,48.6,21.85,14.88,34.26,58.85,46.15
C059,S156,Medium,Cool,25-34,6,IMG_156.png,Berry,Cool,Matte,49.66,32.99,2.37,4.12,81.61,49.8
C059,S105,Medium,Cool,25-34,5,IMG_105.png,Orange,Neutral,Satin,43.96,31.98,45.0,54.6,95.09,43.2
C059,S395,Medium,Cool,25-34,5,IMG_395.png,Pink,Neutral,Matte,63.76,31.9,3.06,5.49,67.76,62.34
C059,S378,Medium,Cool,25-34,6,IMG_378.png,Plum,Cool,Satin,34.57,36.3,-11.39,342.58,79.39,34.97
C059,S125,Medium,Cool,25-34,4,IMG_125.png,Brown,Warm,Satin,37.1,19.35,27.23,54.6,83.32,36.88
C059,S069,Medium,Cool,25-34,8,IMG_069.png,Mauve,Warm,Satin,50.92,23.73,4.49,10.72,61.53,52.34
C059,S451,Medium,Cool,25-34,5,IMG_451.png,Berry,Warm,Satin,46.36,43.95,-0.07,359.91,87.49,43.78
C059,S010,Medium,Cool,25-34,7,IMG_010.png,Orange,Cool,Matte,64.14,27.86,33.47,50.22,86.36,65.06
C059,S195,Medium,Cool,25-34,4,IMG_195.png,Plum,Warm,Matte,30.1,24.27,-9.32,338.99,62.78,30.42
C059,S407,Medium,Cool,25-34,7,IMG_407.png,Coral,Cool,Matte,45.34,34.17,21.6,32.3,88.31,44.23
C059,S085,Medium,Cool,25-34,6,IMG_085.png,Orange,Warm,Satin,44.61,33.92,42.86,51.64,93.54,46.28
C059,S372,Medium,Cool,25-34,5,IMG_372.png,Berry,Neutral,Satin,51.76,37.7,9.95,14.78,80.47,50.23
C059,S389,Medium,Cool,25-34,5,IMG_389.png,Berry,Neutral,Glossy,37.98,38.26,-5.12,352.38,79.83,35.73
C059,S496,Medium,Cool,25-34,5,IMG_496.png,Orange,Neutral,Satin,63.61,26.61,43.06,58.29,94.45,62.31
C059,S031,Medium,Cool,25-34,4,IMG_031.png,Plum,Neutral,Satin,29.74,29.53,-15.0,333.07,69.1,34.0
C059,S317,Medium,Cool,25-34,5,IMG_317.png,Nude,Warm,Glossy,49.49,17.95,18.57,45.98,72.61,52.36
C059,S409,Medium,Cool,25-34,6,IMG_409.png,Red,Neutral,Glossy,41.5,45.1,20.21,24.14,94.06,40.62
C059,S491,Medium,Cool,25-34,5,IMG_491.png,Coral,Cool,Matte,63.93,27.99,18.86,33.97,73.98,62.27
C059,S492,Medium,Cool,25-34,7,IMG_492.png,Mauve,Warm,Glossy,55.1,22.72,7.8,18.95,61.46,53.01
C059,S281,Medium,Cool,25-34,6,IMG_281.png,Orange,Warm,Matte,60.83,29.03,43.83,56.48,100.0,60.4
C059,S357,Medium,Cool,25-34,6,IMG_357.png,Brown,Cool,Matte,26.54,8.39,10.47,51.3,56.74,27.15
C059,S077,Medium,Cool,25-34,6,IMG_077.png,Mauve,Warm,Matte,41.89,27.69,3.2,6.6,63.54,42.78
C059,S462,Medium,Cool,25-34,7,IMG_462.png,Orange,Cool,Matte,62.73,31.4,31.55,45.13,93.64,64.55
C059,S498,Medium,Cool,25-34,6,IMG_498.png,Pink,Neutral,Matte,62.17,31.28,11.43,20.08,85.25,62.51
C059,S212,Medium,Cool,25-34,7,IMG_212.png,Plum,Cool,Matte,36.22,24.36,-15.0,328.38,59.84,36.7
C059,S102,Medium,Cool,25-34,4,IMG_102.png,Orange,Neutral,Satin,67.72,35.5,37.34,46.45,90.45,67.09
C059,S335,Medium,Cool,25-34,5,IMG_335.png,Orange,Neutral,Glossy,65.14,24.44,42.18,59.91,99.55,65.56
C059,S476,Medium,Cool,25-34,9,IMG_476.png,Mauve,Warm,Matte,60.59,26.41,8.59,18.01,68.95,60.25
C059,S337,Medium,Cool,25-34,6,IMG_337.png,Pink,Neutral,Satin,60.41,30.57,8.81,16.07,80.2,58.23
C059,S441,Medium,Cool,25-34,5,IMG_441.png,Coral,Neutral,Satin,50.89,43.17,19.48,24.29,96.73,50.39
C059,S174,Medium,Cool,25-34,6,IMG_174.png,Coral,Cool,Matte,60.02,33.42,19.58,30.36,79.89,60.94
C059,S003,Medium,Cool,25-34,4,IMG_003.png,Nude,Cool,Glossy,61.7,15.08,5.74,20.85,56.97,60.84
C059,S334,Medium,Cool,25-34,6,IMG_334.png,Pink,Warm,Glossy,53.81,29.68,12.52,22.87,80.21,54.8
C059,S410,Medium,Cool,25-34,6,IMG_410.png,Pink,Cool,Glossy,72.37,34.7,6.55,10.69,81.42,73.34
C059,S071,Medium,Cool,25-34,6,IMG_071.png,Mauve,Warm,Matte,46.67,24.65,9.83,21.74,65.36,48.47
C059,S210,Medium,Cool,25-34,7,IMG_210.png,Mauve,Neutral,Satin,48.16,28.2,0.31,0.63,72.26,47.88
C059,S064,Medium,Cool,25-34,7,IMG_064.png,Nude,Neutral,Matte,57.68,8.49,1.18,7.9,46.71,62.52
C059,S385,Medium,Cool,25-34,5,IMG_385.png,Berry,Warm,Satin,54.08,40.96,-4.88,353.21,89.28,56.18
C059,S094,Medium,Cool,25-34,6,IMG_094.png,Nude,Cool,Matte,52.28,4.76,16.16,73.58,53.43,48.56
C059,S486,Medium,Cool,25-34,7,IMG_486.png,Coral,Cool,Satin,56.54,36.42,21.42,30.47,88.45,57.18
C059,S186,Medium,Cool,25-34,5,IMG_186.png,Plum,Neutral,Satin,36.97,30.89,-11.08,340.27,75.99,35.73
C059,S034,Medium,Cool,25-34,8,IMG_034.png,Mauve,Cool,Matte,54.83,30.06,0.19,0.36,73.34,54.83
C059,S078,Medium,Cool,25-34,4,IMG_078.png,Plum,Warm,Satin,39.28,31.21,-5.96,349.19,72.75,39.35
C059,S001,Medium,Cool,25-34,5,IMG_001.png,Nude,Neutral,Glossy,67.64,6.24,9.49,56.65,53.13,67.01
C059,S012,Medium,Cool,25-34,6,IMG_012.png,Pink,Neutral,Matte,57.46,29.6,-0.44,359.15,65.33,54.81
C059,S416,Medium,Cool,25-34,7,IMG_416.png,Berry,Cool,Glossy,44.52,42.13,-10.82,345.6,74.33,43.28
C059,S023,Medium,Cool,25-34,6,IMG_023.png,Pink,Warm,Glossy,59.29,31.43,20.39,32.97,79.16,61.5
C060,S362,Light,Neutral,18-24,7,IMG_362.png,Coral,Warm,Glossy,44.59,39.79,42.75,47.06,100.0,42.55
C060,S074,Light,Neutral,18-24,3,IMG_074.png,Brown,Warm,Satin,33.57,18.57,30.19,58.4,74.8,34.04
C060,S375,Light,Neutral,18-24,6,IMG_375.png,Mauve,Warm,Matte,48.6,21.85,14.88,34.26,58.85,46.15
C060,S156,Light,Neutral,18-24,6,IMG_156.png,Berry,Cool,Matte,49.66,32.99,2.37,4.12,81.61,49.8
C060,S105,Light,Neutral,18-24,6,IMG_105.png,Orange,Neutral,Satin,43.96,31.98,45.0,54.6,95.09,43.2
C060,S395,Light,Neutral,18-24,8,IMG_395.png,Pink,Neutral,Matte,63.76,31.9,3.06,5.49,67.76,62.34
C060,S378,Light,Neutral,18-24,4,IMG_378.png,Plum,Cool,Satin,34.57,36.3,-11.39,342.58,79.39,34.97
C060,S125,Light,Neutral,18-24,6,IMG_125.png,Brown,Warm,Satin,37.1,19.35,27.23,54.6,83.32,36.88
C060,S069,Light,Neutral,18-24,7,IMG_069.png,Mauve,Warm,Satin,50.92,23.73,4.49,10.72,61.53,52.34
C060,S451,Light,Neutral,18-24,6,IMG_451.png,Berry,Warm,Satin,46.36,43.95,-0.07,359.91,87.49,43.78
C060,S010,Light,Neutral,18-24,5,IMG_010.png,Orange,Cool,Matte,64.14,27.86,33.47,50.22,86.36,65.06
C060,S195,Light,Neutral,18-24,3,IMG_195.png,Plum,Warm,Matte,30.1,24.27,-9.32,338.99,62.78,30.42
C060,S407,Light,Neutral,18-24,8,IMG_407.png,Coral,Cool,Matte,45.34,34.17,21.6,32.3,88.31,44.23
C060,S085,Light,Neutral,18-24,6,IMG_085.png,Orange,Warm,Satin,44.61,33.92,42.86,51.64,93.54,46.28
C060,S372,Light,Neutral,18-24,6,IMG_372.png,Berry,Neutral,Satin,51.76,37.7,9.95,14.78,80.47,50.23
C060,S389,Light,Neutral,18-24,7,IMG_389.png,Berry,Neutral,Glossy,37.98,38.26,-5.12,352.38,79.83,35.73
C060,S496,Light,Neutral,18-24,6,IMG_496.png,Orange,Neutral,Satin,63.61,26.61,43.06,58.29,94.45,62.31
C060,S031,Light,Neutral,18-24,5,IMG_031.png,Plum,Neutral,Satin,29.74,29.53,-15.0,333.07,69.1,34.0
C060,S317,Light,Neutral,18-24,6,IMG_317.png,Nude,Warm,Glossy,49.49,17.95,18.57,45.98,72.61,52.36
C060,S409,Light,Neutral,18-24,5,IMG_409.png,Red,Neutral,Glossy,41.5,45.1,20.21,24.14,94.06,40.62
C060,S491,Light,Neutral,18-24,7,IMG_491.png,Coral,Cool,Matte,63.93,27.99,18.86,33.97,73.98,62.27
C060,S492,Light,Neutral,18-24,7,IMG_492.png,Mauve,Warm,Glossy,55.1,22.72,7.8,18.95,61.46,53.01
C060,S281,Light,Neutral,18-24,6,IMG_281.png,Orange,Warm,Matte,60.83,29.03,43.83,56.48,100.0,60.4
C060,S357,Light,Neutral,18-24,6,IMG_357.png,Brown,Cool,Matte,26.54,8.39,10.47,51.3,56.74,27.15
C060,S077,Light,Neutral,18-24,6,IMG_077.png,Mauve,Warm,Matte,41.89,27.69,3.2,6.6,63.54,42.78
C060,S462,Light,Neutral,18-24,6,IMG_462.png,Orange,Cool,Matte,62.73,31.4,31.55,45.13,93.64,64.55
C060,S498,Light,Neutral,18-24,5,IMG_498.png,Pink,Neutral,Matte,62.17,31.28,11.43,20.08,85.25,62.51
C060,S212,Light,Neutral,18-24,4,IMG_212.png,Plum,Cool,Matte,36.22,24.36,-15.0,328.38,59.84,36.7
C060,S102,Light,Neutral,18-24,7,IMG_102.png,Orange,Neutral,Satin,67.72,35.5,37.34,46.45,90.45,67.09
C060,S335,Light,Neutral,18-24,5,IMG_335.png,Orange,Neutral,Glossy,65.14,24.44,42.18,59.91,99.55,65.56
C060,S476,Light,Neutral,18-24,6,IMG_476.png,Mauve,Warm,Matte,60.59,26.41,8.59,18.01,68.95,60.25
C060,S337,Light,Neutral,18-24,7,IMG_337.png,Pink,Neutral,Satin,60.41,30.57,8.81,16.07,80.2,58.23
C060,S441,Light,Neutral,18-24,9,IMG_441.png,Coral,Neutral,Satin,50.89,43.17,19.48,24.29,96.73,50.39
C060,S174,Light,Neutral,18-24,7,IMG_174.png,Coral,Cool,Matte,60.02,33.42,19.58,30.36,79.89,60.94
C060,S003,Light,Neutral,18-24,6,IMG_003.png,Nude,Cool,Glossy,61.7,15.08,5.74,20.85,56.97,60.84
C060,S334,Light,Neutral,18-24,6,IMG_334.png,Pink,Warm,Glossy,53.81,29.68,12.52,22.87,80.21,54.8
C060,S410,Light,Neutral,18-24,6,IMG_410.png,Pink,Cool,Glossy,72.37,34.7,6.55,10.69,81.42,73.34
C060,S071,Light,Neutral,18-24,6,IMG_071.png,Mauve,Warm,Matte,46.67,24.65,9.83,21.74,65.36,48.47
C060,S210,Light,Neutral,18-24,8,IMG_210.png,Mauve,Neutral,Satin,48.16,28.2,0.31,0.63,72.26,47.88
C060,S064,Light,Neutral,18-24,7,IMG_064.png,Nude,Neutral,Matte,57.68,8.49,1.18,7.9,46.71,62.52
C060,S385,Light,Neutral,18-24,6,IMG_385.png,Berry,Warm,Satin,54.08,40.96,-4.88,353.21,89.28,56.18
C060,S094,Light,Neutral,18-24,6,IMG_094.png,Nude,Cool,Matte,52.28,4.76,16.16,73.58,53.43,48.56
C060,S486,Light,Neutral,18-24,8,IMG_486.png,Coral,Cool,Satin,56.54,36.42,21.42,30.47,88.45,57.18
C060,S186,Light,Neutral,18-24,6,IMG_186.png,Plum,Neutral,Satin,36.97,30.89,-11.08,340.27,75.99,35.73
C060,S034,Light,Neutral,18-24,6,IMG_034.png,Mauve,Cool,Matte,54.83,30.06,0.19,0.36,73.34,54.83
C060,S078,Light,Neutral,18-24,6,IMG_078.png,Plum,Warm,Satin,39.28,31.21,-5.96,349.19,72.75,39.35
C060,S001,Light,Neutral,18-24,7,IMG_001.png,Nude,Neutral,Glossy,67.64,6.24,9.49,56.65,53.13,67.01
C060,S012,Light,Neutral,18-24,8,IMG_012.png,Pink,Neutral,Matte,57.46,29.6,-0.44,359.15,65.33,54.81
C060,S416,Light,Neutral,18-24,5,IMG_416.png,Berry,Cool,Glossy,44.52,42.13,-10.82,345.6,74.33,43.28
C060,S023,Light,Neutral,18-24,6,IMG_023.png,Pink,Warm,Glossy,59.29,31.43,20.39,32.97,79.16,61.5
C061,S362,Fair,Warm,25-34,7,IMG_362.png,Coral,Warm,Glossy,44.59,39.79,42.75,47.06,100.0,42.55
C061,S074,Fair,Warm,25-34,6,IMG_074.png,Brown,Warm,Satin,33.57,18.57,30.19,58.4,74.8,34.04
C061,S375,Fair,Warm,25-34,6,IMG_375.png,Mauve,Warm,Matte,48.6,21.85,14.88,34.26,58.85,46.15
C061,S156,Fair,Warm,25-34,7,IMG_156.png,Berry,Cool,Matte,49.66,32.99,2.37,4.12,81.61,49.8
C061,S105,Fair,Warm,25-34,3,IMG_105.png,Orange,Neutral,Satin,43.96,31.98,45.0,54.6,95.09,43.2
C061,S395,Fair,Warm,25-34,6,IMG_395.png,Pink,Neutral,Matte,63.76,31.9,3.06,5.49,67.76,62.34
C061,S378,Fair,Warm,25-34,5,IMG_378.png,Plum,Cool,Satin,34.57,36.3,-11.39,342.58,79.39,34.97
C061,S125,Fair,Warm,25-34,5,IMG_125.png,Brown,Warm,Satin,37.1,19.35,27.23,54.6,83.32,36.88
C061,S069,Fair,Warm,25-34,7,IMG_069.png,Mauve,Warm,Satin,50.92,23.73,4.49,10.72,61.53,52.34
C061,S451,Fair,Warm,25-34,5,IMG_451.png,Berry,Warm,Satin,46.36,43.95,-0.07,359.91,87.49,43.78
C061,S010,Fair,Warm,25-34,5,IMG_010.png,Orange,Cool,Matte,64.14,27.86,33.47,50.22,86.36,65.06
C061,S195,Fair,Warm,25-34,6,IMG_195.png,Plum,Warm,Matte,30.1,24.27,-9.32,338.99,62.78,30.42
C061,S407,Fair,Warm,25-34,5,IMG_407.png,Coral,Cool,Matte,45.34,34.17,21.6,32.3,88.31,44.23
C061,S085,Fair,Warm,25-34,7,IMG_085.png,Orange,Warm,Satin,44.61,33.92,42.86,51.64,93.54,46.28
C061,S372,Fair,Warm,25-34,7,IMG_372.png,Berry,Neutral,Satin,51.76,37.7,9.95,14.78,80.47,50.23
C061,S389,Fair,Warm,25-34,6,IMG_389.png,Berry,Neutral,Glossy,37.98,38.26,-5.12,352.38,79.83,35.73
C061,S496,Fair,Warm,25-34,5,IMG_496.png,Orange,Neutral,Satin,63.61,26.61,43.06,58.29,94.45,62.31
C061,S031,Fair,Warm,25-34,4,IMG_031.png,Plum,Neutral,Satin,29.74,29.53,-15.0,333.07,69.1,34.0
C061,S317,Fair,Warm,25-34,5,IMG_317.png,Nude,Warm,Glossy,49.49,17.95,18.57,45.98,72.61,52.36
C061,S409,Fair,Warm,25-34,3,IMG_409.png,Red,Neutral,Glossy,41.5,45.1,20.21,24.14,94.06,40.62
C061,S491,Fair,Warm,25-34,5,IMG_491.png,Coral,Cool,Matte,63.93,27.99,18.86,33.97,73.98,62.27
C061,S492,Fair,Warm,25-34,8,IMG_492.png,Mauve,Warm,Glossy,55.1,22.72,7.8,18.95,61.46,53.01
C061,S281,Fair,Warm,25-34,7,IMG_281.png,Orange,Warm,Matte,60.83,29.03,43.83,56.48,100.0,60.4
C061,S357,Fair,Warm,25-34,4,IMG_357.png,Brown,Cool,Matte,26.54,8.39,10.47,51.3,56.74,27.15
C061,S077,Fair,Warm,25-34,5,IMG_077.png,Mauve,Warm,Matte,41.89,27.69,3.2,6.6,63.54,42.78
C061,S462,Fair,Warm,25-34,4,IMG_462.png,Orange,Cool,Matte,62.73,31.4,31.55,45.13,93.64,64.55
C061,S498,Fair,Warm,25-34,7,IMG_498.png,Pink,Neutral,Matte,62.17,31.28,11.43,20.08,85.25,62.51
C061,S212,Fair,Warm,25-34,2,IMG_212.png,Plum,Cool,Matte,36.22,24.36,-15.0,328.38,59.84,36.7
C061,S102,Fair,Warm,25-34,5,IMG_102.png,Orange,Neutral,Satin,67.72,35.5,37.34,46.45,90.45,67.09
C061,S335,Fair,Warm,25-34,6,IMG_335.png,Orange,Neutral,Glossy,65.14,24.44,42.18,59.91,99.55,65.56
C061,S476,Fair,Warm,25-34,8,IMG_476.png,Mauve,Warm,Matte,60.59,26.41,8.59,18.01,68.95,60.25
C061,S337,Fair,Warm,25-34,6,IMG_337.png,Pink,Neutral,Satin,60.41,30.57,8.81,16.07,80.2,58.23
C061,S441,Fair,Warm,25-34,4,IMG_441.png,Coral,Neutral,Satin,50.89,43.17,19.48,24.29,96.73,50.39
C061,S174,Fair,Warm,25-34,5,IMG_174.png,Coral,Cool,Matte,60.02,33.42,19.58,30.36,79.89,60.94
C061,S003,Fair,Warm,25-34,5,IMG_003.png,Nude,Cool,Glossy,61.7,15.08,5.74,20.85,56.97,60.84
C061,S334,Fair,Warm,25-34,6,IMG_334.png,Pink,Warm,Glossy,53.81,29.68,12.52,22.87,80.21,54.8
C061,S410,Fair,Warm,25-34,6,IMG_410.png,Pink,Cool,Glossy,72.37,34.7,6.55,10.69,81.42,73.34
C061,S071,Fair,Warm,25-34,5,IMG_071.png,Mauve,Warm,Matte,46.67,24.65,9.83,21.74,65.36,48.47
C061,S210,Fair,Warm,25-34,6,IMG_210.png,Mauve,Neutral,Satin,48.16,28.2,0.31,0.63,72.26,47.88
C061,S064,Fair,Warm,25-34,6,IMG_064.png,Nude,Neutral,Matte,57.68,8.49,1.18,7.9,46.71,62.52
C061,S385,Fair,Warm,25-34,9,IMG_385.png,Berry,Warm,Satin,54.08,40.96,-4.88,353.21,89.28,56.18
C061,S094,Fair,Warm,25-34,5,IMG_094.png,Nude,Cool,Matte,52.28,4.76,16.16,73.58,53.43,48.56
C061,S486,Fair,Warm,25-34,6,IMG_486.png,Coral,Cool,Satin,56.54,36.42,21.42,30.47,88.45,57.18
C061,S186,Fair,Warm,25-34,4,IMG_186.png,Plum,Neutral,Satin,36.97,30.89,-11.08,340.27,75.99,35.73
C061,S034,Fair,Warm,25-34,6,IMG_034.png,Mauve,Cool,Matte,54.83,30.06,0.19,0.36,73.34,54.83
C061,S078,Fair,Warm,25-34,4,IMG_078.png,Plum,Warm,Satin,39.28,31.21,-5.96,349.19,72.75,39.35
C061,S001,Fair,Warm,25-34,4,IMG_001.png,Nude,Neutral,Glossy,67.64,6.24,9.49,56.65,53.13,67.01
C061,S012,Fair,Warm,25-34,7,IMG_012.png,Pink,Neutral,Matte,57.46,29.6,-0.44,359.15,65.33,54.81
C061,S416,Fair,Warm,25-34,7,IMG_416.png,Berry,Cool,Glossy,44.52,42.13,-10.82,345.6,74.33,43.28
C061,S023,Fair,Warm,25-34,8,IMG_023.png,Pink,Warm,Glossy,59.29,31.43,20.39,32.97,79.16,61.5
C062,S362,Light,Neutral,25-34,5,IMG_362.png,Coral,Warm,Glossy,44.59,39.79,42.75,47.06,100.0,42.55
C062,S074,Light,Neutral,25-34,7,IMG_074.png,Brown,Warm,Satin,33.57,18.57,30.19,58.4,74.8,34.04
C062,S375,Light,Neutral,25-34,5,IMG_375.png,Mauve,Warm,Matte,48.6,21.85,14.88,34.26,58.85,46.15
C062,S156,Light,Neutral,25-34,6,IMG_156.png,Berry,Cool,Matte,49.66,32.99,2.37,4.12,81.61,49.8
C062,S105,Light,Neutral,25-34,7,IMG_105.png,Orange,Neutral,Satin,43.96,31.98,45.0,54.6,95.09,43.2
C062,S395,Light,Neutral,25-34,8,IMG_395.png,Pink,Neutral,Matte,63.76,31.9,3.06,5.49,67.76,62.34
C062,S378,Light,Neutral,25-34,4,IMG_378.png,Plum,Cool,Satin,34.57,36.3,-11.39,342.58,79.39,34.97
C062,S125,Light,Neutral,25-34,6,IMG_125.png,Brown,Warm,Satin,37.1,19.35,27.23,54.6,83.32,36.88
C062,S069,Light,Neutral,25-34,5,IMG_069.png,Mauve,Warm,Satin,50.92,23.73,4.49,10.72,61.53,52.34
C062,S451,Light,Neutral,25-34,7,IMG_451.png,Berry,Warm,Satin,46.36,43.95,-0.07,359.91,87.49,43.78
C062,S010,Light,Neutral,25-34,6,IMG_010.png,Orange,Cool,Matte,64.14,27.86,33.47,50.22,86.36,65.06
C062,S195,Light,Neutral,25-34,5,IMG_195.png,Plum,Warm,Matte,30.1,24.27,-9.32,338.99,62.78,30.42
C062,S407,Light,Neutral,25-34,8,IMG_407.png,Coral,Cool,Matte,45.34,34.17,21.6,32.3,88.31,44.23
C062,S085,Light,Neutral,25-34,6,IMG_085.png,Orange,Warm,Satin,44.61,33.92,42.86,51.64,93.54,46.28
C062,S372,Light,Neutral,25-34,6,IMG_372.png,Berry,Neutral,Satin,51.76,37.7,9.95,14.78,80.47,50.23
C062,S389,Light,Neutral,25-34,6,IMG_389.png,Berry,Neutral,Glossy,37.98,38.26,-5.12,352.38,79.83,35.73
C062,S496,Light,Neutral,25-34,6,IMG_496.png,Orange,Neutral,Satin,63.61,26.61,43.06,58.29,94.45,62.31
C062,S031,Light,Neutral,25-34,5,IMG_031.png,Plum,Neutral,Satin,29.74,29.53,-15.0,333.07,69.1,34.0
C062,S317,Light,Neutral,25-34,5,IMG_317.png,Nude,Warm,Glossy,49.49,17.95,18.57,45.98,72.61,52.36
C062,S409,Light,Neutral,25-34,6,IMG_409.png,Red,Neutral,Glossy,41.5,45.1,20.21,24.14,94.06,40.62
C062,S491,Light,Neutral,25-34,5,IMG_491.png,Coral,Cool,Matte,63.93,27.99,18.86,33.97,73.98,62.27
C062,S492,Light,Neutral,25-34,8,IMG_492.png,Mauve,Warm,Glossy,55.1,22.72,7.8,18.95,61.46,53.01
C062,S281,Light,Neutral,25-34,6,IMG_281.png,Orange,Warm,Matte,60.83,29.03,43.83,56.48,100.0,60.4
C062,S357,Light,Neutral,25-34,6,IMG_357.png,Brown,Cool,Matte,26.54,8.39,10.47,51.3,56.74,27.15
C062,S077,Light,Neutral,25-34,6,IMG_077.png,Mauve,Warm,Matte,41.89,27.69,3.2,6.6,63.54,42.78
C062,S462,Light,Neutral,25-34,6,IMG_462.png,Orange,Cool,Matte,62.73,31.4,31.55,45.13,93.64,64.55
C062,S498,Light,Neutral,25-34,7,IMG_498.png,Pink,Neutral,Matte,62.17,31.28,11.43,20.08,85.25,62.51
C062,S212,Light,Neutral,25-34,5,IMG_212.png,Plum,Cool,Matte,36.22,24.36,-15.0,328.38,59.84,36.7
C062,S102,Light,Neutral,25-34,7,IMG_102.png,Orange,Neutral,Satin,67.72,35.5,37.34,46.45,90.45,67.09
C062,S335,Light,Neutral,25-34,7,IMG_335.png,Orange,Neutral,Glossy,65.14,24.44,42.18,59.91,99.55,65.56
C062,S476,Light,Neutral,25-34,7,IMG_476.png,Mauve,Warm,Matte,60.59,26.41,8.59,18.01,68.95,60.25
C062,S337,Light,Neutral,25-34,7,IMG_337.png,Pink,Neutral,Satin,60.41,30.57,8.81,16.07,80.2,58.23
C062,S441,Light,Neutral,25-34,7,IMG_441.png,Coral,Neutral,Satin,50.89,43.17,19.48,24.29,96.73,50.39
C062,S174,Light,Neutral,25-34,7,IMG_174.png,Coral,Cool,Matte,60.02,33.42,19.58,30.36,79.89,60.94
C062,S003,Light,Neutral,25-34,6,IMG_003.png,Nude,Cool,Glossy,61.7,15.08,5.74,20.85,56.97,60.84
C062,S334,Light,Neutral,25-34,6,IMG_334.png,Pink,Warm,Glossy,53.81,29.68,12.52,22.87,80.21,54.8
C062,S410,Light,Neutral,25-34,5,IMG_410.png,Pink,Cool,Glossy,72.37,34.7,6.55,10.69,81.42,73.34
C062,S071,Light,Neutral,25-34,5,IMG_071.png,Mauve,Warm,Matte,46.67,24.65,9.83,21.74,65.36,48.47
C062,S210,Light,Neutral,25-34,6,IMG_210.png,Mauve,Neutral,Satin,48.16,28.2,0.31,0.63,72.26,47.88
C062,S064,Light,Neutral,25-34,7,IMG_064.png,Nude,Neutral,Matte,57.68,8.49,1.18,7.9,46.71,62.52
C062,S385,Light,Neutral,25-34,6,IMG_385.png,Berry,Warm,Satin,54.08,40.96,-4.88,353.21,89.28,56.18
C062,S094,Light,Neutral,25-34,5,IMG_094.png,Nude,Cool,Matte,52.28,4.76,16.16,73.58,53.43,48.56
C062,S486,Light,Neutral,25-34,6,IMG_486.png,Coral,Cool,Satin,56.54,36.42,21.42,30.47,88.45,57.18
C062,S186,Light,Neutral,25-34,6,IMG_186.png,Plum,Neutral,Satin,36.97,30.89,-11.08,340.27,75.99,35.73
C062,S034,Light,Neutral,25-34,7,IMG_034.png,Mauve,Cool,Matte,54.83,30.06,0.19,0.36,73.34,54.83
C062,S078,Light,Neutral,25-34,5,IMG_078.png,Plum,Warm,Satin,39.28,31.21,-5.96,349.19,72.75,39.35
C062,S001,Light,Neutral,25-34,4,IMG_001.png,Nude,Neutral,Glossy,67.64,6.24,9.49,56.65,53.13,67.01
C062,S012,Light,Neutral,25-34,8,IMG_012.png,Pink,Neutral,Matte,57.46,29.6,-0.44,359.15,65.33,54.81
C062,S416,Light,Neutral,25-34,5,IMG_416.png,Berry,Cool,Glossy,44.52,42.13,-10.82,345.6,74.33,43.28
C062,S023,Light,Neutral,25-34,7,IMG_023.png,Pink,Warm,Glossy,59.29,31.43,20.39,32.97,79.16,61.5
C063,S362,Light,Warm,18-24,8,IMG_362.png,Coral,Warm,Glossy,44.59,39.79,42.75,47.06,100.0,42.55
C063,S074,Light,Warm,18-24,5,IMG_074.png,Brown,Warm,Satin,33.57,18.57,30.19,58.4,74.8,34.04
C063,S375,Light,Warm,18-24,7,IMG_375.png,Mauve,Warm,Matte,48.6,21.85,14.88,34.26,58.85,46.15
C063,S156,Light,Warm,18-24,6,IMG_156.png,Berry,Cool,Matte,49.66,32.99,2.37,4.12,81.61,49.8
C063,S105,Light,Warm,18-24,6,IMG_105.png,Orange,Neutral,Satin,43.96,31.98,45.0,54.6,95.09,43.2
C063,S395,Light,Warm,18-24,6,IMG_395.png,Pink,Neutral,Matte,63.76,31.9,3.06,5.49,67.76,62.34
C063,S378,Light,Warm,18-24,5,IMG_378.png,Plum,Cool,Satin,34.57,36.3,-11.39,342.58,79.39,34.97
C063,S125,Light,Warm,18-24,7,IMG_125.png,Brown,Warm,Satin,37.1,19.35,27.23,54.6,83.32,36.88
C063,S069,Light,Warm,18-24,7,IMG_069.png,Mauve,Warm,Satin,50.92,23.73,4.49,10.72,61.53,52.34
C063,S451,Light,Warm,18-24,5,IMG_451.png,Berry,Warm,Satin,46.36,43.95,-0.07,359.91,87.49,43.78
C063,S010,Light,Warm,18-24,6,IMG_010.png,Orange,Cool,Matte,64.14,27.86,33.47,50.22,86.36,65.06
C063,S195,Light,Warm,18-24,5,IMG_195.png,Plum,Warm,Matte,30.1,24.27,-9.32,338.99,62.78,30.42
C063,S407,Light,Warm,18-24,7,IMG_407.png,Coral,Cool,Matte,45.34,34.17,21.6,32.3,88.31,44.23
C063,S085,Light,Warm,18-24,6,IMG_085.png,Orange,Warm,Satin,44.61,33.92,42.86,51.64,93.54,46.28
C063,S372,Light,Warm,18-24,5,IMG_372.png,Berry,Neutral,Satin,51.76,37.7,9.95,14.78,80.47,50.23
C063,S389,Light,Warm,18-24,7,IMG_389.png,Berry,Neutral,Glossy,37.98,38.26,-5.12,352.38,79.83,35.73
C063,S496,Light,Warm,18-24,5,IMG_496.png,Orange,Neutral,Satin,63.61,26.61,43.06,58.29,94.45,62.31
C063,S031,Light,Warm,18-24,5,IMG_031.png,Plum,Neutral,Satin,29.74,29.53,-15.0,333.07,69.1,34.0
C063,S317,Light,Warm,18-24,7,IMG_317.png,Nude,Warm,Glossy,49.49,17.95,18.57,45.98,72.61,52.36
C063,S409,Light,Warm,18-24,5,IMG_409.png,Red,Neutral,Glossy,41.5,45.1,20.21,24.14,94.06,40.62
C063,S491,Light,Warm,18-24,7,IMG_491.png,Coral,Cool,Matte,63.93,27.99,18.86,33.97,73.98,62.27
C063,S492,Light,Warm,18-24,6,IMG_492.png,Mauve,Warm,Glossy,55.1,22.72,7.8,18.95,61.46,53.01
C063,S281,Light,Warm,18-24,7,IMG_281.png,Orange,Warm,Matte,60.83,29.03,43.83,56.48,100.0,60.4
C063,S357,Light,Warm,18-24,3,IMG_357.png,Brown,Cool,Matte,26.54,8.39,10.47,51.3,56.74,27.15
C063,S077,Light,Warm,18-24,6,IMG_077.png,Mauve,Warm,Matte,41.89,27.69,3.2,6.6,63.54,42.78
C063,S462,Light,Warm,18-24,6,IMG_462.png,Orange,Cool,Matte,62.73,31.4,31.55,45.13,93.64,64.55
C063,S498,Light,Warm,18-24,6,IMG_498.png,Pink,Neutral,Matte,62.17,31.28,11.43,20.08,85.25,62.51
C063,S212,Light,Warm,18-24,3,IMG_212.png,Plum,Cool,Matte,36.22,24.36,-15.0,328.38,59.84,36.7
C063,S102,Light,Warm,18-24,6,IMG_102.png,Orange,Neutral,Satin,67.72,35.5,37.34,46.45,90.45,67.09
C063,S335,Light,Warm,18-24,6,IMG_335.png,Orange,Neutral,Glossy,65.14,24.44,42.18,59.91,99.55,65.56
C063,S476,Light,Warm,18-24,7,IMG_476.png,Mauve,Warm,Matte,60.59,26.41,8.59,18.01,68.95,60.25
C063,S337,Light,Warm,18-24,7,IMG_337.png,Pink,Neutral,Satin,60.41,30.57,8.81,16.07,80.2,58.23
C063,S441,Light,Warm,18-24,7,IMG_441.png,Coral,Neutral,Satin,50.89,43.17,19.48,24.29,96.73,50.39
C063,S174,Light,Warm,18-24,6,IMG_174.png,Coral,Cool,Matte,60.02,33.42,19.58,30.36,79.89,60.94
C063,S003,Light,Warm,18-24,7,IMG_003.png,Nude,Cool,Glossy,61.7,15.08,5.74,20.85,56.97,60.84
C063,S334,Light,Warm,18-24,7,IMG_334.png,Pink,Warm,Glossy,53.81,29.68,12.52,22.87,80.21,54.8
C063,S410,Light,Warm,18-24,5,IMG_410.png,Pink,Cool,Glossy,72.37,34.7,6.55,10.69,81.42,73.34
C063,S071,Light,Warm,18-24,6,IMG_071.png,Mauve,Warm,Matte,46.67,24.65,9.83,21.74,65.36,48.47
C063,S210,Light,Warm,18-24,7,IMG_210.png,Mauve,Neutral,Satin,48.16,28.2,0.31,0.63,72.26,47.88
C063,S064,Light,Warm,18-24,6,IMG_064.png,Nude,Neutral,Matte,57.68,8.49,1.18,7.9,46.71,62.52
C063,S385,Light,Warm,18-24,6,IMG_385.png,Berry,Warm,Satin,54.08,40.96,-4.88,353.21,89.28,56.18
C063,S094,Light,Warm,18-24,5,IMG_094.png,Nude,Cool,Matte,52.28,4.76,16.16,73.58,53.43,48.56
C063,S486,Light,Warm,18-24,9,IMG_486.png,Coral,Cool,Satin,56.54,36.42,21.42,30.47,88.45,57.18
C063,S186,Light,Warm,18-24,6,IMG_186.png,Plum,Neutral,Satin,36.97,30.89,-11.08,340.27,75.99,35.73
C063,S034,Light,Warm,18-24,6,IMG_034.png,Mauve,Cool,Matte,54.83,30.06,0.19,0.36,73.34,54.83
C063,S078,Light,Warm,18-24,7,IMG_078.png,Plum,Warm,Satin,39.28,31.21,-5.96,349.19,72.75,39.35
C063,S001,Light,Warm,18-24,6,IMG_001.png,Nude,Neutral,Glossy,67.64,6.24,9.49,56.65,53.13,67.01
C063,S012,Light,Warm,18-24,6,IMG_012.png,Pink,Neutral,Matte,57.46,29.6,-0.44,359.15,65.33,54.81
C063,S416,Light,Warm,18-24,5,IMG_416.png,Berry,Cool,Glossy,44.52,42.13,-10.82,345.6,74.33,43.28
C063,S023,Light,Warm,18-24,8,IMG_023.png,Pink,Warm,Glossy,59.29,31.43,20.39,32.97,79.16,61.5
C064,S362,Tan,Cool,18-24,5,IMG_362.png,Coral,Warm,Glossy,44.59,39.79,42.75,47.06,100.0,42.55
C064,S074,Tan,Cool,18-24,5,IMG_074.png,Brown,Warm,Satin,33.57,18.57,30.19,58.4,74.8,34.04
C064,S375,Tan,Cool,18-24,6,IMG_375.png,Mauve,Warm,Matte,48.6,21.85,14.88,34.26,58.85,46.15
C064,S156,Tan,Cool,18-24,6,IMG_156.png,Berry,Cool,Matte,49.66,32.99,2.37,4.12,81.61,49.8
C064,S105,Tan,Cool,18-24,6,IMG_105.png,Orange,Neutral,Satin,43.96,31.98,45.0,54.6,95.09,43.2
C064,S395,Tan,Cool,18-24,5,IMG_395.png,Pink,Neutral,Matte,63.76,31.9,3.06,5.49,67.76,62.34
C064,S378,Tan,Cool,18-24,7,IMG_378.png,Plum,Cool,Satin,34.57,36.3,-11.39,342.58,79.39,34.97
C064,S125,Tan,Cool,18-24,4,IMG_125.png,Brown,Warm,Satin,37.1,19.35,27.23,54.6,83.32,36.88
C064,S069,Tan,Cool,18-24,6,IMG_069.png,Mauve,Warm,Satin,50.92,23.73,4.49,10.72,61.53,52.34
C064,S451,Tan,Cool,18-24,6,IMG_451.png,Berry,Warm,Satin,46.36,43.95,-0.07,359.91,87.49,43.78
C064,S010,Tan,Cool,18-24,7,IMG_010.png,Orange,Cool,Matte,64.14,27.86,33.47,50.22,86.36,65.06
C064,S195,Tan,Cool,18-24,5,IMG_195.png,Plum,Warm,Matte,30.1,24.27,-9.32,338.99,62.78,30.42
C064,S407,Tan,Cool,18-24,9,IMG_407.png,Coral,Cool,Matte,45.34,34.17,21.6,32.3,88.31,44.23
C064,S085,Tan,Cool,18-24,6,IMG_085.png,Orange,Warm,Satin,44.61,33.92,42.86,51.64,93.54,46.28
C064,S372,Tan,Cool,18-24,6,IMG_372.png,Berry,Neutral,Satin,51.76,37.7,9.95,14.78,80.47,50.23
C064,S389,Tan,Cool,18-24,6,IMG_389.png,Berry,Neutral,Glossy,37.98,38.26,-5.12,352.38,79.83,35.73
C064,S496,Tan,Cool,18-24,5,IMG_496.png,Orange,Neutral,Satin,63.61,26.61,43.06,58.29,94.45,62.31
C064,S031,Tan,Cool,18-24,6,IMG_031.png,Plum,Neutral,Satin,29.74,29.53,-15.0,333.07,69.1,34.0
C064,S317,Tan,Cool,18-24,5,IMG_317.png,Nude,Warm,Glossy,49.49,17.95,18.57,45.98,72.61,52.36
C064,S409,Tan,Cool,18-24,7,IMG_409.png,Red,Neutral,Glossy,41.5,45.1,20.21,24.14,94.06,40.62
C064,S491,Tan,Cool,18-24,6,IMG_491.png,Coral,Cool,Matte,63.93,27.99,18.86,33.97,73.98,62.27
C064,S492,Tan,Cool,18-24,6,IMG_492.png,Mauve,Warm,Glossy,55.1,22.72,7.8,18.95,61.46,53.01
C064,S281,Tan,Cool,18-24,3,IMG_281.png,Orange,Warm,Matte,60.83,29.03,43.83,56.48,100.0,60.4
C064,S357,Tan,Cool,18-24,7,IMG_357.png,Brown,Cool,Matte,26.54,8.39,10.47,51.3,56.74,27.15
C064,S077,Tan,Cool,18-24,6,IMG_077.png,Mauve,Warm,Matte,41.89,27.69,3.2,6.6,63.54,42.78
C064,S462,Tan,Cool,18-24,5,IMG_462.png,Orange,Cool,Matte,62.73,31.4,31.55,45.13,93.64,64.55
C064,S498,Tan,Cool,18-24,3,IMG_498.png,Pink,Neutral,Matte,62.17,31.28,11.43,20.08,85.25,62.51
C064,S212,Tan,Cool,18-24,5,IMG_212.png,Plum,Cool,Matte,36.22,24.36,-15.0,328.38,59.84,36.7
C064,S102,Tan,Cool,18-24,5,IMG_102.png,Orange,Neutral,Satin,67.72,35.5,37.34,46.45,90.45,67.09
C064,S335,Tan,Cool,18-24,5,IMG_335.png,Orange,Neutral,Glossy,65.14,24.44,42.18,59.91,99.55,65.56
C064,S476,Tan,Cool,18-24,6,IMG_476.png,Mauve,Warm,Matte,60.59,26.41,8.59,18.01,68.95,60.25
C064,S337,Tan,Cool,18-24,5,IMG_337.png,Pink,Neutral,Satin,60.41,30.57,8.81,16.07,80.2,58.23
C064,S441,Tan,Cool,18-24,5,IMG_441.png,Coral,Neutral,Satin,50.89,43.17,19.48,24.29,96.73,50.39
C064,S174,Tan,Cool,18-24,6,IMG_174.png,Coral,Cool,Matte,60.02,33.42,19.58,30.36,79.89,60.94
C064,S003,Tan,Cool,18-24,6,IMG_003.png,Nude,Cool,Glossy,61.7,15.08,5.74,20.85,56.97,60.84
C064,S334,Tan,Cool,18-24,6,IMG_334.png,Pink,Warm,Glossy,53.81,29.68,12.52,22.87,80.21,54.8
C064,S410,Tan,Cool,18-24,5,IMG_410.png,Pink,Cool,Glossy,72.37,34.7,6.55,10.69,81.42,73.34
C064,S071,Tan,Cool,18-24,7,IMG_071.png,Mauve,Warm,Matte,46.67,24.65,9.83,21.74,65.36,48.47
C064,S210,Tan,Cool,18-24,6,IMG_210.png,Mauve,Neutral,Satin,48.16,28.2,0.31,0.63,72.26,47.88
C064,S064,Tan,Cool,18-24,5,IMG_064.png,Nude,Neutral,Matte,57.68,8.49,1.18,7.9,46.71,62.52
C064,S385,Tan,Cool,18-24,5,IMG_385.png,Berry,Warm,Satin,54.08,40.96,-4.88,353.21,89.28,56.18
C064,S094,Tan,Cool,18-24,8,IMG_094.png,Nude,Cool,Matte,52.28,4.76,16.16,73.58,53.43,48.56
C064,S486,Tan,Cool,18-24,7,IMG_486.png,Coral,Cool,Satin,56.54,36.42,21.42,30.47,88.45,57.18
C064,S186,Tan,Cool,18-24,5,IMG_186.png,Plum,Neutral,Satin,36.97,30.89,-11.08,340.27,75.99,35.73
C064,S034,Tan,Cool,18-24,7,IMG_034.png,Mauve,Cool,Matte,54.83,30.06,0.19,0.36,73.34,54.83
C064,S078,Tan,Cool,18-24,7,IMG_078.png,Plum,Warm,Satin,39.28,31.21,-5.96,349.19,72.75,39.35
C064,S001,Tan,Cool,18-24,5,IMG_001.png,Nude,Neutral,Glossy,67.64,6.24,9.49,56.65,53.13,67.01
C064,S012,Tan,Cool,18-24,7,IMG_012.png,Pink,Neutral,Matte,57.46,29.6,-0.44,359.15,65.33,54.81
C064,S416,Tan,Cool,18-24,8,IMG_416.png,Berry,Cool,Glossy,44.52,42.13,-10.82,345.6,74.33,43.28
C064,S023,Tan,Cool,18-24,5,IMG_023.png,Pink,Warm,Glossy,59.29,31.43,20.39,32.97,79.16,61.5
C065,S362,Fair,Cool,18-24,5,IMG_362.png,Coral,Warm,Glossy,44.59,39.79,42.75,47.06,100.0,42.55
C065,S074,Fair,Cool,18-24,3,IMG_074.png,Brown,Warm,Satin,33.57,18.57,30.19,58.4,74.8,34.04
C065,S375,Fair,Cool,18-24,6,IMG_375.png,Mauve,Warm,Matte,48.6,21.85,14.88,34.26,58.85,46.15
C065,S156,Fair,Cool,18-24,6,IMG_156.png,Berry,Cool,Matte,49.66,32.99,2.37,4.12,81.61,49.8
C065,S105,Fair,Cool,18-24,5,IMG_105.png,Orange,Neutral,Satin,43.96,31.98,45.0,54.6,95.09,43.2
C065,S395,Fair,Cool,18-24,5,IMG_395.png,Pink,Neutral,Matte,63.76,31.9,3.06,5.49,67.76,62.34
C065,S378,Fair,Cool,18-24,5,IMG_378.png,Plum,Cool,Satin,34.57,36.3,-11.39,342.58,79.39,34.97
C065,S125,Fair,Cool,18-24,5,IMG_125.png,Brown,Warm,Satin,37.1,19.35,27.23,54.6,83.32,36.88
C065,S069,Fair,Cool,18-24,7,IMG_069.png,Mauve,Warm,Satin,50.92,23.73,4.49,10.72,61.53,52.34
C065,S451,Fair,Cool,18-24,3,IMG_451.png,Berry,Warm,Satin,46.36,43.95,-0.07,359.91,87.49,43.78
C065,S010,Fair,Cool,18-24,6,IMG_010.png,Orange,Cool,Matte,64.14,27.86,33.47,50.22,86.36,65.06
C065,S195,Fair,Cool,18-24,3,IMG_195.png,Plum,Warm,Matte,30.1,24.27,-9.32,338.99,62.78,30.42
C065,S407,Fair,Cool,18-24,6,IMG_407.png,Coral,Cool,Matte,45.34,34.17,21.6,32.3,88.31,44.23
C065,S085,Fair,Cool,18-24,5,IMG_085.png,Orange,Warm,Satin,44.61,33.92,42.86,51.64,93.54,46.28
C065,S372,Fair,Cool,18-24,6,IMG_372.png,Berry,Neutral,Satin,51.76,37.7,9.95,14.78,80.47,50.23
C065,S389,Fair,Cool,18-24,4,IMG_389.png,Berry,Neutral,Glossy,37.98,38.26,-5.12,352.38,79.83,35.73
C065,S496,Fair,Cool,18-24,6,IMG_496.png,Orange,Neutral,Satin,63.61,26.61,43.06,58.29,94.45,62.31
C065,S031,Fair,Cool,18-24,4,IMG_031.png,Plum,Neutral,Satin,29.74,29.53,-15.0,333.07,69.1,34.0
C065,S317,Fair,Cool,18-24,4,IMG_317.png,Nude,Warm,Glossy,49.49,17.95,18.57,45.98,72.61,52.36
C065,S409,Fair,Cool,18-24,6,IMG_409.png,Red,Neutral,Glossy,41.5,45.1,20.21,24.14,94.06,40.62
C065,S491,Fair,Cool,18-24,8,IMG_491.png,Coral,Cool,Matte,63.93,27.99,18.86,33.97,73.98,62.27
C065,S492,Fair,Cool,18-24,8,IMG_492.png,Mauve,Warm,Glossy,55.1,22.72,7.8,18.95,61.46,53.01
C065,S281,Fair,Cool,18-24,6,IMG_281.png,Orange,Warm,Matte,60.83,29.03,43.83,56.48,100.0,60.4
C065,S357,Fair,Cool,18-24,6,IMG_357.png,Brown,Cool,Matte,26.54,8.39,10.47,51.3,56.74,27.15
C065,S077,Fair,Cool,18-24,6,IMG_077.png,Mauve,Warm,Matte,41.89,27.69,3.2,6.6,63.54,42.78
C065,S462,Fair,Cool,18-24,8,IMG_462.png,Orange,Cool,Matte,62.73,31.4,31.55,45.13,93.64,64.55
C065,S498,Fair,Cool,18-24,6,IMG_498.png,Pink,Neutral,Matte,62.17,31.28,11.43,20.08,85.25,62.51
C065,S212,Fair,Cool,18-24,5,IMG_212.png,Plum,Cool,Matte,36.22,24.36,-15.0,328.38,59.84,36.7
C065,S102,Fair,Cool,18-24,4,IMG_102.png,Orange,Neutral,Satin,67.72,35.5,37.34,46.45,90.45,67.09
C065,S335,Fair,Cool,18-24,6,IMG_335.png,Orange,Neutral,Glossy,65.14,24.44,42.18,59.91,99.55,65.56
C065,S476,Fair,Cool,18-24,8,IMG_476.png,Mauve,Warm,Matte,60.59,26.41,8.59,18.01,68.95,60.25
C065,S337,Fair,Cool,18-24,6,IMG_337.png,Pink,Neutral,Satin,60.41,30.57,8.81,16.07,80.2,58.23
C065,S441,Fair,Cool,18-24,7,IMG_441.png,Coral,Neutral,Satin,50.89,43.17,19.48,24.29,96.73,50.39
C065,S174,Fair,Cool,18-24,6,IMG_174.png,Coral,Cool,Matte,60.02,33.42,19.58,30.36,79.89,60.94
C065,S003,Fair,Cool,18-24,7,IMG_003.png,Nude,Cool,Glossy,61.7,15.08,5.74,20.85,56.97,60.84
C065,S334,Fair,Cool,18-24,5,IMG_334.png,Pink,Warm,Glossy,53.81,29.68,12.52,22.87,80.21,54.8
C065,S410,Fair,Cool,18-24,6,IMG_410.png,Pink,Cool,Glossy,72.37,34.7,6.55,10.69,81.42,73.34
C065,S071,Fair,Cool,18-24,7,IMG_071.png,Mauve,Warm,Matte,46.67,24.65,9.83,21.74,65.36,48.47
C065,S210,Fair,Cool,18-24,8,IMG_210.png,Mauve,Neutral,Satin,48.16,28.2,0.31,0.63,72.26,47.88
C065,S064,Fair,Cool,18-24,6,IMG_064.png,Nude,Neutral,Matte,57.68,8.49,1.18,7.9,46.71,62.52
C065,S385,Fair,Cool,18-24,5,IMG_385.png,Berry,Warm,Satin,54.08,40.96,-4.88,353.21,89.28,56.18
C065,S094,Fair,Cool,18-24,6,IMG_094.png,Nude,Cool,Matte,52.28,4.76,16.16,73.58,53.43,48.56
C065,S486,Fair,Cool,18-24,8,IMG_486.png,Coral,Cool,Satin,56.54,36.42,21.42,30.47,88.45,57.18
C065,S186,Fair,Cool,18-24,5,IMG_186.png,Plum,Neutral,Satin,36.97,30.89,-11.08,340.27,75.99,35.73
C065,S034,Fair,Cool,18-24,8,IMG_034.png,Mauve,Cool,Matte,54.83,30.06,0.19,0.36,73.34,54.83
C065,S078,Fair,Cool,18-24,3,IMG_078.png,Plum,Warm,Satin,39.28,31.21,-5.96,349.19,72.75,39.35
C065,S001,Fair,Cool,18-24,5,IMG_001.png,Nude,Neutral,Glossy,67.64,6.24,9.49,56.65,53.13,67.01
C065,S012,Fair,Cool,18-24,6,IMG_012.png,Pink,Neutral,Matte,57.46,29.6,-0.44,359.15,65.33,54.81
C065,S416,Fair,Cool,18-24,6,IMG_416.png,Berry,Cool,Glossy,44.52,42.13,-10.82,345.6,74.33,43.28
C065,S023,Fair,Cool,18-24,4,IMG_023.png,Pink,Warm,Glossy,59.29,31.43,20.39,32.97,79.16,61.5
C066,S362,Medium,Cool,25-34,5,IMG_362.png,Coral,Warm,Glossy,44.59,39.79,42.75,47.06,100.0,42.55
C066,S074,Medium,Cool,25-34,6,IMG_074.png,Brown,Warm,Satin,33.57,18.57,30.19,58.4,74.8,34.04
C066,S375,Medium,Cool,25-34,7,IMG_375.png,Mauve,Warm,Matte,48.6,21.85,14.88,34.26,58.85,46.15
C066,S156,Medium,Cool,25-34,8,IMG_156.png,Berry,Cool,Matte,49.66,32.99,2.37,4.12,81.61,49.8
C066,S105,Medium,Cool,25-34,6,IMG_105.png,Orange,Neutral,Satin,43.96,31.98,45.0,54.6,95.09,43.2
C066,S395,Medium,Cool,25-34,5,IMG_395.png,Pink,Neutral,Matte,63.76,31.9,3.06,5.49,67.76,62.34
C066,S378,Medium,Cool,25-34,6,IMG_378.png,Plum,Cool,Satin,34.57,36.3,-11.39,342.58,79.39,34.97
C066,S125,Medium,Cool,25-34,5,IMG_125.png,Brown,Warm,Satin,37.1,19.35,27.23,54.6,83.32,36.88
C066,S069,Medium,Cool,25-34,7,IMG_069.png,Mauve,Warm,Satin,50.92,23.73,4.49,10.72,61.53,52.34
C066,S451,Medium,Cool,25-34,5,IMG_451.png,Berry,Warm,Satin,46.36,43.95,-0.07,359.91,87.49,43.78
C066,S010,Medium,Cool,25-34,8,IMG_010.png,Orange,Cool,Matte,64.14,27.86,33.47,50.22,86.36,65.06
C066,S195,Medium,Cool,25-34,4,IMG_195.png,Plum,Warm,Matte,30.1,24.27,-9.32,338.99,62.78,30.42
C066,S407,Medium,Cool,25-34,8,IMG_407.png,Coral,Cool,Matte,45.34,34.17,21.6,32.3,88.31,44.23
C066,S085,Medium,Cool,25-34,5,IMG_085.png,Orange,Warm,Satin,44.61,33.92,42.86,51.64,93.54,46.28
C066,S372,Medium,Cool,25-34,6,IMG_372.png,Berry,Neutral,Satin,51.76,37.7,9.95,14.78,80.47,50.23
C066,S389,Medium,Cool,25-34,6,IMG_389.png,Berry,Neutral,Glossy,37.98,38.26,-5.12,352.38,79.83,35.73
C066,S496,Medium,Cool,25-34,5,IMG_496.png,Orange,Neutral,Satin,63.61,26.61,43.06,58.29,94.45,62.31
C066,S031,Medium,Cool,25-34,5,IMG_031.png,Plum,Neutral,Satin,29.74,29.53,-15.0,333.07,69.1,34.0
C066,S317,Medium,Cool,25-34,4,IMG_317.png,Nude,Warm,Glossy,49.49,17.95,18.57,45.98,72.61,52.36
C066,S409,Medium,Cool,25-34,6,IMG_409.png,Red,Neutral,Glossy,41.5,45.1,20.21,24.14,94.06,40.62
C066,S491,Medium,Cool,25-34,4,IMG_491.png,Coral,Cool,Matte,63.93,27.99,18.86,33.97,73.98,62.27
C066,S492,Medium,Cool,25-34,7,IMG_492.png,Mauve,Warm,Glossy,55.1,22.72,7.8,18.95,61.46,53.01
C066,S281,Medium,Cool,25-34,6,IMG_281.png,Orange,Warm,Matte,60.83,29.03,43.83,56.48,100.0,60.4
C066,S357,Medium,Cool,25-34,6,IMG_357.png,Brown,Cool,Matte,26.54,8.39,10.47,51.3,56.74,27.15
C066,S077,Medium,Cool,25-34,6,IMG_077.png,Mauve,Warm,Matte,41.89,27.69,3.2,6.6,63.54,42.78
C066,S462,Medium,Cool,25-34,6,IMG_462.png,Orange,Cool,Matte,62.73,31.4,31.55,45.13,93.64,64.55
C066,S498,Medium,Cool,25-34,5,IMG_498.png,Pink,Neutral,Matte,62.17,31.28,11.43,20.08,85.25,62.51
C066,S212,Medium,Cool,25-34,6,IMG_212.png,Plum,Cool,Matte,36.22,24.36,-15.0,328.38,59.84,36.7
C066,S102,Medium,Cool,25-34,4,IMG_102.png,Orange,Neutral,Satin,67.72,35.5,37.34,46.45,90.45,67.09
C066,S335,Medium,Cool,25-34,5,IMG_335.png,Orange,Neutral,Glossy,65.14,24.44,42.18,59.91,99.55,65.56
C066,S476,Medium,Cool,25-34,7,IMG_476.png,Mauve,Warm,Matte,60.59,26.41,8.59,18.01,68.95,60.25
C066,S337,Medium,Cool,25-34,6,IMG_337.png,Pink,Neutral,Satin,60.41,30.57,8.81,16.07,80.2,58.23
C066,S441,Medium,Cool,25-34,7,IMG_441.png,Coral,Neutral,Satin,50.89,43.17,19.48,24.29,96.73,50.39
C066,S174,Medium,Cool,25-34,7,IMG_174.png,Coral,Cool,Matte,60.02,33.42,19.58,30.36,79.89,60.94
C066,S003,Medium,Cool,25-34,6,IMG_003.png,Nude,Cool,Glossy,61.7,15.08,5.74,20.85,56.97,60.84
C066,S334,Medium,Cool,25-34,4,IMG_334.png,Pink,Warm,Glossy,53.81,29.68,12.52,22.87,80.21,54.8
C066,S410,Medium,Cool,25-34,6,IMG_410.png,Pink,Cool,Glossy,72.37,34.7,6.55,10.69,81.42,73.34
C066,S071,Medium,Cool,25-34,6,IMG_071.png,Mauve,Warm,Matte,46.67,24.65,9.83,21.74,65.36,48.47
C066,S210,Medium,Cool,25-34,7,IMG_210.png,Mauve,Neutral,Satin,48.16,28.2,0.31,0.63,72.26,47.88
C066,S064,Medium,Cool,25-34,6,IMG_064.png,Nude,Neutral,Matte,57.68,8.49,1.18,7.9,46.71,62.52
C066,S385,Medium,Cool,25-34,7,IMG_385.png,Berry,Warm,Satin,54.08,40.96,-4.88,353.21,89.28,56.18
C066,S094,Medium,Cool,25-34,7,IMG_094.png,Nude,Cool,Matte,52.28,4.76,16.16,73.58,53.43,48.56
C066,S486,Medium,Cool,25-34,7,IMG_486.png,Coral,Cool,Satin,56.54,36.42,21.42,30.47,88.45,57.18
C066,S186,Medium,Cool,25-34,4,IMG_186.png,Plum,Neutral,Satin,36.97,30.89,-11.08,340.27,75.99,35.73
C066,S034,Medium,Cool,25-34,9,IMG_034.png,Mauve,Cool,Matte,54.83,30.06,0.19,0.36,73.34,54.83
C066,S078,Medium,Cool,25-34,5,IMG_078.png,Plum,Warm,Satin,39.28,31.21,-5.96,349.19,72.75,39.35
C066,S001,Medium,Cool,25-34,6,IMG_001.png,Nude,Neutral,Glossy,67.64,6.24,9.49,56.65,53.13,67.01
C066,S012,Medium,Cool,25-34,6,IMG_012.png,Pink,Neutral,Matte,57.46,29.6,-0.44,359.15,65.33,54.81
C066,S416,Medium,Cool,25-34,7,IMG_416.png,Berry,Cool,Glossy,44.52,42.13,-10.82,345.6,74.33,43.28
C066,S023,Medium,Cool,25-34,6,IMG_023.png,Pink,Warm,Glossy,59.29,31.43,20.39,32.97,79.16,61.5
C067,S362,Light,Cool,18-24,5,IMG_362.png,Coral,Warm,Glossy,44.59,39.79,42.75,47.06,100.0,42.55
C067,S074,Light,Cool,18-24,3,IMG_074.png,Brown,Warm,Satin,33.57,18.57,30.19,58.4,74.8,34.04
C067,S375,Light,Cool,18-24,9,IMG_375.png,Mauve,Warm,Matte,48.6,21.85,14.88,34.26,58.85,46.15
C067,S156,Light,Cool,18-24,6,IMG_156.png,Berry,Cool,Matte,49.66,32.99,2.37,4.12,81.61,49.8
C067,S105,Light,Cool,18-24,5,IMG_105.png,Orange,Neutral,Satin,43.96,31.98,45.0,54.6,95.09,43.2
C067,S395,Light,Cool,18-24,6,IMG_395.png,Pink,Neutral,Matte,63.76,31.9,3.06,5.49,67.76,62.34
C067,S378,Light,Cool,18-24,6,IMG_378.png,Plum,Cool,Satin,34.57,36.3,-11.39,342.58,79.39,34.97
C067,S125,Light,Cool,18-24,4,IMG_125.png,Brown,Warm,Satin,37.1,19.35,27.23,54.6,83.32,36.88
C067,S069,Light,Cool,18-24,7,IMG_069.png,Mauve,Warm,Satin,50.92,23.73,4.49,10.72,61.53,52.34
C067,S451,Light,Cool,18-24,5,IMG_451.png,Berry,Warm,Satin,46.36,43.95,-0.07,359.91,87.49,43.78
C067,S010,Light,Cool,18-24,6,IMG_010.png,Orange,Cool,Matte,64.14,27.86,33.47,50.22,86.36,65.06
C067,S195,Light,Cool,18-24,6,IMG_195.png,Plum,Warm,Matte,30.1,24.27,-9.32,338.99,62.78,30.42
C067,S407,Light,Cool,18-24,6,IMG_407.png,Coral,Cool,Matte,45.34,34.17,21.6,32.3,88.31,44.23
C067,S085,Light,Cool,18-24,6,IMG_085.png,Orange,Warm,Satin,44.61,33.92,42.86,51.64,93.54,46.28
C067,S372,Light,Cool,18-24,6,IMG_372.png,Berry,Neutral,Satin,51.76,37.7,9.95,14.78,80.47,50.23
C067,S389,Light,Cool,18-24,5,IMG_389.png,Berry,Neutral,Glossy,37.98,38.26,-5.12,352.38,79.83,35.73
C067,S496,Light,Cool,18-24,6,IMG_496.png,Orange,Neutral,Satin,63.61,26.61,43.06,58.29,94.45,62.31
C067,S031,Light,Cool,18-24,3,IMG_031.png,Plum,Neutral,Satin,29.74,29.53,-15.0,333.07,69.1,34.0
C067,S317,Light,Cool,18-24,6,IMG_317.png,Nude,Warm,Glossy,49.49,17.95,18.57,45.98,72.61,52.36
C067,S409,Light,Cool,18-24,5,IMG_409.png,Red,Neutral,Glossy,41.5,45.1,20.21,24.14,94.06,40.62
C067,S491,Light,Cool,18-24,8,IMG_491.png,Coral,Cool,Matte,63.93,27.99,18.86,33.97,73.98,62.27
C067,S492,Light,Cool,18-24,7,IMG_492.png,Mauve,Warm,Glossy,55.1,22.72,7.8,18.95,61.46,53.01
C067,S281,Light,Cool,18-24,5,IMG_281.png,Orange,Warm,Matte,60.83,29.03,43.83,56.48,100.0,60.4
C067,S357,Light,Cool,18-24,5,IMG_357.png,Brown,Cool,Matte,26.54,8.39,10.47,51.3,56.74,27.15
C067,S077,Light,Cool,18-24,8,IMG_077.png,Mauve,Warm,Matte,41.89,27.69,3.2,6.6,63.54,42.78
C067,S462,Light,Cool,18-24,6,IMG_462.png,Orange,Cool,Matte,62.73,31.4,31.55,45.13,93.64,64.55
C067,S498,Light,Cool,18-24,7,IMG_498.png,Pink,Neutral,Matte,62.17,31.28,11.43,20.08,85.25,62.51
C067,S212,Light,Cool,18-24,7,IMG_212.png,Plum,Cool,Matte,36.22,24.36,-15.0,328.38,59.84,36.7
C067,S102,Light,Cool,18-24,6,IMG_102.png,Orange,Neutral,Satin,67.72,35.5,37.34,46.45,90.45,67.09
C067,S335,Light,Cool,18-24,5,IMG_335.png,Orange,Neutral,Glossy,65.14,24.44,42.18,59.91,99.55,65.56
C067,S476,Light,Cool,18-24,6,IMG_476.png,Mauve,Warm,Matte,60.59,26.41,8.59,18.01,68.95,60.25
C067,S337,Light,Cool,18-24,7,IMG_337.png,Pink,Neutral,Satin,60.41,30.57,8.81,16.07,80.2,58.23
C067,S441,Light,Cool,18-24,5,IMG_441.png,Coral,Neutral,Satin,50.89,43.17,19.48,24.29,96.73,50.39
C067,S174,Light,Cool,18-24,8,IMG_174.png,Coral,Cool,Matte,60.02,33.42,19.58,30.36,79.89,60.94
C067,S003,Light,Cool,18-24,7,IMG_003.png,Nude,Cool,Glossy,61.7,15.08,5.74,20.85,56.97,60.84
C067,S334,Light,Cool,18-24,6,IMG_334.png,Pink,Warm,Glossy,53.81,29.68,12.52,22.87,80.21,54.8
C067,S410,Light,Cool,18-24,7,IMG_410.png,Pink,Cool,Glossy,72.37,34.7,6.55,10.69,81.42,73.34
C067,S071,Light,Cool,18-24,6,IMG_071.png,Mauve,Warm,Matte,46.67,24.65,9.83,21.74,65.36,48.47
C067,S210,Light,Cool,18-24,7,IMG_210.png,Mauve,Neutral,Satin,48.16,28.2,0.31,0.63,72.26,47.88
C067,S064,Light,Cool,18-24,7,IMG_064.png,Nude,Neutral,Matte,57.68,8.49,1.18,7.9,46.71,62.52
C067,S385,Light,Cool,18-24,5,IMG_385.png,Berry,Warm,Satin,54.08,40.96,-4.88,353.21,89.28,56.18
C067,S094,Light,Cool,18-24,5,IMG_094.png,Nude,Cool,Matte,52.28,4.76,16.16,73.58,53.43,48.56
C067,S486,Light,Cool,18-24,8,IMG_486.png,Coral,Cool,Satin,56.54,36.42,21.42,30.47,88.45,57.18
C067,S186,Light,Cool,18-24,4,IMG_186.png,Plum,Neutral,Satin,36.97,30.89,-11.08,340.27,75.99,35.73
C067,S034,Light,Cool,18-24,9,IMG_034.png,Mauve,Cool,Matte,54.83,30.06,0.19,0.36,73.34,54.83
C067,S078,Light,Cool,18-24,6,IMG_078.png,Plum,Warm,Satin,39.28,31.21,-5.96,349.19,72.75,39.35
C067,S001,Light,Cool,18-24,6,IMG_001.png,Nude,Neutral,Glossy,67.64,6.24,9.49,56.65,53.13,67.01
C067,S012,Light,Cool,18-24,7,IMG_012.png,Pink,Neutral,Matte,57.46,29.6,-0.44,359.15,65.33,54.81
C067,S416,Light,Cool,18-24,7,IMG_416.png,Berry,Cool,Glossy,44.52,42.13,-10.82,345.6,74.33,43.28
C067,S023,Light,Cool,18-24,7,IMG_023.png,Pink,Warm,Glossy,59.29,31.43,20.39,32.97,79.16,61.5
C068,S362,Deep,Warm,18-24,6,IMG_362.png,Coral,Warm,Glossy,44.59,39.79,42.75,47.06,100.0,42.55
C068,S074,Deep,Warm,18-24,7,IMG_074.png,Brown,Warm,Satin,33.57,18.57,30.19,58.4,74.8,34.04
C068,S375,Deep,Warm,18-24,8,IMG_375.png,Mauve,Warm,Matte,48.6,21.85,14.88,34.26,58.85,46.15
C068,S156,Deep,Warm,18-24,6,IMG_156.png,Berry,Cool,Matte,49.66,32.99,2.37,4.12,81.61,49.8
C068,S105,Deep,Warm,18-24,7,IMG_105.png,Orange,Neutral,Satin,43.96,31.98,45.0,54.6,95.09,43.2
C068,S395,Deep,Warm,18-24,5,IMG_395.png,Pink,Neutral,Matte,63.76,31.9,3.06,5.49,67.76,62.34
C068,S378,Deep,Warm,18-24,7,IMG_378.png,Plum,Cool,Satin,34.57,36.3,-11.39,342.58,79.39,34.97
C068,S125,Deep,Warm,18-24,9,IMG_125.png,Brown,Warm,Satin,37.1,19.35,27.23,54.6,83.32,36.88
C068,S069,Deep,Warm,18-24,7,IMG_069.png,Mauve,Warm,Satin,50.92,23.73,4.49,10.72,61.53,52.34
C068,S451,Deep,Warm,18-24,8,IMG_451.png,Berry,Warm,Satin,46.36,43.95,-0.07,359.91,87.49,43.78
C068,S010,Deep,Warm,18-24,5,IMG_010.png,Orange,Cool,Matte,64.14,27.86,33.47,50.22,86.36,65.06
C068,S195,Deep,Warm,18-24,6,IMG_195.png,Plum,Warm,Matte,30.1,24.27,-9.32,338.99,62.78,30.42
C068,S407,Deep,Warm,18-24,5,IMG_407.png,Coral,Cool,Matte,45.34,34.17,21.6,32.3,88.31,44.23
C068,S085,Deep,Warm,18-24,8,IMG_085.png,Orange,Warm,Satin,44.61,33.92,42.86,51.64,93.54,46.28
C068,S372,Deep,Warm,18-24,6,IMG_372.png,Berry,Neutral,Satin,51.76,37.7,9.95,14.78,80.47,50.23
C068,S389,Deep,Warm,18-24,6,IMG_389.png,Berry,Neutral,Glossy,37.98,38.26,-5.12,352.38,79.83,35.73
C068,S496,Deep,Warm,18-24,5,IMG_496.png,Orange,Neutral,Satin,63.61,26.61,43.06,58.29,94.45,62.31
C068,S031,Deep,Warm,18-24,4,IMG_031.png,Plum,Neutral,Satin,29.74,29.53,-15.0,333.07,69.1,34.0
C068,S317,Deep,Warm,18-24,8,IMG_317.png,Nude,Warm,Glossy,49.49,17.95,18.57,45.98,72.61,52.36
C068,S409,Deep,Warm,18-24,6,IMG_409.png,Red,Neutral,Glossy,41.5,45.1,20.21,24.14,94.06,40.62
C068,S491,Deep,Warm,18-24,5,IMG_491.png,Coral,Cool,Matte,63.93,27.99,18.86,33.97,73.98,62.27
C068,S492,Deep,Warm,18-24,7,IMG_492.png,Mauve,Warm,Glossy,55.1,22.72,7.8,18.95,61.46,53.01
C068,S281,Deep,Warm,18-24,6,IMG_281.png,Orange,Warm,Matte,60.83,29.03,43.83,56.48,100.0,60.4
C068,S357,Deep,Warm,18-24,6,IMG_357.png,Brown,Cool,Matte,26.54,8.39,10.47,51.3,56.74,27.15
C068,S077,Deep,Warm,18-24,7,IMG_077.png,Mauve,Warm,Matte,41.89,27.69,3.2,6.6,63.54,42.78
C068,S462,Deep,Warm,18-24,5,IMG_462.png,Orange,Cool,Matte,62.73,31.4,31.55,45.13,93.64,64.55
C068,S498,Deep,Warm,18-24,5,IMG_498.png,Pink,Neutral,Matte,62.17,31.28,11.43,20.08,85.25,62.51
C068,S212,Deep,Warm,18-24,7,IMG_212.png,Plum,Cool,Matte,36.22,24.36,-15.0,328.38,59.84,36.7
C068,S102,Deep,Warm,18-24,6,IMG_102.png,Orange,Neutral,Satin,67.72,35.5,37.34,46.45,90.45,67.09
C068,S335,Deep,Warm,18-24,3,IMG_335.png,Orange,Neutral,Glossy,65.14,24.44,42.18,59.91,99.55,65.56
C068,S476,Deep,Warm,18-24,6,IMG_476.png,Mauve,Warm,Matte,60.59,26.41,8.59,18.01,68.95,60.25
C068,S337,Deep,Warm,18-24,5,IMG_337.png,Pink,Neutral,Satin,60.41,30.57,8.81,16.07,80.2,58.23
C068,S441,Deep,Warm,18-24,6,IMG_441.png,Coral,Neutral,Satin,50.89,43.17,19.48,24.29,96.73,50.39
C068,S174,Deep,Warm,18-24,5,IMG_174.png,Coral,Cool,Matte,60.02,33.42,19.58,30.36,79.89,60.94
C068,S003,Deep,Warm,18-24,6,IMG_003.png,Nude,Cool,Glossy,61.7,15.08,5.74,20.85,56.97,60.84
C068,S334,Deep,Warm,18-24,7,IMG_334.png,Pink,Warm,Glossy,53.81,29.68,12.52,22.87,80.21,54.8
C068,S410,Deep,Warm,18-24,3,IMG_410.png,Pink,Cool,Glossy,72.37,34.7,6.55,10.69,81.42,73.34
C068,S071,Deep,Warm,18-24,6,IMG_071.png,Mauve,Warm,Matte,46.67,24.65,9.83,21.74,65.36,48.47
C068,S210,Deep,Warm,18-24,5,IMG_210.png,Mauve,Neutral,Satin,48.16,28.2,0.31,0.63,72.26,47.88
C068,S064,Deep,Warm,18-24,7,IMG_064.png,Nude,Neutral,Matte,57.68,8.49,1.18,7.9,46.71,62.52
C068,S385,Deep,Warm,18-24,6,IMG_385.png,Berry,Warm,Satin,54.08,40.96,-4.88,353.21,89.28,56.18
C068,S094,Deep,Warm,18-24,7,IMG_094.png,Nude,Cool,Matte,52.28,4.76,16.16,73.58,53.43,48.56
C068,S486,Deep,Warm,18-24,5,IMG_486.png,Coral,Cool,Satin,56.54,36.42,21.42,30.47,88.45,57.18
C068,S186,Deep,Warm,18-24,6,IMG_186.png,Plum,Neutral,Satin,36.97,30.89,-11.08,340.27,75.99,35.73
C068,S034,Deep,Warm,18-24,6,IMG_034.png,Mauve,Cool,Matte,54.83,30.06,0.19,0.36,73.34,54.83
C068,S078,Deep,Warm,18-24,7,IMG_078.png,Plum,Warm,Satin,39.28,31.21,-5.96,349.19,72.75,39.35
C068,S001,Deep,Warm,18-24,7,IMG_001.png,Nude,Neutral,Glossy,67.64,6.24,9.49,56.65,53.13,67.01
C068,S012,Deep,Warm,18-24,5,IMG_012.png,Pink,Neutral,Matte,57.46,29.6,-0.44,359.15,65.33,54.81
C068,S416,Deep,Warm,18-24,6,IMG_416.png,Berry,Cool,Glossy,44.52,42.13,-10.82,345.6,74.33,43.28
C068,S023,Deep,Warm,18-24,6,IMG_023.png,Pink,Warm,Glossy,59.29,31.43,20.39,32.97,79.16,61.5
C069,S362,Medium,Warm,18-24,7,IMG_362.png,Coral,Warm,Glossy,44.59,39.79,42.75,47.06,100.0,42.55
C069,S074,Medium,Warm,18-24,6,IMG_074.png,Brown,Warm,Satin,33.57,18.57,30.19,58.4,74.8,34.04
C069,S375,Medium,Warm,18-24,8,IMG_375.png,Mauve,Warm,Matte,48.6,21.85,14.88,34.26,58.85,46.15
C069,S156,Medium,Warm,18-24,6,IMG_156.png,Berry,Cool,Matte,49.66,32.99,2.37,4.12,81.61,49.8
C069,S105,Medium,Warm,18-24,5,IMG_105.png,Orange,Neutral,Satin,43.96,31.98,45.0,54.6,95.09,43.2
C069,S395,Medium,Warm,18-24,6,IMG_395.png,Pink,Neutral,Matte,63.76,31.9,3.06,5.49,67.76,62.34
C069,S378,Medium,Warm,18-24,4,IMG_378.png,Plum,Cool,Satin,34.57,36.3,-11.39,342.58,79.39,34.97
C069,S125,Medium,Warm,18-24,7,IMG_125.png,Brown,Warm,Satin,37.1,19.35,27.23,54.6,83.32,36.88
C069,S069,Medium,Warm,18-24,9,IMG_069.png,Mauve,Warm,Satin,50.92,23.73,4.49,10.72,61.53,52.34
C069,S451,Medium,Warm,18-24,8,IMG_451.png,Berry,Warm,Satin,46.36,43.95,-0.07,359.91,87.49,43.78
C069,S010,Medium,Warm,18-24,4,IMG_010.png,Orange,Cool,Matte,64.14,27.86,33.47,50.22,86.36,65.06
C069,S195,Medium,Warm,18-24,4,IMG_195.png,Plum,Warm,Matte,30.1,24.27,-9.32,338.99,62.78,30.42
C069,S407,Medium,Warm,18-24,5,IMG_407.png,Coral,Cool,Matte,45.34,34.17,21.6,32.3,88.31,44.23
C069,S085,Medium,Warm,18-24,6,IMG_085.png,Orange,Warm,Satin,44.61,33.92,42.86,51.64,93.54,46.28
C069,S372,Medium,Warm,18-24,5,IMG_372.png,Berry,Neutral,Satin,51.76,37.7,9.95,14.78,80.47,50.23
C069,S389,Medium,Warm,18-24,6,IMG_389.png,Berry,Neutral,Glossy,37.98,38.26,-5.12,352.38,79.83,35.73
C069,S496,Medium,Warm,18-24,6,IMG_496.png,Orange,Neutral,Satin,63.61,26.61,43.06,58.29,94.45,62.31
C069,S031,Medium,Warm,18-24,4,IMG_031.png,Plum,Neutral,Satin,29.74,29.53,-15.0,333.07,69.1,34.0
C069,S317,Medium,Warm,18-24,7,IMG_317.png,Nude,Warm,Glossy,49.49,17.95,18.57,45.98,72.61,52.36
C069,S409,Medium,Warm,18-24,5,IMG_409.png,Red,Neutral,Glossy,41.5,45.1,20.21,24.14,94.06,40.62
C069,S491,Medium,Warm,18-24,6,IMG_491.png,Coral,Cool,Matte,63.93,27.99,18.86,33.97,73.98,62.27
C069,S492,Medium,Warm,18-24,8,IMG_492.png,Mauve,Warm,Glossy,55.1,22.72,7.8,18.95,61.46,53.01
C069,S281,Medium,Warm,18-24,6,IMG_281.png,Orange,Warm,Matte,60.83,29.03,43.83,56.48,100.0,60.4
C069,S357,Medium,Warm,18-24,5,IMG_357.png,Brown,Cool,Matte,26.54,8.39,10.47,51.3,56.74,27.15
C069,S077,Medium,Warm,18-24,8,IMG_077.png,Mauve,Warm,Matte,41.89,27.69,3.2,6.6,63.54,42.78
C069,S462,Medium,Warm,18-24,7,IMG_462.png,Orange,Cool,Matte,62.73,31.4,31.55,45.13,93.64,64.55
C069,S498,Medium,Warm,18-24,5,IMG_498.png,Pink,Neutral,Matte,62.17,31.28,11.43,20.08,85.25,62.51
C069,S212,Medium,Warm,18-24,5,IMG_212.png,Plum,Cool,Matte,36.22,24.36,-15.0,328.38,59.84,36.7
C069,S102,Medium,Warm,18-24,6,IMG_102.png,Orange,Neutral,Satin,67.72,35.5,37.34,46.45,90.45,67.09
C069,S335,Medium,Warm,18-24,5,IMG_335.png,Orange,Neutral,Glossy,65.14,24.44,42.18,59.91,99.55,65.56
C069,S476,Medium,Warm,18-24,7,IMG_476.png,Mauve,Warm,Matte,60.59,26.41,8.59,18.01,68.95,60.25
C069,S337,Medium,Warm,18-24,6,IMG_337.png,Pink,Neutral,Satin,60.41,30.57,8.81,16.07,80.2,58.23
C069,S441,Medium,Warm,18-24,7,IMG_441.png,Coral,Neutral,Satin,50.89,43.17,19.48,24.29,96.73,50.39
C069,S174,Medium,Warm,18-24,4,IMG_174.png,Coral,Cool,Matte,60.02,33.42,19.58,30.36,79.89,60.94
C069,S003,Medium,Warm,18-24,4,IMG_003.png,Nude,Cool,Glossy,61.7,15.08,5.74,20.85,56.97,60.84
C069,S334,Medium,Warm,18-24,5,IMG_334.png,Pink,Warm,Glossy,53.81,29.68,12.52,22.87,80.21,54.8
C069,S410,Medium,Warm,18-24,5,IMG_410.png,Pink,Cool,Glossy,72.37,34.7,6.55,10.69,81.42,73.34
C069,S071,Medium,Warm,18-24,8,IMG_071.png,Mauve,Warm,Matte,46.67,24.65,9.83,21.74,65.36,48.47
C069,S210,Medium,Warm,18-24,7,IMG_210.png,Mauve,Neutral,Satin,48.16,28.2,0.31,0.63,72.26,47.88
C069,S064,Medium,Warm,18-24,4,IMG_064.png,Nude,Neutral,Matte,57.68,8.49,1.18,7.9,46.71,62.52
C069,S385,Medium,Warm,18-24,6,IMG_385.png,Berry,Warm,Satin,54.08,40.96,-4.88,353.21,89.28,56.18
C069,S094,Medium,Warm,18-24,6,IMG_094.png,Nude,Cool,Matte,52.28,4.76,16.16,73.58,53.43,48.56
C069,S486,Medium,Warm,18-24,5,IMG_486.png,Coral,Cool,Satin,56.54,36.42,21.42,30.47,88.45,57.18
C069,S186,Medium,Warm,18-24,5,IMG_186.png,Plum,Neutral,Satin,36.97,30.89,-11.08,340.27,75.99,35.73
C069,S034,Medium,Warm,18-24,8,IMG_034.png,Mauve,Cool,Matte,54.83,30.06,0.19,0.36,73.34,54.83
C069,S078,Medium,Warm,18-24,8,IMG_078.png,Plum,Warm,Satin,39.28,31.21,-5.96,349.19,72.75,39.35
C069,S001,Medium,Warm,18-24,5,IMG_001.png,Nude,Neutral,Glossy,67.64,6.24,9.49,56.65,53.13,67.01
C069,S012,Medium,Warm,18-24,7,IMG_012.png,Pink,Neutral,Matte,57.46,29.6,-0.44,359.15,65.33,54.81
C069,S416,Medium,Warm,18-24,5,IMG_416.png,Berry,Cool,Glossy,44.52,42.13,-10.82,345.6,74.33,43.28
C069,S023,Medium,Warm,18-24,5,IMG_023.png,Pink,Warm,Glossy,59.29,31.43,20.39,32.97,79.16,61.5
C070,S362,Fair,Neutral,35-44,5,IMG_362.png,Coral,Warm,Glossy,44.59,39.79,42.75,47.06,100.0,42.55
C070,S074,Fair,Neutral,35-44,3,IMG_074.png,Brown,Warm,Satin,33.57,18.57,30.19,58.4,74.8,34.04
C070,S375,Fair,Neutral,35-44,7,IMG_375.png,Mauve,Warm,Matte,48.6,21.85,14.88,34.26,58.85,46.15
C070,S156,Fair,Neutral,35-44,5,IMG_156.png,Berry,Cool,Matte,49.66,32.99,2.37,4.12,81.61,49.8
C070,S105,Fair,Neutral,35-44,4,IMG_105.png,Orange,Neutral,Satin,43.96,31.98,45.0,54.6,95.09,43.2
C070,S395,Fair,Neutral,35-44,8,IMG_395.png,Pink,Neutral,Matte,63.76,31.9,3.06,5.49,67.76,62.34
C070,S378,Fair,Neutral,35-44,4,IMG_378.png,Plum,Cool,Satin,34.57,36.3,-11.39,342.58,79.39,34.97
C070,S125,Fair,Neutral,35-44,3,IMG_125.png,Brown,Warm,Satin,37.1,19.35,27.23,54.6,83.32,36.88
C070,S069,Fair,Neutral,35-44,8,IMG_069.png,Mauve,Warm,Satin,50.92,23.73,4.49,10.72,61.53,52.34
C070,S451,Fair,Neutral,35-44,5,IMG_451.png,Berry,Warm,Satin,46.36,43.95,-0.07,359.91,87.49,43.78
C070,S010,Fair,Neutral,35-44,7,IMG_010.png,Orange,Cool,Matte,64.14,27.86,33.47,50.22,86.36,65.06
C070,S195,Fair,Neutral,35-44,4,IMG_195.png,Plum,Warm,Matte,30.1,24.27,-9.32,338.99,62.78,30.42
C070,S407,Fair,Neutral,35-44,5,IMG_407.png,Coral,Cool,Matte,45.34,34.17,21.6,32.3,88.31,44.23
C070,S085,Fair,Neutral,35-44,5,IMG_085.png,Orange,Warm,Satin,44.61,33.92,42.86,51.64,93.54,46.28
C070,S372,Fair,Neutral,35-44,7,IMG_372.png,Berry,Neutral,Satin,51.76,37.7,9.95,14.78,80.47,50.23
C070,S389,Fair,Neutral,35-44,6,IMG_389.png,Berry,Neutral,Glossy,37.98,38.26,-5.12,352.38,79.83,35.73
C070,S496,Fair,Neutral,35-44,7,IMG_496.png,Orange,Neutral,Satin,63.61,26.61,43.06,58.29,94.45,62.31
C070,S031,Fair,Neutral,35-44,6,IMG_031.png,Plum,Neutral,Satin,29.74,29.53,-15.0,333.07,69.1,34.0
C070,S317,Fair,Neutral,35-44,6,IMG_317.png,Nude,Warm,Glossy,49.49,17.95,18.57,45.98,72.61,52.36
C070,S409,Fair,Neutral,35-44,6,IMG_409.png,Red,Neutral,Glossy,41.5,45.1,20.21,24.14,94.06,40.62
C070,S491,Fair,Neutral,35-44,6,IMG_491.png,Coral,Cool,Matte,63.93,27.99,18.86,33.97,73.98,62.27
C070,S492,Fair,Neutral,35-44,6,IMG_492.png,Mauve,Warm,Glossy,55.1,22.72,7.8,18.95,61.46,53.01
C070,S281,Fair,Neutral,35-44,7,IMG_281.png,Orange,Warm,Matte,60.83,29.03,43.83,56.48,100.0,60.4
C070,S357,Fair,Neutral,35-44,4,IMG_357.png,Brown,Cool,Matte,26.54,8.39,10.47,51.3,56.74,27.15
C070,S077,Fair,Neutral,35-44,6,IMG_077.png,Mauve,Warm,Matte,41.89,27.69,3.2,6.6,63.54,42.78
C070,S462,Fair,Neutral,35-44,7,IMG_462.png,Orange,Cool,Matte,62.73,31.4,31.55,45.13,93.64,64.55
C070,S498,Fair,Neutral,35-44,6,IMG_498.png,Pink,Neutral,Matte,62.17,31.28,11.43,20.08,85.25,62.51
C070,S212,Fair,Neutral,35-44,6,IMG_212.png,Plum,Cool,Matte,36.22,24.36,-15.0,328.38,59.84,36.7
C070,S102,Fair,Neutral,35-44,7,IMG_102.png,Orange,Neutral,Satin,67.72,35.5,37.34,46.45,90.45,67.09
C070,S335,Fair,Neutral,35-44,7,IMG_335.png,Orange,Neutral,Glossy,65.14,24.44,42.18,59.91,99.55,65.56
C070,S476,Fair,Neutral,35-44,8,IMG_476.png,Mauve,Warm,Matte,60.59,26.41,8.59,18.01,68.95,60.25
C070,S337,Fair,Neutral,35-44,6,IMG_337.png,Pink,Neutral,Satin,60.41,30.57,8.81,16.07,80.2,58.23
C070,S441,Fair,Neutral,35-44,7,IMG_441.png,Coral,Neutral,Satin,50.89,43.17,19.48,24.29,96.73,50.39
C070,S174,Fair,Neutral,35-44,7,IMG_174.png,Coral,Cool,Matte,60.02,33.42,19.58,30.36,79.89,60.94
C070,S003,Fair,Neutral,35-44,7,IMG_003.png,Nude,Cool,Glossy,61.7,15.08,5.74,20.85,56.97,60.84
C070,S334,Fair,Neutral,35-44,6,IMG_334.png,Pink,Warm,Glossy,53.81,29.68,12.52,22.87,80.21,54.8
C070,S410,Fair,Neutral,35-44,4,IMG_410.png,Pink,Cool,Glossy,72.37,34.7,6.55,10.69,81.42,73.34
C070,S071,Fair,Neutral,35-44,6,IMG_071.png,Mauve,Warm,Matte,46.67,24.65,9.83,21.74,65.36,48.47
C070,S210,Fair,Neutral,35-44,9,IMG_210.png,Mauve,Neutral,Satin,48.16,28.2,0.31,0.63,72.26,47.88
C070,S064,Fair,Neutral,35-44,6,IMG_064.png,Nude,Neutral,Matte,57.68,8.49,1.18,7.9,46.71,62.52
C070,S385,Fair,Neutral,35-44,7,IMG_385.png,Berry,Warm,Satin,54.08,40.96,-4.88,353.21,89.28,56.18
C070,S094,Fair,Neutral,35-44,5,IMG_094.png,Nude,Cool,Matte,52.28,4.76,16.16,73.58,53.43,48.56
C070,S486,Fair,Neutral,35-44,6,IMG_486.png,Coral,Cool,Satin,56.54,36.42,21.42,30.47,88.45,57.18
C070,S186,Fair,Neutral,35-44,6,IMG_186.png,Plum,Neutral,Satin,36.97,30.89,-11.08,340.27,75.99,35.73
C070,S034,Fair,Neutral,35-44,7,IMG_034.png,Mauve,Cool,Matte,54.83,30.06,0.19,0.36,73.34,54.83
C070,S078,Fair,Neutral,35-44,6,IMG_078.png,Plum,Warm,Satin,39.28,31.21,-5.96,349.19,72.75,39.35
C070,S001,Fair,Neutral,35-44,7,IMG_001.png,Nude,Neutral,Glossy,67.64,6.24,9.49,56.65,53.13,67.01
C070,S012,Fair,Neutral,35-44,8,IMG_012.png,Pink,Neutral,Matte,57.46,29.6,-0.44,359.15,65.33,54.81
C070,S416,Fair,Neutral,35-44,5,IMG_416.png,Berry,Cool,Glossy,44.52,42.13,-10.82,345.6,74.33,43.28
C070,S023,Fair,Neutral,35-44,7,IMG_023.png,Pink,Warm,Glossy,59.29,31.43,20.39,32.97,79.16,61.5
C071,S362,Fair,Neutral,18-24,8,IMG_362.png,Coral,Warm,Glossy,44.59,39.79,42.75,47.06,100.0,42.55
C071,S074,Fair,Neutral,18-24,4,IMG_074.png,Brown,Warm,Satin,33.57,18.57,30.19,58.4,74.8,34.04
C071,S375,Fair,Neutral,18-24,7,IMG_375.png,Mauve,Warm,Matte,48.6,21.85,14.88,34.26,58.85,46.15
C071,S156,Fair,Neutral,18-24,5,IMG_156.png,Berry,Cool,Matte,49.66,32.99,2.37,4.12,81.61,49.8
C071,S105,Fair,Neutral,18-24,7,IMG_105.png,Orange,Neutral,Satin,43.96,31.98,45.0,54.6,95.09,43.2
C071,S395,Fair,Neutral,18-24,7,IMG_395.png,Pink,Neutral,Matte,63.76,31.9,3.06,5.49,67.76,62.34
C071,S378,Fair,Neutral,18-24,4,IMG_378.png,Plum,Cool,Satin,34.57,36.3,-11.39,342.58,79.39,34.97
C071,S125,Fair,Neutral,18-24,5,IMG_125.png,Brown,Warm,Satin,37.1,19.35,27.23,54.6,83.32,36.88
C071,S069,Fair,Neutral,18-24,6,IMG_069.png,Mauve,Warm,Satin,50.92,23.73,4.49,10.72,61.53,52.34
C071,S451,Fair,Neutral,18-24,5,IMG_451.png,Berry,Warm,Satin,46.36,43.95,-0.07,359.91,87.49,43.78
C071,S010,Fair,Neutral,18-24,6,IMG_010.png,Orange,Cool,Matte,64.14,27.86,33.47,50.22,86.36,65.06
C071,S195,Fair,Neutral,18-24,5,IMG_195.png,Plum,Warm,Matte,30.1,24.27,-9.32,338.99,62.78,30.42
C071,S407,Fair,Neutral,18-24,7,IMG_407.png,Coral,Cool,Matte,45.34,34.17,21.6,32.3,88.31,44.23
C071,S085,Fair,Neutral,18-24,5,IMG_085.png,Orange,Warm,Satin,44.61,33.92,42.86,51.64,93.54,46.28
C071,S372,Fair,Neutral,18-24,7,IMG_372.png,Berry,Neutral,Satin,51.76,37.7,9.95,14.78,80.47,50.23
C071,S389,Fair,Neutral,18-24,5,IMG_389.png,Berry,Neutral,Glossy,37.98,38.26,-5.12,352.38,79.83,35.73
C071,S496,Fair,Neutral,18-24,7,IMG_496.png,Orange,Neutral,Satin,63.61,26.61,43.06,58.29,94.45,62.31
C071,S031,Fair,Neutral,18-24,5,IMG_031.png,Plum,Neutral,Satin,29.74,29.53,-15.0,333.07,69.1,34.0
C071,S317,Fair,Neutral,18-24,8,IMG_317.png,Nude,Warm,Glossy,49.49,17.95,18.57,45.98,72.61,52.36
C071,S409,Fair,Neutral,18-24,5,IMG_409.png,Red,Neutral,Glossy,41.5,45.1,20.21,24.14,94.06,40.62
C071,S491,Fair,Neutral,18-24,7,IMG_491.png,Coral,Cool,Matte,63.93,27.99,18.86,33.97,73.98,62.27
C071,S492,Fair,Neutral,18-24,6,IMG_492.png,Mauve,Warm,Glossy,55.1,22.72,7.8,18.95,61.46,53.01
C071,S281,Fair,Neutral,18-24,8,IMG_281.png,Orange,Warm,Matte,60.83,29.03,43.83,56.48,100.0,60.4
C071,S357,Fair,Neutral,18-24,3,IMG_357.png,Brown,Cool,Matte,26.54,8.39,10.47,51.3,56.74,27.15
C071,S077,Fair,Neutral,18-24,5,IMG_077.png,Mauve,Warm,Matte,41.89,27.69,3.2,6.6,63.54,42.78
C071,S462,Fair,Neutral,18-24,6,IMG_462.png,Orange,Cool,Matte,62.73,31.4,31.55,45.13,93.64,64.55
C071,S498,Fair,Neutral,18-24,7,IMG_498.png,Pink,Neutral,Matte,62.17,31.28,11.43,20.08,85.25,62.51
C071,S212,Fair,Neutral,18-24,5,IMG_212.png,Plum,Cool,Matte,36.22,24.36,-15.0,328.38,59.84,36.7
C071,S102,Fair,Neutral,18-24,8,IMG_102.png,Orange,Neutral,Satin,67.72,35.5,37.34,46.45,90.45,67.09
C071,S335,Fair,Neutral,18-24,7,IMG_335.png,Orange,Neutral,Glossy,65.14,24.44,42.18,59.91,99.55,65.56
C071,S476,Fair,Neutral,18-24,7,IMG_476.png,Mauve,Warm,Matte,60.59,26.41,8.59,18.01,68.95,60.25
C071,S337,Fair,Neutral,18-24,6,IMG_337.png,Pink,Neutral,Satin,60.41,30.57,8.81,16.07,80.2,58.23
C071,S441,Fair,Neutral,18-24,8,IMG_441.png,Coral,Neutral,Satin,50.89,43.17,19.48,24.29,96.73,50.39
C071,S174,Fair,Neutral,18-24,7,IMG_174.png,Coral,Cool,Matte,60.02,33.42,19.58,30.36,79.89,60.94
C071,S003,Fair,Neutral,18-24,6,IMG_003.png,Nude,Cool,Glossy,61.7,15.08,5.74,20.85,56.97,60.84
C071,S334,Fair,Neutral,18-24,5,IMG_334.png,Pink,Warm,Glossy,53.81,29.68,12.52,22.87,80.21,54.8
C071,S410,Fair,Neutral,18-24,6,IMG_410.png,Pink,Cool,Glossy,72.37,34.7,6.55,10.69,81.42,73.34
C071,S071,Fair,Neutral,18-24,4,IMG_071.png,Mauve,Warm,Matte,46.67,24.65,9.83,21.74,65.36,48.47
C071,S210,Fair,Neutral,18-24,6,IMG_210.png,Mauve,Neutral,Satin,48.16,28.2,0.31,0.63,72.26,47.88
C071,S064,Fair,Neutral,18-24,6,IMG_064.png,Nude,Neutral,Matte,57.68,8.49,1.18,7.9,46.71,62.52
C071,S385,Fair,Neutral,18-24,5,IMG_385.png,Berry,Warm,Satin,54.08,40.96,-4.88,353.21,89.28,56.18
C071,S094,Fair,Neutral,18-24,7,IMG_094.png,Nude,Cool,Matte,52.28,4.76,16.16,73.58,53.43,48.56
C071,S486,Fair,Neutral,18-24,8,IMG_486.png,Coral,Cool,Satin,56.54,36.42,21.42,30.47,88.45,57.18
C071,S186,Fair,Neutral,18-24,6,IMG_186.png,Plum,Neutral,Satin,36.97,30.89,-11.08,340.27,75.99,35.73
C071,S034,Fair,Neutral,18-24,7,IMG_034.png,Mauve,Cool,Matte,54.83,30.06,0.19,0.36,73.34,54.83
C071,S078,Fair,Neutral,18-24,4,IMG_078.png,Plum,Warm,Satin,39.28,31.21,-5.96,349.19,72.75,39.35
C071,S001,Fair,Neutral,18-24,8,IMG_001.png,Nude,Neutral,Glossy,67.64,6.24,9.49,56.65,53.13,67.01
C071,S012,Fair,Neutral,18-24,6,IMG_012.png,Pink,Neutral,Matte,57.46,29.6,-0.44,359.15,65.33,54.81
C071,S416,Fair,Neutral,18-24,6,IMG_416.png,Berry,Cool,Glossy,44.52,42.13,-10.82,345.6,74.33,43.28
C071,S023,Fair,Neutral,18-24,6,IMG_023.png,Pink,Warm,Glossy,59.29,31.43,20.39,32.97,79.16,61.5
C072,S362,Fair,Warm,35-44,7,IMG_362.png,Coral,Warm,Glossy,44.59,39.79,42.75,47.06,100.0,42.55
C072,S074,Fair,Warm,35-44,6,IMG_074.png,Brown,Warm,Satin,33.57,18.57,30.19,58.4,74.8,34.04
C072,S375,Fair,Warm,35-44,7,IMG_375.png,Mauve,Warm,Matte,48.6,21.85,14.88,34.26,58.85,46.15
C072,S156,Fair,Warm,35-44,6,IMG_156.png,Berry,Cool,Matte,49.66,32.99,2.37,4.12,81.61,49.8
C072,S105,Fair,Warm,35-44,5,IMG_105.png,Orange,Neutral,Satin,43.96,31.98,45.0,54.6,95.09,43.2
C072,S395,Fair,Warm,35-44,6,IMG_395.png,Pink,Neutral,Matte,63.76,31.9,3.06,5.49,67.76,62.34
C072,S378,Fair,Warm,35-44,5,IMG_378.png,Plum,Cool,Satin,34.57,36.3,-11.39,342.58,79.39,34.97
C072,S125,Fair,Warm,35-44,6,IMG_125.png,Brown,Warm,Satin,37.1,19.35,27.23,54.6,83.32,36.88
C072,S069,Fair,Warm,35-44,7,IMG_069.png,Mauve,Warm,Satin,50.92,23.73,4.49,10.72,61.53,52.34
C072,S451,Fair,Warm,35-44,6,IMG_451.png,Berry,Warm,Satin,46.36,43.95,-0.07,359.91,87.49,43.78
C072,S010,Fair,Warm,35-44,7,IMG_010.png,Orange,Cool,Matte,64.14,27.86,33.47,50.22,86.36,65.06
C072,S195,Fair,Warm,35-44,4,IMG_195.png,Plum,Warm,Matte,30.1,24.27,-9.32,338.99,62.78,30.42
C072,S407,Fair,Warm,35-44,6,IMG_407.png,Coral,Cool,Matte,45.34,34.17,21.6,32.3,88.31,44.23
C072,S085,Fair,Warm,35-44,5,IMG_085.png,Orange,Warm,Satin,44.61,33.92,42.86,51.64,93.54,46.28
C072,S372,Fair,Warm,35-44,6,IMG_372.png,Berry,Neutral,Satin,51.76,37.7,9.95,14.78,80.47,50.23
C072,S389,Fair,Warm,35-44,6,IMG_389.png,Berry,Neutral,Glossy,37.98,38.26,-5.12,352.38,79.83,35.73
C072,S496,Fair,Warm,35-44,6,IMG_496.png,Orange,Neutral,Satin,63.61,26.61,43.06,58.29,94.45,62.31
C072,S031,Fair,Warm,35-44,5,IMG_031.png,Plum,Neutral,Satin,29.74,29.53,-15.0,333.07,69.1,34.0
C072,S317,Fair,Warm,35-44,7,IMG_317.png,Nude,Warm,Glossy,49.49,17.95,18.57,45.98,72.61,52.36
C072,S409,Fair,Warm,35-44,3,IMG_409.png,Red,Neutral,Glossy,41.5,45.1,20.21,24.14,94.06,40.62
C072,S491,Fair,Warm,35-44,7,IMG_491.png,Coral,Cool,Matte,63.93,27.99,18.86,33.97,73.98,62.27
C072,S492,Fair,Warm,35-44,7,IMG_492.png,Mauve,Warm,Glossy,55.1,22.72,7.8,18.95,61.46,53.01
C072,S281,Fair,Warm,35-44,5,IMG_281.png,Orange,Warm,Matte,60.83,29.03,43.83,56.48,100.0,60.4
C072,S357,Fair,Warm,35-44,3,IMG_357.png,Brown,Cool,Matte,26.54,8.39,10.47,51.3,56.74,27.15
C072,S077,Fair,Warm,35-44,7,IMG_077.png,Mauve,Warm,Matte,41.89,27.69,3.2,6.6,63.54,42.78
C072,S462,Fair,Warm,35-44,7,IMG_462.png,Orange,Cool,Matte,62.73,31.4,31.55,45.13,93.64,64.55
C072,S498,Fair,Warm,35-44,7,IMG_498.png,Pink,Neutral,Matte,62.17,31.28,11.43,20.08,85.25,62.51
C072,S212,Fair,Warm,35-44,5,IMG_212.png,Plum,Cool,Matte,36.22,24.36,-15.0,328.38,59.84,36.7
C072,S102,Fair,Warm,35-44,6,IMG_102.png,Orange,Neutral,Satin,67.72,35.5,37.34,46.45,90.45,67.09
C072,S335,Fair,Warm,35-44,7,IMG_335.png,Orange,Neutral,Glossy,65.14,24.44,42.18,59.91,99.55,65.56
C072,S476,Fair,Warm,35-44,7,IMG_476.png,Mauve,Warm,Matte,60.59,26.41,8.59,18.01,68.95,60.25
C072,S337,Fair,Warm,35-44,7,IMG_337.png,Pink,Neutral,Satin,60.41,30.57,8.81,16.07,80.2,58.23
C072,S441,Fair,Warm,35-44,7,IMG_441.png,Coral,Neutral,Satin,50.89,43.17,19.48,24.29,96.73,50.39
C072,S174,Fair,Warm,35-44,9,IMG_174.png,Coral,Cool,Matte,60.02,33.42,19.58,30.36,79.89,60.94
C072,S003,Fair,Warm,35-44,7,IMG_003.png,Nude,Cool,Glossy,61.7,15.08,5.74,20.85,56.97,60.84
C072,S334,Fair,Warm,35-44,8,IMG_334.png,Pink,Warm,Glossy,53.81,29.68,12.52,22.87,80.21,54.8
C072,S410,Fair,Warm,35-44,5,IMG_410.png,Pink,Cool,Glossy,72.37,34.7,6.55,10.69,81.42,73.34
C072,S071,Fair,Warm,35-44,6,IMG_071.png,Mauve,Warm,Matte,46.67,24.65,9.83,21.74,65.36,48.47
C072,S210,Fair,Warm,35-44,7,IMG_210.png,Mauve,Neutral,Satin,48.16,28.2,0.31,0.63,72.26,47.88
C072,S064,Fair,Warm,35-44,7,IMG_064.png,Nude,Neutral,Matte,57.68,8.49,1.18,7.9,46.71,62.52
C072,S385,Fair,Warm,35-44,7,IMG_385.png,Berry,Warm,Satin,54.08,40.96,-4.88,353.21,89.28,56.18
C072,S094,Fair,Warm,35-44,5,IMG_094.png,Nude,Cool,Matte,52.28,4.76,16.16,73.58,53.43,48.56
C072,S486,Fair,Warm,35-44,8,IMG_486.png,Coral,Cool,Satin,56.54,36.42,21.42,30.47,88.45,57.18
C072,S186,Fair,Warm,35-44,4,IMG_186.png,Plum,Neutral,Satin,36.97,30.89,-11.08,340.27,75.99,35.73
C072,S034,Fair,Warm,35-44,6,IMG_034.png,Mauve,Cool,Matte,54.83,30.06,0.19,0.36,73.34,54.83
C072,S078,Fair,Warm,35-44,7,IMG_078.png,Plum,Warm,Satin,39.28,31.21,-5.96,349.19,72.75,39.35
C072,S001,Fair,Warm,35-44,7,IMG_001.png,Nude,Neutral,Glossy,67.64,6.24,9.49,56.65,53.13,67.01
C072,S012,Fair,Warm,35-44,7,IMG_012.png,Pink,Neutral,Matte,57.46,29.6,-0.44,359.15,65.33,54.81
C072,S416,Fair,Warm,35-44,4,IMG_416.png,Berry,Cool,Glossy,44.52,42.13,-10.82,345.6,74.33,43.28
C072,S023,Fair,Warm,35-44,8,IMG_023.png,Pink,Warm,Glossy,59.29,31.43,20.39,32.97,79.16,61.5
C073,S362,Medium,Neutral,18-24,8,IMG_362.png,Coral,Warm,Glossy,44.59,39.79,42.75,47.06,100.0,42.55
C073,S074,Medium,Neutral,18-24,6,IMG_074.png,Brown,Warm,Satin,33.57,18.57,30.19,58.4,74.8,34.04
C073,S375,Medium,Neutral,18-24,6,IMG_375.png,Mauve,Warm,Matte,48.6,21.85,14.88,34.26,58.85,46.15
C073,S156,Medium,Neutral,18-24,7,IMG_156.png,Berry,Cool,Matte,49.66,32.99,2.37,4.12,81.61,49.8
C073,S105,Medium,Neutral,18-24,7,IMG_105.png,Orange,Neutral,Satin,43.96,31.98,45.0,54.6,95.09,43.2
C073,S395,Medium,Neutral,18-24,8,IMG_395.png,Pink,Neutral,Matte,63.76,31.9,3.06,5.49,67.76,62.34
C073,S378,Medium,Neutral,18-24,4,IMG_378.png,Plum,Cool,Satin,34.57,36.3,-11.39,342.58,79.39,34.97
C073,S125,Medium,Neutral,18-24,6,IMG_125.png,Brown,Warm,Satin,37.1,19.35,27.23,54.6,83.32,36.88
C073,S069,Medium,Neutral,18-24,7,IMG_069.png,Mauve,Warm,Satin,50.92,23.73,4.49,10.72,61.53,52.34
C073,S451,Medium,Neutral,18-24,5,IMG_451.png,Berry,Warm,Satin,46.36,43.95,-0.07,359.91,87.49,43.78
C073,S010,Medium,Neutral,18-24,5,IMG_010.png,Orange,Cool,Matte,64.14,27.86,33.47,50.22,86.36,65.06
C073,S195,Medium,Neutral,18-24,4,IMG_195.png,Plum,Warm,Matte,30.1,24.27,-9.32,338.99,62.78,30.42
C073,S407,Medium,Neutral,18-24,7,IMG_407.png,Coral,Cool,Matte,45.34,34.17,21.6,32.3,88.31,44.23
C073,S085,Medium,Neutral,18-24,6,IMG_085.png,Orange,Warm,Satin,44.61,33.92,42.86,51.64,93.54,46.28
C073,S372,Medium,Neutral,18-24,8,IMG_372.png,Berry,Neutral,Satin,51.76,37.7,9.95,14.78,80.47,50.23
C073,S389,Medium,Neutral,18-24,6,IMG_389.png,Berry,Neutral,Glossy,37.98,38.26,-5.12,352.38,79.83,35.73
C073,S496,Medium,Neutral,18-24,7,IMG_496.png,Orange,Neutral,Satin,63.61,26.61,43.06,58.29,94.45,62.31
C073,S031,Medium,Neutral,18-24,9,IMG_031.png,Plum,Neutral,Satin,29.74,29.53,-15.0,333.07,69.1,34.0
C073,S317,Medium,Neutral,18-24,7,IMG_317.png,Nude,Warm,Glossy,49.49,17.95,18.57,45.98,72.61,52.36
C073,S409,Medium,Neutral,18-24,7,IMG_409.png,Red,Neutral,Glossy,41.5,45.1,20.21,24.14,94.06,40.62
C073,S491,Medium,Neutral,18-24,4,IMG_491.png,Coral,Cool,Matte,63.93,27.99,18.86,33.97,73.98,62.27
C073,S492,Medium,Neutral,18-24,5,IMG_492.png,Mauve,Warm,Glossy,55.1,22.72,7.8,18.95,61.46,53.01
C073,S281,Medium,Neutral,18-24,6,IMG_281.png,Orange,Warm,Matte,60.83,29.03,43.83,56.48,100.0,60.4
C073,S357,Medium,Neutral,18-24,5,IMG_357.png,Brown,Cool,Matte,26.54,8.39,10.47,51.3,56.74,27.15
C073,S077,Medium,Neutral,18-24,5,IMG_077.png,Mauve,Warm,Matte,41.89,27.69,3.2,6.6,63.54,42.78
C073,S462,Medium,Neutral,18-24,7,IMG_462.png,Orange,Cool,Matte,62.73,31.4,31.55,45.13,93.64,64.55
C073,S498,Medium,Neutral,18-24,7,IMG_498.png,Pink,Neutral,Matte,62.17,31.28,11.43,20.08,85.25,62.51
C073,S212,Medium,Neutral,18-24,5,IMG_212.png,Plum,Cool,Matte,36.22,24.36,-15.0,328.38,59.84,36.7
C073,S102,Medium,Neutral,18-24,5,IMG_102.png,Orange,Neutral,Satin,67.72,35.5,37.34,46.45,90.45,67.09
C073,S335,Medium,Neutral,18-24,7,IMG_335.png,Orange,Neutral,Glossy,65.14,24.44,42.18,59.91,99.55,65.56
C073,S476,Medium,Neutral,18-24,6,IMG_476.png,Mauve,Warm,Matte,60.59,26.41,8.59,18.01,68.95,60.25
C073,S337,Medium,Neutral,18-24,5,IMG_337.png,Pink,Neutral,Satin,60.41,30.57,8.81,16.07,80.2,58.23
C073,S441,Medium,Neutral,18-24,8,IMG_441.png,Coral,Neutral,Satin,50.89,43.17,19.48,24.29,96.73,50.39
C073,S174,Medium,Neutral,18-24,7,IMG_174.png,Coral,Cool,Matte,60.02,33.42,19.58,30.36,79.89,60.94
C073,S003,Medium,Neutral,18-24,3,IMG_003.png,Nude,Cool,Glossy,61.7,15.08,5.74,20.85,56.97,60.84
C073,S334,Medium,Neutral,18-24,6,IMG_334.png,Pink,Warm,Glossy,53.81,29.68,12.52,22.87,80.21,54.8
C073,S410,Medium,Neutral,18-24,5,IMG_410.png,Pink,Cool,Glossy,72.37,34.7,6.55,10.69,81.42,73.34
C073,S071,Medium,Neutral,18-24,6,IMG_071.png,Mauve,Warm,Matte,46.67,24.65,9.83,21.74,65.36,48.47
C073,S210,Medium,Neutral,18-24,6,IMG_210.png,Mauve,Neutral,Satin,48.16,28.2,0.31,0.63,72.26,47.88
C073,S064,Medium,Neutral,18-24,6,IMG_064.png,Nude,Neutral,Matte,57.68,8.49,1.18,7.9,46.71,62.52
C073,S385,Medium,Neutral,18-24,7,IMG_385.png,Berry,Warm,Satin,54.08,40.96,-4.88,353.21,89.28,56.18
C073,S094,Medium,Neutral,18-24,6,IMG_094.png,Nude,Cool,Matte,52.28,4.76,16.16,73.58,53.43,48.56
C073,S486,Medium,Neutral,18-24,6,IMG_486.png,Coral,Cool,Satin,56.54,36.42,21.42,30.47,88.45,57.18
C073,S186,Medium,Neutral,18-24,5,IMG_186.png,Plum,Neutral,Satin,36.97,30.89,-11.08,340.27,75.99,35.73
C073,S034,Medium,Neutral,18-24,5,IMG_034.png,Mauve,Cool,Matte,54.83,30.06,0.19,0.36,73.34,54.83
C073,S078,Medium,Neutral,18-24,6,IMG_078.png,Plum,Warm,Satin,39.28,31.21,-5.96,349.19,72.75,39.35
C073,S001,Medium,Neutral,18-24,6,IMG_001.png,Nude,Neutral,Glossy,67.64,6.24,9.49,56.65,53.13,67.01
C073,S012,Medium,Neutral,18-24,7,IMG_012.png,Pink,Neutral,Matte,57.46,29.6,-0.44,359.15,65.33,54.81
C073,S416,Medium,Neutral,18-24,5,IMG_416.png,Berry,Cool,Glossy,44.52,42.13,-10.82,345.6,74.33,43.28
C073,S023,Medium,Neutral,18-24,5,IMG_023.png,Pink,Warm,Glossy,59.29,31.43,20.39,32.97,79.16,61.5
C074,S362,Fair,Warm,18-24,7,IMG_362.png,Coral,Warm,Glossy,44.59,39.79,42.75,47.06,100.0,42.55
C074,S074,Fair,Warm,18-24,4,IMG_074.png,Brown,Warm,Satin,33.57,18.57,30.19,58.4,74.8,34.04
C074,S375,Fair,Warm,18-24,7,IMG_375.png,Mauve,Warm,Matte,48.6,21.85,14.88,34.26,58.85,46.15
C074,S156,Fair,Warm,18-24,6,IMG_156.png,Berry,Cool,Matte,49.66,32.99,2.37,4.12,81.61,49.8
C074,S105,Fair,Warm,18-24,6,IMG_105.png,Orange,Neutral,Satin,43.96,31.98,45.0,54.6,95.09,43.2
C074,S395,Fair,Warm,18-24,7,IMG_395.png,Pink,Neutral,Matte,63.76,31.9,3.06,5.49,67.76,62.34
C074,S378,Fair,Warm,18-24,3,IMG_378.png,Plum,Cool,Satin,34.57,36.3,-11.39,342.58,79.39,34.97
C074,S125,Fair,Warm,18-24,5,IMG_125.png,Brown,Warm,Satin,37.1,19.35,27.23,54.6,83.32,36.88
C074,S069,Fair,Warm,18-24,6,IMG_069.png,Mauve,Warm,Satin,50.92,23.73,4.49,10.72,61.53,52.34
C074,S451,Fair,Warm,18-24,5,IMG_451.png,Berry,Warm,Satin,46.36,43.95,-0.07,359.91,87.49,43.78
C074,S010,Fair,Warm,18-24,6,IMG_010.png,Orange,Cool,Matte,64.14,27.86,33.47,50.22,86.36,65.06
C074,S195,Fair,Warm,18-24,6,IMG_195.png,Plum,Warm,Matte,30.1,24.27,-9.32,338.99,62.78,30.42
C074,S407,Fair,Warm,18-24,4,IMG_407.png,Coral,Cool,Matte,45.34,34.17,21.6,32.3,88.31,44.23
C074,S085,Fair,Warm,18-24,7,IMG_085.png,Orange,Warm,Satin,44.61,33.92,42.86,51.64,93.54,46.28
C074,S372,Fair,Warm,18-24,6,IMG_372.png,Berry,Neutral,Satin,51.76,37.7,9.95,14.78,80.47,50.23
C074,S389,Fair,Warm,18-24,6,IMG_389.png,Berry,Neutral,Glossy,37.98,38.26,-5.12,352.38,79.83,35.73
C074,S496,Fair,Warm,18-24,7,IMG_496.png,Orange,Neutral,Satin,63.61,26.61,43.06,58.29,94.45,62.31
C074,S031,Fair,Warm,18-24,5,IMG_031.png,Plum,Neutral,Satin,29.74,29.53,-15.0,333.07,69.1,34.0
C074,S317,Fair,Warm,18-24,7,IMG_317.png,Nude,Warm,Glossy,49.49,17.95,18.57,45.98,72.61,52.36
C074,S409,Fair,Warm,18-24,6,IMG_409.png,Red,Neutral,Glossy,41.5,45.1,20.21,24.14,94.06,40.62
C074,S491,Fair,Warm,18-24,5,IMG_491.png,Coral,Cool,Matte,63.93,27.99,18.86,33.97,73.98,62.27
C074,S492,Fair,Warm,18-24,7,IMG_492.png,Mauve,Warm,Glossy,55.1,22.72,7.8,18.95,61.46,53.01
C074,S281,Fair,Warm,18-24,7,IMG_281.png,Orange,Warm,Matte,60.83,29.03,43.83,56.48,100.0,60.4
C074,S357,Fair,Warm,18-24,4,IMG_357.png,Brown,Cool,Matte,26.54,8.39,10.47,51.3,56.74,27.15
C074,S077,Fair,Warm,18-24,6,IMG_077.png,Mauve,Warm,Matte,41.89,27.69,3.2,6.6,63.54,42.78
C074,S462,Fair,Warm,18-24,6,IMG_462.png,Orange,Cool,Matte,62.73,31.4,31.55,45.13,93.64,64.55
C074,S498,Fair,Warm,18-24,8,IMG_498.png,Pink,Neutral,Matte,62.17,31.28,11.43,20.08,85.25,62.51
C074,S212,Fair,Warm,18-24,4,IMG_212.png,Plum,Cool,Matte,36.22,24.36,-15.0,328.38,59.84,36.7
C074,S102,Fair,Warm,18-24,5,IMG_102.png,Orange,Neutral,Satin,67.72,35.5,37.34,46.45,90.45,67.09
C074,S335,Fair,Warm,18-24,7,IMG_335.png,Orange,Neutral,Glossy,65.14,24.44,42.18,59.91,99.55,65.56
C074,S476,Fair,Warm,18-24,8,IMG_476.png,Mauve,Warm,Matte,60.59,26.41,8.59,18.01,68.95,60.25
C074,S337,Fair,Warm,18-24,7,IMG_337.png,Pink,Neutral,Satin,60.41,30.57,8.81,16.07,80.2,58.23
C074,S441,Fair,Warm,18-24,6,IMG_441.png,Coral,Neutral,Satin,50.89,43.17,19.48,24.29,96.73,50.39
C074,S174,Fair,Warm,18-24,5,IMG_174.png,Coral,Cool,Matte,60.02,33.42,19.58,30.36,79.89,60.94
C074,S003,Fair,Warm,18-24,6,IMG_003.png,Nude,Cool,Glossy,61.7,15.08,5.74,20.85,56.97,60.84
C074,S334,Fair,Warm,18-24,8,IMG_334.png,Pink,Warm,Glossy,53.81,29.68,12.52,22.87,80.21,54.8
C074,S410,Fair,Warm,18-24,6,IMG_410.png,Pink,Cool,Glossy,72.37,34.7,6.55,10.69,81.42,73.34
C074,S071,Fair,Warm,18-24,7,IMG_071.png,Mauve,Warm,Matte,46.67,24.65,9.83,21.74,65.36,48.47
C074,S210,Fair,Warm,18-24,5,IMG_210.png,Mauve,Neutral,Satin,48.16,28.2,0.31,0.63,72.26,47.88
C074,S064,Fair,Warm,18-24,7,IMG_064.png,Nude,Neutral,Matte,57.68,8.49,1.18,7.9,46.71,62.52
C074,S385,Fair,Warm,18-24,9,IMG_385.png,Berry,Warm,Satin,54.08,40.96,-4.88,353.21,89.28,56.18
C074,S094,Fair,Warm,18-24,6,IMG_094.png,Nude,Cool,Matte,52.28,4.76,16.16,73.58,53.43,48.56
C074,S486,Fair,Warm,18-24,6,IMG_486.png,Coral,Cool,Satin,56.54,36.42,21.42,30.47,88.45,57.18
C074,S186,Fair,Warm,18-24,4,IMG_186.png,Plum,Neutral,Satin,36.97,30.89,-11.08,340.27,75.99,35.73
C074,S034,Fair,Warm,18-24,5,IMG_034.png,Mauve,Cool,Matte,54.83,30.06,0.19,0.36,73.34,54.83
C074,S078,Fair,Warm,18-24,5,IMG_078.png,Plum,Warm,Satin,39.28,31.21,-5.96,349.19,72.75,39.35
C074,S001,Fair,Warm,18-24,5,IMG_001.png,Nude,Neutral,Glossy,67.64,6.24,9.49,56.65,53.13,67.01
C074,S012,Fair,Warm,18-24,7,IMG_012.png,Pink,Neutral,Matte,57.46,29.6,-0.44,359.15,65.33,54.81
C074,S416,Fair,Warm,18-24,5,IMG_416.png,Berry,Cool,Glossy,44.52,42.13,-10.82,345.6,74.33,43.28
C074,S023,Fair,Warm,18-24,9,IMG_023.png,Pink,Warm,Glossy,59.29,31.43,20.39,32.97,79.16,61.5
C075,S362,Light,Warm,18-24,7,IMG_362.png,Coral,Warm,Glossy,44.59,39.79,42.75,47.06,100.0,42.55
C075,S074,Light,Warm,18-24,4,IMG_074.png,Brown,Warm,Satin,33.57,18.57,30.19,58.4,74.8,34.04
C075,S375,Light,Warm,18-24,6,IMG_375.png,Mauve,Warm,Matte,48.6,21.85,14.88,34.26,58.85,46.15
C075,S156,Light,Warm,18-24,7,IMG_156.png,Berry,Cool,Matte,49.66,32.99,2.37,4.12,81.61,49.8
C075,S105,Light,Warm,18-24,5,IMG_105.png,Orange,Neutral,Satin,43.96,31.98,45.0,54.6,95.09,43.2
C075,S395,Light,Warm,18-24,7,IMG_395.png,Pink,Neutral,Matte,63.76,31.9,3.06,5.49,67.76,62.34
C075,S378,Light,Warm,18-24,4,IMG_378.png,Plum,Cool,Satin,34.57,36.3,-11.39,342.58,79.39,34.97
C075,S125,Light,Warm,18-24,4,IMG_125.png,Brown,Warm,Satin,37.1,19.35,27.23,54.6,83.32,36.88
C075,S069,Light,Warm,18-24,7,IMG_069.png,Mauve,Warm,Satin,50.92,23.73,4.49,10.72,61.53,52.34
C075,S451,Light,Warm,18-24,8,IMG_451.png,Berry,Warm,Satin,46.36,43.95,-0.07,359.91,87.49,43.78
C075,S010,Light,Warm,18-24,5,IMG_010.png,Orange,Cool,Matte,64.14,27.86,33.47,50.22,86.36,65.06
C075,S195,Light,Warm,18-24,4,IMG_195.png,Plum,Warm,Matte,30.1,24.27,-9.32,338.99,62.78,30.42
C075,S407,Light,Warm,18-24,7,IMG_407.png,Coral,Cool,Matte,45.34,34.17,21.6,32.3,88.31,44.23
C075,S085,Light,Warm,18-24,5,IMG_085.png,Orange,Warm,Satin,44.61,33.92,42.86,51.64,93.54,46.28
C075,S372,Light,Warm,18-24,8,IMG_372.png,Berry,Neutral,Satin,51.76,37.7,9.95,14.78,80.47,50.23
C075,S389,Light,Warm,18-24,7,IMG_389.png,Berry,Neutral,Glossy,37.98,38.26,-5.12,352.38,79.83,35.73
C075,S496,Light,Warm,18-24,6,IMG_496.png,Orange,Neutral,Satin,63.61,26.61,43.06,58.29,94.45,62.31
C075,S031,Light,Warm,18-24,6,IMG_031.png,Plum,Neutral,Satin,29.74,29.53,-15.0,333.07,69.1,34.0
C075,S317,Light,Warm,18-24,7,IMG_317.png,Nude,Warm,Glossy,49.49,17.95,18.57,45.98,72.61,52.36
C075,S409,Light,Warm,18-24,5,IMG_409.png,Red,Neutral,Glossy,41.5,45.1,20.21,24.14,94.06,40.62
C075,S491,Light,Warm,18-24,6,IMG_491.png,Coral,Cool,Matte,63.93,27.99,18.86,33.97,73.98,62.27
C075,S492,Light,Warm,18-24,7,IMG_492.png,Mauve,Warm,Glossy,55.1,22.72,7.8,18.95,61.46,53.01
C075,S281,Light,Warm,18-24,7,IMG_281.png,Orange,Warm,Matte,60.83,29.03,43.83,56.48,100.0,60.4
C075,S357,Light,Warm,18-24,3,IMG_357.png,Brown,Cool,Matte,26.54,8.39,10.47,51.3,56.74,27.15
C075,S077,Light,Warm,18-24,5,IMG_077.png,Mauve,Warm,Matte,41.89,27.69,3.2,6.6,63.54,42.78
C075,S462,Light,Warm,18-24,6,IMG_462.png,Orange,Cool,Matte,62.73,31.4,31.55,45.13,93.64,64.55
C075,S498,Light,Warm,18-24,6,IMG_498.png,Pink,Neutral,Matte,62.17,31.28,11.43,20.08,85.25,62.51
C075,S212,Light,Warm,18-24,3,IMG_212.png,Plum,Cool,Matte,36.22,24.36,-15.0,328.38,59.84,36.7
C075,S102,Light,Warm,18-24,6,IMG_102.png,Orange,Neutral,Satin,67.72,35.5,37.34,46.45,90.45,67.09
C075,S335,Light,Warm,18-24,5,IMG_335.png,Orange,Neutral,Glossy,65.14,24.44,42.18,59.91,99.55,65.56
C075,S476,Light,Warm,18-24,8,IMG_476.png,Mauve,Warm,Matte,60.59,26.41,8.59,18.01,68.95,60.25
C075,S337,Light,Warm,18-24,6,IMG_337.png,Pink,Neutral,Satin,60.41,30.57,8.81,16.07,80.2,58.23
C075,S441,Light,Warm,18-24,5,IMG_441.png,Coral,Neutral,Satin,50.89,43.17,19.48,24.29,96.73,50.39
C075,S174,Light,Warm,18-24,6,IMG_174.png,Coral,Cool,Matte,60.02,33.42,19.58,30.36,79.89,60.94
C075,S003,Light,Warm,18-24,5,IMG_003.png,Nude,Cool,Glossy,61.7,15.08,5.74,20.85,56.97,60.84
C075,S334,Light,Warm,18-24,8,IMG_334.png,Pink,Warm,Glossy,53.81,29.68,12.52,22.87,80.21,54.8
C075,S410,Light,Warm,18-24,5,IMG_410.png,Pink,Cool,Glossy,72.37,34.7,6.55,10.69,81.42,73.34
C075,S071,Light,Warm,18-24,6,IMG_071.png,Mauve,Warm,Matte,46.67,24.65,9.83,21.74,65.36,48.47
C075,S210,Light,Warm,18-24,6,IMG_210.png,Mauve,Neutral,Satin,48.16,28.2,0.31,0.63,72.26,47.88
C075,S064,Light,Warm,18-24,6,IMG_064.png,Nude,Neutral,Matte,57.68,8.49,1.18,7.9,46.71,62.52
C075,S385,Light,Warm,18-24,8,IMG_385.png,Berry,Warm,Satin,54.08,40.96,-4.88,353.21,89.28,56.18
C075,S094,Light,Warm,18-24,6,IMG_094.png,Nude,Cool,Matte,52.28,4.76,16.16,73.58,53.43,48.56
C075,S486,Light,Warm,18-24,5,IMG_486.png,Coral,Cool,Satin,56.54,36.42,21.42,30.47,88.45,57.18
C075,S186,Light,Warm,18-24,4,IMG_186.png,Plum,Neutral,Satin,36.97,30.89,-11.08,340.27,75.99,35.73
C075,S034,Light,Warm,18-24,7,IMG_034.png,Mauve,Cool,Matte,54.83,30.06,0.19,0.36,73.34,54.83
C075,S078,Light,Warm,18-24,6,IMG_078.png,Plum,Warm,Satin,39.28,31.21,-5.96,349.19,72.75,39.35
C075,S001,Light,Warm,18-24,5,IMG_001.png,Nude,Neutral,Glossy,67.64,6.24,9.49,56.65,53.13,67.01
C075,S012,Light,Warm,18-24,6,IMG_012.png,Pink,Neutral,Matte,57.46,29.6,-0.44,359.15,65.33,54.81
C075,S416,Light,Warm,18-24,6,IMG_416.png,Berry,Cool,Glossy,44.52,42.13,-10.82,345.6,74.33,43.28
C075,S023,Light,Warm,18-24,9,IMG_023.png,Pink,Warm,Glossy,59.29,31.43,20.39,32.97,79.16,61.5
C076,S362,Medium,Warm,18-24,8,IMG_362.png,Coral,Warm,Glossy,44.59,39.79,42.75,47.06,100.0,42.55
C076,S074,Medium,Warm,18-24,6,IMG_074.png,Brown,Warm,Satin,33.57,18.57,30.19,58.4,74.8,34.04
C076,S375,Medium,Warm,18-24,8,IMG_375.png,Mauve,Warm,Matte,48.6,21.85,14.88,34.26,58.85,46.15
C076,S156,Medium,Warm,18-24,5,IMG_156.png,Berry,Cool,Matte,49.66,32.99,2.37,4.12,81.61,49.8
C076,S105,Medium,Warm,18-24,5,IMG_105.png,Orange,Neutral,Satin,43.96,31.98,45.0,54.6,95.09,43.2
C076,S395,Medium,Warm,18-24,7,IMG_395.png,Pink,Neutral,Matte,63.76,31.9,3.06,5.49,67.76,62.34
C076,S378,Medium,Warm,18-24,5,IMG_378.png,Plum,Cool,Satin,34.57,36.3,-11.39,342.58,79.39,34.97
C076,S125,Medium,Warm,18-24,6,IMG_125.png,Brown,Warm,Satin,37.1,19.35,27.23,54.6,83.32,36.88
C076,S069,Medium,Warm,18-24,8,IMG_069.png,Mauve,Warm,Satin,50.92,23.73,4.49,10.72,61.53,52.34
C076,S451,Medium,Warm,18-24,7,IMG_451.png,Berry,Warm,Satin,46.36,43.95,-0.07,359.91,87.49,43.78
C076,S010,Medium,Warm,18-24,5,IMG_010.png,Orange,Cool,Matte,64.14,27.86,33.47,50.22,86.36,65.06
C076,S195,Medium,Warm,18-24,5,IMG_195.png,Plum,Warm,Matte,30.1,24.27,-9.32,338.99,62.78,30.42
C076,S407,Medium,Warm,18-24,5,IMG_407.png,Coral,Cool,Matte,45.34,34.17,21.6,32.3,88.31,44.23
C076,S085,Medium,Warm,18-24,7,IMG_085.png,Orange,Warm,Satin,44.61,33.92,42.86,51.64,93.54,46.28
C076,S372,Medium,Warm,18-24,7,IMG_372.png,Berry,Neutral,Satin,51.76,37.7,9.95,14.78,80.47,50.23
C076,S389,Medium,Warm,18-24,6,IMG_389.png,Berry,Neutral,Glossy,37.98,38.26,-5.12,352.38,79.83,35.73
C076,S496,Medium,Warm,18-24,5,IMG_496.png,Orange,Neutral,Satin,63.61,26.61,43.06,58.29,94.45,62.31
C076,S031,Medium,Warm,18-24,4,IMG_031.png,Plum,Neutral,Satin,29.74,29.53,-15.0,333.07,69.1,34.0
C076,S317,Medium,Warm,18-24,8,IMG_317.png,Nude,Warm,Glossy,49.49,17.95,18.57,45.98,72.61,52.36
C076,S409,Medium,Warm,18-24,7,IMG_409.png,Red,Neutral,Glossy,41.5,45.1,20.21,24.14,94.06,40.62
C076,S491,Medium,Warm,18-24,5,IMG_491.png,Coral,Cool,Matte,63.93,27.99,18.86,33.97,73.98,62.27
C076,S492,Medium,Warm,18-24,7,IMG_492.png,Mauve,Warm,Glossy,55.1,22.72,7.8,18.95,61.46,53.01
C076,S281,Medium,Warm,18-24,7,IMG_281.png,Orange,Warm,Matte,60.83,29.03,43.83,56.48,100.0,60.4
C076,S357,Medium,Warm,18-24,3,IMG_357.png,Brown,Cool,Matte,26.54,8.39,10.47,51.3,56.74,27.15
C076,S077,Medium,Warm,18-24,8,IMG_077.png,Mauve,Warm,Matte,41.89,27.69,3.2,6.6,63.54,42.78
C076,S462,Medium,Warm,18-24,5,IMG_462.png,Orange,Cool,Matte,62.73,31.4,31.55,45.13,93.64,64.55
C076,S498,Medium,Warm,18-24,7,IMG_498.png,Pink,Neutral,Matte,62.17,31.28,11.43,20.08,85.25,62.51
C076,S212,Medium,Warm,18-24,5,IMG_212.png,Plum,Cool,Matte,36.22,24.36,-15.0,328.38,59.84,36.7
C076,S102,Medium,Warm,18-24,5,IMG_102.png,Orange,Neutral,Satin,67.72,35.5,37.34,46.45,90.45,67.09
C076,S335,Medium,Warm,18-24,6,IMG_335.png,Orange,Neutral,Glossy,65.14,24.44,42.18,59.91,99.55,65.56
C076,S476,Medium,Warm,18-24,7,IMG_476.png,Mauve,Warm,Matte,60.59,26.41,8.59,18.01,68.95,60.25
C076,S337,Medium,Warm,18-24,7,IMG_337.png,Pink,Neutral,Satin,60.41,30.57,8.81,16.07,80.2,58.23
C076,S441,Medium,Warm,18-24,7,IMG_441.png,Coral,Neutral,Satin,50.89,43.17,19.48,24.29,96.73,50.39
C076,S174,Medium,Warm,18-24,5,IMG_174.png,Coral,Cool,Matte,60.02,33.42,19.58,30.36,79.89,60.94
C076,S003,Medium,Warm,18-24,6,IMG_003.png,Nude,Cool,Glossy,61.7,15.08,5.74,20.85,56.97,60.84
C076,S334,Medium,Warm,18-24,9,IMG_334.png,Pink,Warm,Glossy,53.81,29.68,12.52,22.87,80.21,54.8
C076,S410,Medium,Warm,18-24,5,IMG_410.png,Pink,Cool,Glossy,72.37,34.7,6.55,10.69,81.42,73.34
C076,S071,Medium,Warm,18-24,7,IMG_071.png,Mauve,Warm,Matte,46.67,24.65,9.83,21.74,65.36,48.47
C076,S210,Medium,Warm,18-24,6,IMG_210.png,Mauve,Neutral,Satin,48.16,28.2,0.31,0.63,72.26,47.88
C076,S064,Medium,Warm,18-24,6,IMG_064.png,Nude,Neutral,Matte,57.68,8.49,1.18,7.9,46.71,62.52
C076,S385,Medium,Warm,18-24,7,IMG_385.png,Berry,Warm,Satin,54.08,40.96,-4.88,353.21,89.28,56.18
C076,S094,Medium,Warm,18-24,6,IMG_094.png,Nude,Cool,Matte,52.28,4.76,16.16,73.58,53.43,48.56
C076,S486,Medium,Warm,18-24,7,IMG_486.png,Coral,Cool,Satin,56.54,36.42,21.42,30.47,88.45,57.18
C076,S186,Medium,Warm,18-24,4,IMG_186.png,Plum,Neutral,Satin,36.97,30.89,-11.08,340.27,75.99,35.73
C076,S034,Medium,Warm,18-24,6,IMG_034.png,Mauve,Cool,Matte,54.83,30.06,0.19,0.36,73.34,54.83
C076,S078,Medium,Warm,18-24,7,IMG_078.png,Plum,Warm,Satin,39.28,31.21,-5.96,349.19,72.75,39.35
C076,S001,Medium,Warm,18-24,6,IMG_001.png,Nude,Neutral,Glossy,67.64,6.24,9.49,56.65,53.13,67.01
C076,S012,Medium,Warm,18-24,8,IMG_012.png,Pink,Neutral,Matte,57.46,29.6,-0.44,359.15,65.33,54.81
C076,S416,Medium,Warm,18-24,8,IMG_416.png,Berry,Cool,Glossy,44.52,42.13,-10.82,345.6,74.33,43.28
C076,S023,Medium,Warm,18-24,9,IMG_023.png,Pink,Warm,Glossy,59.29,31.43,20.39,32.97,79.16,61.5
C077,S362,Light,Neutral,18-24,6,IMG_362.png,Coral,Warm,Glossy,44.59,39.79,42.75,47.06,100.0,42.55
C077,S074,Light,Neutral,18-24,4,IMG_074.png,Brown,Warm,Satin,33.57,18.57,30.19,58.4,74.8,34.04
C077,S375,Light,Neutral,18-24,5,IMG_375.png,Mauve,Warm,Matte,48.6,21.85,14.88,34.26,58.85,46.15
C077,S156,Light,Neutral,18-24,6,IMG_156.png,Berry,Cool,Matte,49.66,32.99,2.37,4.12,81.61,49.8
C077,S105,Light,Neutral,18-24,7,IMG_105.png,Orange,Neutral,Satin,43.96,31.98,45.0,54.6,95.09,43.2
C077,S395,Light,Neutral,18-24,7,IMG_395.png,Pink,Neutral,Matte,63.76,31.9,3.06,5.49,67.76,62.34
C077,S378,Light,Neutral,18-24,6,IMG_378.png,Plum,Cool,Satin,34.57,36.3,-11.39,342.58,79.39,34.97
C077,S125,Light,Neutral,18-24,5,IMG_125.png,Brown,Warm,Satin,37.1,19.35,27.23,54.6,83.32,36.88
C077,S069,Light,Neutral,18-24,6,IMG_069.png,Mauve,Warm,Satin,50.92,23.73,4.49,10.72,61.53,52.34
C077,S451,Light,Neutral,18-24,5,IMG_451.png,Berry,Warm,Satin,46.36,43.95,-0.07,359.91,87.49,43.78
C077,S010,Light,Neutral,18-24,6,IMG_010.png,Orange,Cool,Matte,64.14,27.86,33.47,50.22,86.36,65.06
C077,S195,Light,Neutral,18-24,7,IMG_195.png,Plum,Warm,Matte,30.1,24.27,-9.32,338.99,62.78,30.42
C077,S407,Light,Neutral,18-24,5,IMG_407.png,Coral,Cool,Matte,45.34,34.17,21.6,32.3,88.31,44.23
C077,S085,Light,Neutral,18-24,6,IMG_085.png,Orange,Warm,Satin,44.61,33.92,42.86,51.64,93.54,46.28
C077,S372,Light,Neutral,18-24,6,IMG_372.png,Berry,Neutral,Satin,51.76,37.7,9.95,14.78,80.47,50.23
C077,S389,Light,Neutral,18-24,6,IMG_389.png,Berry,Neutral,Glossy,37.98,38.26,-5.12,352.38,79.83,35.73
C077,S496,Light,Neutral,18-24,7,IMG_496.png,Orange,Neutral,Satin,63.61,26.61,43.06,58.29,94.45,62.31
C077,S031,Light,Neutral,18-24,8,IMG_031.png,Plum,Neutral,Satin,29.74,29.53,-15.0,333.07,69.1,34.0
C077,S317,Light,Neutral,18-24,5,IMG_317.png,Nude,Warm,Glossy,49.49,17.95,18.57,45.98,72.61,52.36
C077,S409,Light,Neutral,18-24,6,IMG_409.png,Red,Neutral,Glossy,41.5,45.1,20.21,24.14,94.06,40.62
C077,S491,Light,Neutral,18-24,6,IMG_491.png,Coral,Cool,Matte,63.93,27.99,18.86,33.97,73.98,62.27
C077,S492,Light,Neutral,18-24,6,IMG_492.png,Mauve,Warm,Glossy,55.1,22.72,7.8,18.95,61.46,53.01
C077,S281,Light,Neutral,18-24,6,IMG_281.png,Orange,Warm,Matte,60.83,29.03,43.83,56.48,100.0,60.4
C077,S357,Light,Neutral,18-24,4,IMG_357.png,Brown,Cool,Matte,26.54,8.39,10.47,51.3,56.74,27.15
C077,S077,Light,Neutral,18-24,5,IMG_077.png,Mauve,Warm,Matte,41.89,27.69,3.2,6.6,63.54,42.78
C077,S462,Light,Neutral,18-24,6,IMG_462.png,Orange,Cool,Matte,62.73,31.4,31.55,45.13,93.64,64.55
C077,S498,Light,Neutral,18-24,8,IMG_498.png,Pink,Neutral,Matte,62.17,31.28,11.43,20.08,85.25,62.51
C077,S212,Light,Neutral,18-24,6,IMG_212.png,Plum,Cool,Matte,36.22,24.36,-15.0,328.38,59.84,36.7
C077,S102,Light,Neutral,18-24,7,IMG_102.png,Orange,Neutral,Satin,67.72,35.5,37.34,46.45,90.45,67.09
C077,S335,Light,Neutral,18-24,7,IMG_335.png,Orange,Neutral,Glossy,65.14,24.44,42.18,59.91,99.55,65.56
C077,S476,Light,Neutral,18-24,5,IMG_476.png,Mauve,Warm,Matte,60.59,26.41,8.59,18.01,68.95,60.25
C077,S337,Light,Neutral,18-24,7,IMG_337.png,Pink,Neutral,Satin,60.41,30.57,8.81,16.07,80.2,58.23
C077,S441,Light,Neutral,18-24,6,IMG_441.png,Coral,Neutral,Satin,50.89,43.17,19.48,24.29,96.73,50.39
C077,S174,Light,Neutral,18-24,7,IMG_174.png,Coral,Cool,Matte,60.02,33.42,19.58,30.36,79.89,60.94
C077,S003,Light,Neutral,18-24,6,IMG_003.png,Nude,Cool,Glossy,61.7,15.08,5.74,20.85,56.97,60.84
C077,S334,Light,Neutral,18-24,6,IMG_334.png,Pink,Warm,Glossy,53.81,29.68,12.52,22.87,80.21,54.8
C077,S410,Light,Neutral,18-24,4,IMG_410.png,Pink,Cool,Glossy,72.37,34.7,6.55,10.69,81.42,73.34
C077,S071,Light,Neutral,18-24,6,IMG_071.png,Mauve,Warm,Matte,46.67,24.65,9.83,21.74,65.36,48.47
C077,S210,Light,Neutral,18-24,7,IMG_210.png,Mauve,Neutral,Satin,48.16,28.2,0.31,0.63,72.26,47.88
C077,S064,Light,Neutral,18-24,7,IMG_064.png,Nude,Neutral,Matte,57.68,8.49,1.18,7.9,46.71,62.52
C077,S385,Light,Neutral,18-24,6,IMG_385.png,Berry,Warm,Satin,54.08,40.96,-4.88,353.21,89.28,56.18
C077,S094,Light,Neutral,18-24,6,IMG_094.png,Nude,Cool,Matte,52.28,4.76,16.16,73.58,53.43,48.56
C077,S486,Light,Neutral,18-24,7,IMG_486.png,Coral,Cool,Satin,56.54,36.42,21.42,30.47,88.45,57.18
C077,S186,Light,Neutral,18-24,5,IMG_186.png,Plum,Neutral,Satin,36.97,30.89,-11.08,340.27,75.99,35.73
C077,S034,Light,Neutral,18-24,8,IMG_034.png,Mauve,Cool,Matte,54.83,30.06,0.19,0.36,73.34,54.83
C077,S078,Light,Neutral,18-24,7,IMG_078.png,Plum,Warm,Satin,39.28,31.21,-5.96,349.19,72.75,39.35
C077,S001,Light,Neutral,18-24,7,IMG_001.png,Nude,Neutral,Glossy,67.64,6.24,9.49,56.65,53.13,67.01
C077,S012,Light,Neutral,18-24,7,IMG_012.png,Pink,Neutral,Matte,57.46,29.6,-0.44,359.15,65.33,54.81
C077,S416,Light,Neutral,18-24,4,IMG_416.png,Berry,Cool,Glossy,44.52,42.13,-10.82,345.6,74.33,43.28
C077,S023,Light,Neutral,18-24,7,IMG_023.png,Pink,Warm,Glossy,59.29,31.43,20.39,32.97,79.16,61.5
C078,S362,Medium,Cool,25-34,7,IMG_362.png,Coral,Warm,Glossy,44.59,39.79,42.75,47.06,100.0,42.55
C078,S074,Medium,Cool,25-34,5,IMG_074.png,Brown,Warm,Satin,33.57,18.57,30.19,58.4,74.8,34.04
C078,S375,Medium,Cool,25-34,5,IMG_375.png,Mauve,Warm,Matte,48.6,21.85,14.88,34.26,58.85,46.15
C078,S156,Medium,Cool,25-34,7,IMG_156.png,Berry,Cool,Matte,49.66,32.99,2.37,4.12,81.61,49.8
C078,S105,Medium,Cool,25-34,5,IMG_105.png,Orange,Neutral,Satin,43.96,31.98,45.0,54.6,95.09,43.2
C078,S395,Medium,Cool,25-34,6,IMG_395.png,Pink,Neutral,Matte,63.76,31.9,3.06,5.49,67.76,62.34
C078,S378,Medium,Cool,25-34,5,IMG_378.png,Plum,Cool,Satin,34.57,36.3,-11.39,342.58,79.39,34.97
C078,S125,Medium,Cool,25-34,7,IMG_125.png,Brown,Warm,Satin,37.1,19.35,27.23,54.6,83.32,36.88
C078,S069,Medium,Cool,25-34,7,IMG_069.png,Mauve,Warm,Satin,50.92,23.73,4.49,10.72,61.53,52.34
C078,S451,Medium,Cool,25-34,7,IMG_451.png,Berry,Warm,Satin,46.36,43.95,-0.07,359.91,87.49,43.78
C078,S010,Medium,Cool,25-34,7,IMG_010.png,Orange,Cool,Matte,64.14,27.86,33.47,50.22,86.36,65.06
C078,S195,Medium,Cool,25-34,4,IMG_195.png,Plum,Warm,Matte,30.1,24.27,-9.32,338.99,62.78,30.42
C078,S407,Medium,Cool,25-34,9,IMG_407.png,Coral,Cool,Matte,45.34,34.17,21.6,32.3,88.31,44.23
C078,S085,Medium,Cool,25-34,5,IMG_085.png,Orange,Warm,Satin,44.61,33.92,42.86,51.64,93.54,46.28
C078,S372,Medium,Cool,25-34,5,IMG_372.png,Berry,Neutral,Satin,51.76,37.7,9.95,14.78,80.47,50.23
C078,S389,Medium,Cool,25-34,6,IMG_389.png,Berry,Neutral,Glossy,37.98,38.26,-5.12,352.38,79.83,35.73
C078,S496,Medium,Cool,25-34,6,IMG_496.png,Orange,Neutral,Satin,63.61,26.61,43.06,58.29,94.45,62.31
C078,S031,Medium,Cool,25-34,4,IMG_031.png,Plum,Neutral,Satin,29.74,29.53,-15.0,333.07,69.1,34.0
C078,S317,Medium,Cool,25-34,5,IMG_317.png,Nude,Warm,Glossy,49.49,17.95,18.57,45.98,72.61,52.36
C078,S409,Medium,Cool,25-34,5,IMG_409.png,Red,Neutral,Glossy,41.5,45.1,20.21,24.14,94.06,40.62
C078,S491,Medium,Cool,25-34,6,IMG_491.png,Coral,Cool,Matte,63.93,27.99,18.86,33.97,73.98,62.27
C078,S492,Medium,Cool,25-34,6,IMG_492.png,Mauve,Warm,Glossy,55.1,22.72,7.8,18.95,61.46,53.01
C078,S281,Medium,Cool,25-34,4,IMG_281.png,Orange,Warm,Matte,60.83,29.03,43.83,56.48,100.0,60.4
C078,S357,Medium,Cool,25-34,5,IMG_357.png,Brown,Cool,Matte,26.54,8.39,10.47,51.3,56.74,27.15
C078,S077,Medium,Cool,25-34,4,IMG_077.png,Mauve,Warm,Matte,41.89,27.69,3.2,6.6,63.54,42.78
C078,S462,Medium,Cool,25-34,5,IMG_462.png,Orange,Cool,Matte,62.73,31.4,31.55,45.13,93.64,64.55
C078,S498,Medium,Cool,25-34,6,IMG_498.png,Pink,Neutral,Matte,62.17,31.28,11.43,20.08,85.25,62.51
C078,S212,Medium,Cool,25-34,5,IMG_212.png,Plum,Cool,Matte,36.22,24.36,-15.0,328.38,59.84,36.7
C078,S102,Medium,Cool,25-34,6,IMG_102.png,Orange,Neutral,Satin,67.72,35.5,37.34,46.45,90.45,67.09
C078,S335,Medium,Cool,25-34,4,IMG_335.png,Orange,Neutral,Glossy,65.14,24.44,42.18,59.91,99.55,65.56
C078,S476,Medium,Cool,25-34,4,IMG_476.png,Mauve,Warm,Matte,60.59,26.41,8.59,18.01,68.95,60.25
C078,S337,Medium,Cool,25-34,4,IMG_337.png,Pink,Neutral,Satin,60.41,30.57,8.81,16.07,80.2,58.23
C078,S441,Medium,Cool,25-34,6,IMG_441.png,Coral,Neutral,Satin,50.89,43.17,19.48,24.29,96.73,50.39
C078,S174,Medium,Cool,25-34,9,IMG_174.png,Coral,Cool,Matte,60.02,33.42,19.58,30.36,79.89,60.94
C078,S003,Medium,Cool,25-34,8,IMG_003.png,Nude,Cool,Glossy,61.7,15.08,5.74,20.85,56.97,60.84
C078,S334,Medium,Cool,25-34,6,IMG_334.png,Pink,Warm,Glossy,53.81,29.68,12.52,22.87,80.21,54.8
C078,S410,Medium,Cool,25-34,5,IMG_410.png,Pink,Cool,Glossy,72.37,34.7,6.55,10.69,81.42,73.34
C078,S071,Medium,Cool,25-34,5,IMG_071.png,Mauve,Warm,Matte,46.67,24.65,9.83,21.74,65.36,48.47
C078,S210,Medium,Cool,25-34,7,IMG_210.png,Mauve,Neutral,Satin,48.16,28.2,0.31,0.63,72.26,47.88
C078,S064,Medium,Cool,25-34,5,IMG_064.png,Nude,Neutral,Matte,57.68,8.49,1.18,7.9,46.71,62.52
C078,S385,Medium,Cool,25-34,6,IMG_385.png,Berry,Warm,Satin,54.08,40.96,-4.88,353.21,89.28,56.18
C078,S094,Medium,Cool,25-34,7,IMG_094.png,Nude,Cool,Matte,52.28,4.76,16.16,73.58,53.43,48.56
C078,S486,Medium,Cool,25-34,8,IMG_486.png,Coral,Cool,Satin,56.54,36.42,21.42,30.47,88.45,57.18
C078,S186,Medium,Cool,25-34,5,IMG_186.png,Plum,Neutral,Satin,36.97,30.89,-11.08,340.27,75.99,35.73
C078,S034,Medium,Cool,25-34,7,IMG_034.png,Mauve,Cool,Matte,54.83,30.06,0.19,0.36,73.34,54.83
C078,S078,Medium,Cool,25-34,4,IMG_078.png,Plum,Warm,Satin,39.28,31.21,-5.96,349.19,72.75,39.35
C078,S001,Medium,Cool,25-34,5,IMG_001.png,Nude,Neutral,Glossy,67.64,6.24,9.49,56.65,53.13,67.01
C078,S012,Medium,Cool,25-34,5,IMG_012.png,Pink,Neutral,Matte,57.46,29.6,-0.44,359.15,65.33,54.81
C078,S416,Medium,Cool,25-34,7,IMG_416.png,Berry,Cool,Glossy,44.52,42.13,-10.82,345.6,74.33,43.28
C078,S023,Medium,Cool,25-34,6,IMG_023.png,Pink,Warm,Glossy,59.29,31.43,20.39,32.97,79.16,61.5
C079,S362,Medium,Neutral,25-34,6,IMG_362.png,Coral,Warm,Glossy,44.59,39.79,42.75,47.06,100.0,42.55
C079,S074,Medium,Neutral,25-34,7,IMG_074.png,Brown,Warm,Satin,33.57,18.57,30.19,58.4,74.8,34.04
C079,S375,Medium,Neutral,25-34,5,IMG_375.png,Mauve,Warm,Matte,48.6,21.85,14.88,34.26,58.85,46.15
C079,S156,Medium,Neutral,25-34,6,IMG_156.png,Berry,Cool,Matte,49.66,32.99,2.37,4.12,81.61,49.8
C079,S105,Medium,Neutral,25-34,7,IMG_105.png,Orange,Neutral,Satin,43.96,31.98,45.0,54.6,95.09,43.2
C079,S395,Medium,Neutral,25-34,8,IMG_395.png,Pink,Neutral,Matte,63.76,31.9,3.06,5.49,67.76,62.34
C079,S378,Medium,Neutral,25-34,4,IMG_378.png,Plum,Cool,Satin,34.57,36.3,-11.39,342.58,79.39,34.97
C079,S125,Medium,Neutral,25-34,7,IMG_125.png,Brown,Warm,Satin,37.1,19.35,27.23,54.6,83.32,36.88
C079,S069,Medium,Neutral,25-34,8,IMG_069.png,Mauve,Warm,Satin,50.92,23.73,4.49,10.72,61.53,52.34
C079,S451,Medium,Neutral,25-34,6,IMG_451.png,Berry,Warm,Satin,46.36,43.95,-0.07,359.91,87.49,43.78
C079,S010,Medium,Neutral,25-34,5,IMG_010.png,Orange,Cool,Matte,64.14,27.86,33.47,50.22,86.36,65.06
C079,S195,Medium,Neutral,25-34,5,IMG_195.png,Plum,Warm,Matte,30.1,24.27,-9.32,338.99,62.78,30.42
C079,S407,Medium,Neutral,25-34,6,IMG_407.png,Coral,Cool,Matte,45.34,34.17,21.6,32.3,88.31,44.23
C079,S085,Medium,Neutral,25-34,7,IMG_085.png,Orange,Warm,Satin,44.61,33.92,42.86,51.64,93.54,46.28
C079,S372,Medium,Neutral,25-34,8,IMG_372.png,Berry,Neutral,Satin,51.76,37.7,9.95,14.78,80.47,50.23
C079,S389,Medium,Neutral,25-34,7,IMG_389.png,Berry,Neutral,Glossy,37.98,38.26,-5.12,352.38,79.83,35.73
C079,S496,Medium,Neutral,25-34,6,IMG_496.png,Orange,Neutral,Satin,63.61,26.61,43.06,58.29,94.45,62.31
C079,S031,Medium,Neutral,25-34,5,IMG_031.png,Plum,Neutral,Satin,29.74,29.53,-15.0,333.07,69.1,34.0
C079,S317,Medium,Neutral,25-34,6,IMG_317.png,Nude,Warm,Glossy,49.49,17.95,18.57,45.98,72.61,52.36
C079,S409,Medium,Neutral,25-34,6,IMG_409.png,Red,Neutral,Glossy,41.5,45.1,20.21,24.14,94.06,40.62
C079,S491,Medium,Neutral,25-34,6,IMG_491.png,Coral,Cool,Matte,63.93,27.99,18.86,33.97,73.98,62.27
C079,S492,Medium,Neutral,25-34,6,IMG_492.png,Mauve,Warm,Glossy,55.1,22.72,7.8,18.95,61.46,53.01
C079,S281,Medium,Neutral,25-34,5,IMG_281.png,Orange,Warm,Matte,60.83,29.03,43.83,56.48,100.0,60.4
C079,S357,Medium,Neutral,25-34,7,IMG_357.png,Brown,Cool,Matte,26.54,8.39,10.47,51.3,56.74,27.15
C079,S077,Medium,Neutral,25-34,5,IMG_077.png,Mauve,Warm,Matte,41.89,27.69,3.2,6.6,63.54,42.78
C079,S462,Medium,Neutral,25-34,6,IMG_462.png,Orange,Cool,Matte,62.73,31.4,31.55,45.13,93.64,64.55
C079,S498,Medium,Neutral,25-34,6,IMG_498.png,Pink,Neutral,Matte,62.17,31.28,11.43,20.08,85.25,62.51
C079,S212,Medium,Neutral,25-34,7,IMG_212.png,Plum,Cool,Matte,36.22,24.36,-15.0,328.38,59.84,36.7
C079,S102,Medium,Neutral,25-34,6,IMG_102.png,Orange,Neutral,Satin,67.72,35.5,37.34,46.45,90.45,67.09
C079,S335,Medium,Neutral,25-34,7,IMG_335.png,Orange,Neutral,Glossy,65.14,24.44,42.18,59.91,99.55,65.56
C079,S476,Medium,Neutral,25-34,6,IMG_476.png,Mauve,Warm,Matte,60.59,26.41,8.59,18.01,68.95,60.25
C079,S337,Medium,Neutral,25-34,7,IMG_337.png,Pink,Neutral,Satin,60.41,30.57,8.81,16.07,80.2,58.23
C079,S441,Medium,Neutral,25-34,7,IMG_441.png,Coral,Neutral,Satin,50.89,43.17,19.48,24.29,96.73,50.39
C079,S174,Medium,Neutral,25-34,5,IMG_174.png,Coral,Cool,Matte,60.02,33.42,19.58,30.36,79.89,60.94
C079,S003,Medium,Neutral,25-34,7,IMG_003.png,Nude,Cool,Glossy,61.7,15.08,5.74,20.85,56.97,60.84
C079,S334,Medium,Neutral,25-34,6,IMG_334.png,Pink,Warm,Glossy,53.81,29.68,12.52,22.87,80.21,54.8
C079,S410,Medium,Neutral,25-34,6,IMG_410.png,Pink,Cool,Glossy,72.37,34.7,6.55,10.69,81.42,73.34
C079,S071,Medium,Neutral,25-34,7,IMG_071.png,Mauve,Warm,Matte,46.67,24.65,9.83,21.74,65.36,48.47
C079,S210,Medium,Neutral,25-34,7,IMG_210.png,Mauve,Neutral,Satin,48.16,28.2,0.31,0.63,72.26,47.88
C079,S064,Medium,Neutral,25-34,7,IMG_064.png,Nude,Neutral,Matte,57.68,8.49,1.18,7.9,46.71,62.52
C079,S385,Medium,Neutral,25-34,7,IMG_385.png,Berry,Warm,Satin,54.08,40.96,-4.88,353.21,89.28,56.18
C079,S094,Medium,Neutral,25-34,7,IMG_094.png,Nude,Cool,Matte,52.28,4.76,16.16,73.58,53.43,48.56
C079,S486,Medium,Neutral,25-34,7,IMG_486.png,Coral,Cool,Satin,56.54,36.42,21.42,30.47,88.45,57.18
C079,S186,Medium,Neutral,25-34,6,IMG_186.png,Plum,Neutral,Satin,36.97,30.89,-11.08,340.27,75.99,35.73
C079,S034,Medium,Neutral,25-34,7,IMG_034.png,Mauve,Cool,Matte,54.83,30.06,0.19,0.36,73.34,54.83
C079,S078,Medium,Neutral,25-34,6,IMG_078.png,Plum,Warm,Satin,39.28,31.21,-5.96,349.19,72.75,39.35
C079,S001,Medium,Neutral,25-34,7,IMG_001.png,Nude,Neutral,Glossy,67.64,6.24,9.49,56.65,53.13,67.01
C079,S012,Medium,Neutral,25-34,7,IMG_012.png,Pink,Neutral,Matte,57.46,29.6,-0.44,359.15,65.33,54.81
C079,S416,Medium,Neutral,25-34,6,IMG_416.png,Berry,Cool,Glossy,44.52,42.13,-10.82,345.6,74.33,43.28
C079,S023,Medium,Neutral,25-34,7,IMG_023.png,Pink,Warm,Glossy,59.29,31.43,20.39,32.97,79.16,61.5
C080,S362,Light,Warm,18-24,6,IMG_362.png,Coral,Warm,Glossy,44.59,39.79,42.75,47.06,100.0,42.55
C080,S074,Light,Warm,18-24,6,IMG_074.png,Brown,Warm,Satin,33.57,18.57,30.19,58.4,74.8,34.04
C080,S375,Light,Warm,18-24,8,IMG_375.png,Mauve,Warm,Matte,48.6,21.85,14.88,34.26,58.85,46.15
C080,S156,Light,Warm,18-24,6,IMG_156.png,Berry,Cool,Matte,49.66,32.99,2.37,4.12,81.61,49.8
C080,S105,Light,Warm,18-24,7,IMG_105.png,Orange,Neutral,Satin,43.96,31.98,45.0,54.6,95.09,43.2
C080,S395,Light,Warm,18-24,7,IMG_395.png,Pink,Neutral,Matte,63.76,31.9,3.06,5.49,67.76,62.34
C080,S378,Light,Warm,18-24,4,IMG_378.png,Plum,Cool,Satin,34.57,36.3,-11.39,342.58,79.39,34.97
C080,S125,Light,Warm,18-24,6,IMG_125.png,Brown,Warm,Satin,37.1,19.35,27.23,54.6,83.32,36.88
C080,S069,Light,Warm,18-24,8,IMG_069.png,Mauve,Warm,Satin,50.92,23.73,4.49,10.72,61.53,52.34
C080,S451,Light,Warm,18-24,6,IMG_451.png,Berry,Warm,Satin,46.36,43.95,-0.07,359.91,87.49,43.78
C080,S010,Light,Warm,18-24,6,IMG_010.png,Orange,Cool,Matte,64.14,27.86,33.47,50.22,86.36,65.06
C080,S195,Light,Warm,18-24,6,IMG_195.png,Plum,Warm,Matte,30.1,24.27,-9.32,338.99,62.78,30.42
C080,S407,Light,Warm,18-24,6,IMG_407.png,Coral,Cool,Matte,45.34,34.17,21.6,32.3,88.31,44.23
C080,S085,Light,Warm,18-24,6,IMG_085.png,Orange,Warm,Satin,44.61,33.92,42.86,51.64,93.54,46.28
C080,S372,Light,Warm,18-24,7,IMG_372.png,Berry,Neutral,Satin,51.76,37.7,9.95,14.78,80.47,50.23
C080,S389,Light,Warm,18-24,5,IMG_389.png,Berry,Neutral,Glossy,37.98,38.26,-5.12,352.38,79.83,35.73
C080,S496,Light,Warm,18-24,5,IMG_496.png,Orange,Neutral,Satin,63.61,26.61,43.06,58.29,94.45,62.31
C080,S031,Light,Warm,18-24,6,IMG_031.png,Plum,Neutral,Satin,29.74,29.53,-15.0,333.07,69.1,34.0
C080,S317,Light,Warm,18-24,8,IMG_317.png,Nude,Warm,Glossy,49.49,17.95,18.57,45.98,72.61,52.36
C080,S409,Light,Warm,18-24,5,IMG_409.png,Red,Neutral,Glossy,41.5,45.1,20.21,24.14,94.06,40.62
C080,S491,Light,Warm,18-24,6,IMG_491.png,Coral,Cool,Matte,63.93,27.99,18.86,33.97,73.98,62.27
C080,S492,Light,Warm,18-24,9,IMG_492.png,Mauve,Warm,Glossy,55.1,22.72,7.8,18.95,61.46,53.01
C080,S281,Light,Warm,18-24,8,IMG_281.png,Orange,Warm,Matte,60.83,29.03,43.83,56.48,100.0,60.4
C080,S357,Light,Warm,18-24,5,IMG_357.png,Brown,Cool,Matte,26.54,8.39,10.47,51.3,56.74,27.15
C080,S077,Light,Warm,18-24,7,IMG_077.png,Mauve,Warm,Matte,41.89,27.69,3.2,6.6,63.54,42.78
C080,S462,Light,Warm,18-24,7,IMG_462.png,Orange,Cool,Matte,62.73,31.4,31.55,45.13,93.64,64.55
C080,S498,Light,Warm,18-24,7,IMG_498.png,Pink,Neutral,Matte,62.17,31.28,11.43,20.08,85.25,62.51
C080,S212,Light,Warm,18-24,4,IMG_212.png,Plum,Cool,Matte,36.22,24.36,-15.0,328.38,59.84,36.7
C080,S102,Light,Warm,18-24,5,IMG_102.png,Orange,Neutral,Satin,67.72,35.5,37.34,46.45,90.45,67.09
C080,S335,Light,Warm,18-24,6,IMG_335.png,Orange,Neutral,Glossy,65.14,24.44,42.18,59.91,99.55,65.56
C080,S476,Light,Warm,18-24,8,IMG_476.png,Mauve,Warm,Matte,60.59,26.41,8.59,18.01,68.95,60.25
C080,S337,Light,Warm,18-24,7,IMG_337.png,Pink,Neutral,Satin,60.41,30.57,8.81,16.07,80.2,58.23
C080,S441,Light,Warm,18-24,7,IMG_441.png,Coral,Neutral,Satin,50.89,43.17,19.48,24.29,96.73,50.39
C080,S174,Light,Warm,18-24,6,IMG_174.png,Coral,Cool,Matte,60.02,33.42,19.58,30.36,79.89,60.94
C080,S003,Light,Warm,18-24,5,IMG_003.png,Nude,Cool,Glossy,61.7,15.08,5.74,20.85,56.97,60.84
C080,S334,Light,Warm,18-24,8,IMG_334.png,Pink,Warm,Glossy,53.81,29.68,12.52,22.87,80.21,54.8
C080,S410,Light,Warm,18-24,5,IMG_410.png,Pink,Cool,Glossy,72.37,34.7,6.55,10.69,81.42,73.34
C080,S071,Light,Warm,18-24,8,IMG_071.png,Mauve,Warm,Matte,46.67,24.65,9.83,21.74,65.36,48.47
C080,S210,Light,Warm,18-24,6,IMG_210.png,Mauve,Neutral,Satin,48.16,28.2,0.31,0.63,72.26,47.88
C080,S064,Light,Warm,18-24,6,IMG_064.png,Nude,Neutral,Matte,57.68,8.49,1.18,7.9,46.71,62.52
C080,S385,Light,Warm,18-24,8,IMG_385.png,Berry,Warm,Satin,54.08,40.96,-4.88,353.21,89.28,56.18
C080,S094,Light,Warm,18-24,6,IMG_094.png,Nude,Cool,Matte,52.28,4.76,16.16,73.58,53.43,48.56
C080,S486,Light,Warm,18-24,6,IMG_486.png,Coral,Cool,Satin,56.54,36.42,21.42,30.47,88.45,57.18
C080,S186,Light,Warm,18-24,4,IMG_186.png,Plum,Neutral,Satin,36.97,30.89,-11.08,340.27,75.99,35.73
C080,S034,Light,Warm,18-24,8,IMG_034.png,Mauve,Cool,Matte,54.83,30.06,0.19,0.36,73.34,54.83
C080,S078,Light,Warm,18-24,6,IMG_078.png,Plum,Warm,Satin,39.28,31.21,-5.96,349.19,72.75,39.35
C080,S001,Light,Warm,18-24,6,IMG_001.png,Nude,Neutral,Glossy,67.64,6.24,9.49,56.65,53.13,67.01
C080,S012,Light,Warm,18-24,6,IMG_012.png,Pink,Neutral,Matte,57.46,29.6,-0.44,359.15,65.33,54.81
C080,S416,Light,Warm,18-24,5,IMG_416.png,Berry,Cool,Glossy,44.52,42.13,-10.82,345.6,74.33,43.28
C080,S023,Light,Warm,18-24,8,IMG_023.png,Pink,Warm,Glossy,59.29,31.43,20.39,32.97,79.16,61.5
C081,S362,Medium,Neutral,35-44,6,IMG_362.png,Coral,Warm,Glossy,44.59,39.79,42.75,47.06,100.0,42.55
C081,S074,Medium,Neutral,35-44,4,IMG_074.png,Brown,Warm,Satin,33.57,18.57,30.19,58.4,74.8,34.04
C081,S375,Medium,Neutral,35-44,7,IMG_375.png,Mauve,Warm,Matte,48.6,21.85,14.88,34.26,58.85,46.15
C081,S156,Medium,Neutral,35-44,8,IMG_156.png,Berry,Cool,Matte,49.66,32.99,2.37,4.12,81.61,49.8
C081,S105,Medium,Neutral,35-44,6,IMG_105.png,Orange,Neutral,Satin,43.96,31.98,45.0,54.6,95.09,43.2
C081,S395,Medium,Neutral,35-44,8,IMG_395.png,Pink,Neutral,Matte,63.76,31.9,3.06,5.49,67.76,62.34
C081,S378,Medium,Neutral,35-44,5,IMG_378.png,Plum,Cool,Satin,34.57,36.3,-11.39,342.58,79.39,34.97
C081,S125,Medium,Neutral,35-44,5,IMG_125.png,Brown,Warm,Satin,37.1,19.35,27.23,54.6,83.32,36.88
C081,S069,Medium,Neutral,35-44,7,IMG_069.png,Mauve,Warm,Satin,50.92,23.73,4.49,10.72,61.53,52.34
C081,S451,Medium,Neutral,35-44,7,IMG_451.png,Berry,Warm,Satin,46.36,43.95,-0.07,359.91,87.49,43.78
C081,S010,Medium,Neutral,35-44,6,IMG_010.png,Orange,Cool,Matte,64.14,27.86,33.47,50.22,86.36,65.06
C081,S195,Medium,Neutral,35-44,6,IMG_195.png,Plum,Warm,Matte,30.1,24.27,-9.32,338.99,62.78,30.42
C081,S407,Medium,Neutral,35-44,6,IMG_407.png,Coral,Cool,Matte,45.34,34.17,21.6,32.3,88.31,44.23
C081,S085,Medium,Neutral,35-44,6,IMG_085.png,Orange,Warm,Satin,44.61,33.92,42.86,51.64,93.54,46.28
C081,S372,Medium,Neutral,35-44,7,IMG_372.png,Berry,Neutral,Satin,51.76,37.7,9.95,14.78,80.47,50.23
C081,S389,Medium,Neutral,35-44,5,IMG_389.png,Berry,Neutral,Glossy,37.98,38.26,-5.12,352.38,79.83,35.73
C081,S496,Medium,Neutral,35-44,7,IMG_496.png,Orange,Neutral,Satin,63.61,26.61,43.06,58.29,94.45,62.31
C081,S031,Medium,Neutral,35-44,7,IMG_031.png,Plum,Neutral,Satin,29.74,29.53,-15.0,333.07,69.1,34.0
C081,S317,Medium,Neutral,35-44,7,IMG_317.png,Nude,Warm,Glossy,49.49,17.95,18.57,45.98,72.61,52.36
C081,S409,Medium,Neutral,35-44,7,IMG_409.png,Red,Neutral,Glossy,41.5,45.1,20.21,24.14,94.06,40.62
C081,S491,Medium,Neutral,35-44,5,IMG_491.png,Coral,Cool,Matte,63.93,27.99,18.86,33.97,73.98,62.27
C081,S492,Medium,Neutral,35-44,6,IMG_492.png,Mauve,Warm,Glossy,55.1,22.72,7.8,18.95,61.46,53.01
C081,S281,Medium,Neutral,35-44,7,IMG_281.png,Orange,Warm,Matte,60.83,29.03,43.83,56.48,100.0,60.4
C081,S357,Medium,Neutral,35-44,6,IMG_357.png,Brown,Cool,Matte,26.54,8.39,10.47,51.3,56.74,27.15
C081,S077,Medium,Neutral,35-44,7,IMG_077.png,Mauve,Warm,Matte,41.89,27.69,3.2,6.6,63.54,42.78
C081,S462,Medium,Neutral,35-44,6,IMG_462.png,Orange,Cool,Matte,62.73,31.4,31.55,45.13,93.64,64.55
C081,S498,Medium,Neutral,35-44,8,IMG_498.png,Pink,Neutral,Matte,62.17,31.28,11.43,20.08,85.25,62.51
C081,S212,Medium,Neutral,35-44,6,IMG_212.png,Plum,Cool,Matte,36.22,24.36,-15.0,328.38,59.84,36.7
C081,S102,Medium,Neutral,35-44,6,IMG_102.png,Orange,Neutral,Satin,67.72,35.5,37.34,46.45,90.45,67.09
C081,S335,Medium,Neutral,35-44,5,IMG_335.png,Orange,Neutral,Glossy,65.14,24.44,42.18,59.91,99.55,65.56
C081,S476,Medium,Neutral,35-44,5,IMG_476.png,Mauve,Warm,Matte,60.59,26.41,8.59,18.01,68.95,60.25
C081,S337,Medium,Neutral,35-44,8,IMG_337.png,Pink,Neutral,Satin,60.41,30.57,8.81,16.07,80.2,58.23
C081,S441,Medium,Neutral,35-44,7,IMG_441.png,Coral,Neutral,Satin,50.89,43.17,19.48,24.29,96.73,50.39
C081,S174,Medium,Neutral,35-44,5,IMG_174.png,Coral,Cool,Matte,60.02,33.42,19.58,30.36,79.89,60.94
C081,S003,Medium,Neutral,35-44,6,IMG_003.png,Nude,Cool,Glossy,61.7,15.08,5.74,20.85,56.97,60.84
C081,S334,Medium,Neutral,35-44,8,IMG_334.png,Pink,Warm,Glossy,53.81,29.68,12.52,22.87,80.21,54.8
C081,S410,Medium,Neutral,35-44,6,IMG_410.png,Pink,Cool,Glossy,72.37,34.7,6.55,10.69,81.42,73.34
C081,S071,Medium,Neutral,35-44,6,IMG_071.png,Mauve,Warm,Matte,46.67,24.65,9.83,21.74,65.36,48.47
C081,S210,Medium,Neutral,35-44,7,IMG_210.png,Mauve,Neutral,Satin,48.16,28.2,0.31,0.63,72.26,47.88
C081,S064,Medium,Neutral,35-44,7,IMG_064.png,Nude,Neutral,Matte,57.68,8.49,1.18,7.9,46.71,62.52
C081,S385,Medium,Neutral,35-44,7,IMG_385.png,Berry,Warm,Satin,54.08,40.96,-4.88,353.21,89.28,56.18
C081,S094,Medium,Neutral,35-44,5,IMG_094.png,Nude,Cool,Matte,52.28,4.76,16.16,73.58,53.43,48.56
C081,S486,Medium,Neutral,35-44,5,IMG_486.png,Coral,Cool,Satin,56.54,36.42,21.42,30.47,88.45,57.18
C081,S186,Medium,Neutral,35-44,6,IMG_186.png,Plum,Neutral,Satin,36.97,30.89,-11.08,340.27,75.99,35.73
C081,S034,Medium,Neutral,35-44,7,IMG_034.png,Mauve,Cool,Matte,54.83,30.06,0.19,0.36,73.34,54.83
C081,S078,Medium,Neutral,35-44,6,IMG_078.png,Plum,Warm,Satin,39.28,31.21,-5.96,349.19,72.75,39.35
C081,S001,Medium,Neutral,35-44,6,IMG_001.png,Nude,Neutral,Glossy,67.64,6.24,9.49,56.65,53.13,67.01
C081,S012,Medium,Neutral,35-44,8,IMG_012.png,Pink,Neutral,Matte,57.46,29.6,-0.44,359.15,65.33,54.81
C081,S416,Medium,Neutral,35-44,6,IMG_416.png,Berry,Cool,Glossy,44.52,42.13,-10.82,345.6,74.33,43.28
C081,S023,Medium,Neutral,35-44,7,IMG_023.png,Pink,Warm,Glossy,59.29,31.43,20.39,32.97,79.16,61.5
C082,S362,Light,Neutral,18-24,7,IMG_362.png,Coral,Warm,Glossy,44.59,39.79,42.75,47.06,100.0,42.55
C082,S074,Light,Neutral,18-24,4,IMG_074.png,Brown,Warm,Satin,33.57,18.57,30.19,58.4,74.8,34.04
C082,S375,Light,Neutral,18-24,6,IMG_375.png,Mauve,Warm,Matte,48.6,21.85,14.88,34.26,58.85,46.15
C082,S156,Light,Neutral,18-24,8,IMG_156.png,Berry,Cool,Matte,49.66,32.99,2.37,4.12,81.61,49.8
C082,S105,Light,Neutral,18-24,6,IMG_105.png,Orange,Neutral,Satin,43.96,31.98,45.0,54.6,95.09,43.2
C082,S395,Light,Neutral,18-24,7,IMG_395.png,Pink,Neutral,Matte,63.76,31.9,3.06,5.49,67.76,62.34
C082,S378,Light,Neutral,18-24,7,IMG_378.png,Plum,Cool,Satin,34.57,36.3,-11.39,342.58,79.39,34.97
C082,S125,Light,Neutral,18-24,5,IMG_125.png,Brown,Warm,Satin,37.1,19.35,27.23,54.6,83.32,36.88
C082,S069,Light,Neutral,18-24,6,IMG_069.png,Mauve,Warm,Satin,50.92,23.73,4.49,10.72,61.53,52.34
C082,S451,Light,Neutral,18-24,6,IMG_451.png,Berry,Warm,Satin,46.36,43.95,-0.07,359.91,87.49,43.78
C082,S010,Light,Neutral,18-24,6,IMG_010.png,Orange,Cool,Matte,64.14,27.86,33.47,50.22,86.36,65.06
C082,S195,Light,Neutral,18-24,5,IMG_195.png,Plum,Warm,Matte,30.1,24.27,-9.32,338.99,62.78,30.42
C082,S407,Light,Neutral,18-24,6,IMG_407.png,Coral,Cool,Matte,45.34,34.17,21.6,32.3,88.31,44.23
C082,S085,Light,Neutral,18-24,7,IMG_085.png,Orange,Warm,Satin,44.61,33.92,42.86,51.64,93.54,46.28
C082,S372,Light,Neutral,18-24,8,IMG_372.png,Berry,Neutral,Satin,51.76,37.7,9.95,14.78,80.47,50.23
C082,S389,Light,Neutral,18-24,6,IMG_389.png,Berry,Neutral,Glossy,37.98,38.26,-5.12,352.38,79.83,35.73
C082,S496,Light,Neutral,18-24,8,IMG_496.png,Orange,Neutral,Satin,63.61,26.61,43.06,58.29,94.45,62.31
C082,S031,Light,Neutral,18-24,6,IMG_031.png,Plum,Neutral,Satin,29.74,29.53,-15.0,333.07,69.1,34.0
C082,S317,Light,Neutral,18-24,6,IMG_317.png,Nude,Warm,Glossy,49.49,17.95,18.57,45.98,72.61,52.36
C082,S409,Light,Neutral,18-24,7,IMG_409.png,Red,Neutral,Glossy,41.5,45.1,20.21,24.14,94.06,40.62
C082,S491,Light,Neutral,18-24,7,IMG_491.png,Coral,Cool,Matte,63.93,27.99,18.86,33.97,73.98,62.27
C082,S492,Light,Neutral,18-24,6,IMG_492.png,Mauve,Warm,Glossy,55.1,22.72,7.8,18.95,61.46,53.01
C082,S281,Light,Neutral,18-24,6,IMG_281.png,Orange,Warm,Matte,60.83,29.03,43.83,56.48,100.0,60.4
C082,S357,Light,Neutral,18-24,6,IMG_357.png,Brown,Cool,Matte,26.54,8.39,10.47,51.3,56.74,27.15
C082,S077,Light,Neutral,18-24,5,IMG_077.png,Mauve,Warm,Matte,41.89,27.69,3.2,6.6,63.54,42.78
C082,S462,Light,Neutral,18-24,7,IMG_462.png,Orange,Cool,Matte,62.73,31.4,31.55,45.13,93.64,64.55
C082,S498,Light,Neutral,18-24,7,IMG_498.png,Pink,Neutral,Matte,62.17,31.28,11.43,20.08,85.25,62.51
C082,S212,Light,Neutral,18-24,6,IMG_212.png,Plum,Cool,Matte,36.22,24.36,-15.0,328.38,59.84,36.7
C082,S102,Light,Neutral,18-24,6,IMG_102.png,Orange,Neutral,Satin,67.72,35.5,37.34,46.45,90.45,67.09
C082,S335,Light,Neutral,18-24,7,IMG_335.png,Orange,Neutral,Glossy,65.14,24.44,42.18,59.91,99.55,65.56
C082,S476,Light,Neutral,18-24,7,IMG_476.png,Mauve,Warm,Matte,60.59,26.41,8.59,18.01,68.95,60.25
C082,S337,Light,Neutral,18-24,6,IMG_337.png,Pink,Neutral,Satin,60.41,30.57,8.81,16.07,80.2,58.23
C082,S441,Light,Neutral,18-24,7,IMG_441.png,Coral,Neutral,Satin,50.89,43.17,19.48,24.29,96.73,50.39
C082,S174,Light,Neutral,18-24,7,IMG_174.png,Coral,Cool,Matte,60.02,33.42,19.58,30.36,79.89,60.94
C082,S003,Light,Neutral,18-24,6,IMG_003.png,Nude,Cool,Glossy,61.7,15.08,5.74,20.85,56.97,60.84
C082,S334,Light,Neutral,18-24,6,IMG_334.png,Pink,Warm,Glossy,53.81,29.68,12.52,22.87,80.21,54.8
C082,S410,Light,Neutral,18-24,6,IMG_410.png,Pink,Cool,Glossy,72.37,34.7,6.55,10.69,81.42,73.34
C082,S071,Light,Neutral,18-24,6,IMG_071.png,Mauve,Warm,Matte,46.67,24.65,9.83,21.74,65.36,48.47
C082,S210,Light,Neutral,18-24,6,IMG_210.png,Mauve,Neutral,Satin,48.16,28.2,0.31,0.63,72.26,47.88
C082,S064,Light,Neutral,18-24,7,IMG_064.png,Nude,Neutral,Matte,57.68,8.49,1.18,7.9,46.71,62.52
C082,S385,Light,Neutral,18-24,5,IMG_385.png,Berry,Warm,Satin,54.08,40.96,-4.88,353.21,89.28,56.18
C082,S094,Light,Neutral,18-24,5,IMG_094.png,Nude,Cool,Matte,52.28,4.76,16.16,73.58,53.43,48.56
C082,S486,Light,Neutral,18-24,7,IMG_486.png,Coral,Cool,Satin,56.54,36.42,21.42,30.47,88.45,57.18
C082,S186,Light,Neutral,18-24,7,IMG_186.png,Plum,Neutral,Satin,36.97,30.89,-11.08,340.27,75.99,35.73
C082,S034,Light,Neutral,18-24,5,IMG_034.png,Mauve,Cool,Matte,54.83,30.06,0.19,0.36,73.34,54.83
C082,S078,Light,Neutral,18-24,6,IMG_078.png,Plum,Warm,Satin,39.28,31.21,-5.96,349.19,72.75,39.35
C082,S001,Light,Neutral,18-24,5,IMG_001.png,Nude,Neutral,Glossy,67.64,6.24,9.49,56.65,53.13,67.01
C082,S012,Light,Neutral,18-24,8,IMG_012.png,Pink,Neutral,Matte,57.46,29.6,-0.44,359.15,65.33,54.81
C082,S416,Light,Neutral,18-24,4,IMG_416.png,Berry,Cool,Glossy,44.52,42.13,-10.82,345.6,74.33,43.28
C082,S023,Light,Neutral,18-24,5,IMG_023.png,Pink,Warm,Glossy,59.29,31.43,20.39,32.97,79.16,61.5
C083,S362,Tan,Warm,18-24,6,IMG_362.png,Coral,Warm,Glossy,44.59,39.79,42.75,47.06,100.0,42.55
C083,S074,Tan,Warm,18-24,8,IMG_074.png,Brown,Warm,Satin,33.57,18.57,30.19,58.4,74.8,34.04
C083,S375,Tan,Warm,18-24,6,IMG_375.png,Mauve,Warm,Matte,48.6,21.85,14.88,34.26,58.85,46.15
C083,S156,Tan,Warm,18-24,6,IMG_156.png,Berry,Cool,Matte,49.66,32.99,2.37,4.12,81.61,49.8
C083,S105,Tan,Warm,18-24,8,IMG_105.png,Orange,Neutral,Satin,43.96,31.98,45.0,54.6,95.09,43.2
C083,S395,Tan,Warm,18-24,6,IMG_395.png,Pink,Neutral,Matte,63.76,31.9,3.06,5.49,67.76,62.34
C083,S378,Tan,Warm,18-24,4,IMG_378.png,Plum,Cool,Satin,34.57,36.3,-11.39,342.58,79.39,34.97
C083,S125,Tan,Warm,18-24,8,IMG_125.png,Brown,Warm,Satin,37.1,19.35,27.23,54.6,83.32,36.88
C083,S069,Tan,Warm,18-24,6,IMG_069.png,Mauve,Warm,Satin,50.92,23.73,4.49,10.72,61.53,52.34
C083,S451,Tan,Warm,18-24,6,IMG_451.png,Berry,Warm,Satin,46.36,43.95,-0.07,359.91,87.49,43.78
C083,S010,Tan,Warm,18-24,5,IMG_010.png,Orange,Cool,Matte,64.14,27.86,33.47,50.22,86.36,65.06
C083,S195,Tan,Warm,18-24,7,IMG_195.png,Plum,Warm,Matte,30.1,24.27,-9.32,338.99,62.78,30.42
C083,S407,Tan,Warm,18-24,6,IMG_407.png,Coral,Cool,Matte,45.34,34.17,21.6,32.3,88.31,44.23
C083,S085,Tan,Warm,18-24,7,IMG_085.png,Orange,Warm,Satin,44.61,33.92,42.86,51.64,93.54,46.28
C083,S372,Tan,Warm,18-24,7,IMG_372.png,Berry,Neutral,Satin,51.76,37.7,9.95,14.78,80.47,50.23
C083,S389,Tan,Warm,18-24,4,IMG_389.png,Berry,Neutral,Glossy,37.98,38.26,-5.12,352.38,79.83,35.73
C083,S496,Tan,Warm,18-24,4,IMG_496.png,Orange,Neutral,Satin,63.61,26.61,43.06,58.29,94.45,62.31
C083,S031,Tan,Warm,18-24,4,IMG_031.png,Plum,Neutral,Satin,29.74,29.53,-15.0,333.07,69.1,34.0
C083,S317,Tan,Warm,18-24,7,IMG_317.png,Nude,Warm,Glossy,49.49,17.95,18.57,45.98,72.61,52.36
C083,S409,Tan,Warm,18-24,6,IMG_409.png,Red,Neutral,Glossy,41.5,45.1,20.21,24.14,94.06,40.62
C083,S491,Tan,Warm,18-24,4,IMG_491.png,Coral,Cool,Matte,63.93,27.99,18.86,33.97,73.98,62.27
C083,S492,Tan,Warm,18-24,6,IMG_492.png,Mauve,Warm,Glossy,55.1,22.72,7.8,18.95,61.46,53.01
C083,S281,Tan,Warm,18-24,6,IMG_281.png,Orange,Warm,Matte,60.83,29.03,43.83,56.48,100.0,60.4
C083,S357,Tan,Warm,18-24,6,IMG_357.png,Brown,Cool,Matte,26.54,8.39,10.47,51.3,56.74,27.15
C083,S077,Tan,Warm,18-24,7,IMG_077.png,Mauve,Warm,Matte,41.89,27.69,3.2,6.6,63.54,42.78
C083,S462,Tan,Warm,18-24,5,IMG_462.png,Orange,Cool,Matte,62.73,31.4,31.55,45.13,93.64,64.55
C083,S498,Tan,Warm,18-24,5,IMG_498.png,Pink,Neutral,Matte,62.17,31.28,11.43,20.08,85.25,62.51
C083,S212,Tan,Warm,18-24,6,IMG_212.png,Plum,Cool,Matte,36.22,24.36,-15.0,328.38,59.84,36.7
C083,S102,Tan,Warm,18-24,4,IMG_102.png,Orange,Neutral,Satin,67.72,35.5,37.34,46.45,90.45,67.09
C083,S335,Tan,Warm,18-24,5,IMG_335.png,Orange,Neutral,Glossy,65.14,24.44,42.18,59.91,99.55,65.56
C083,S476,Tan,Warm,18-24,7,IMG_476.png,Mauve,Warm,Matte,60.59,26.41,8.59,18.01,68.95,60.25
C083,S337,Tan,Warm,18-24,4,IMG_337.png,Pink,Neutral,Satin,60.41,30.57,8.81,16.07,80.2,58.23
C083,S441,Tan,Warm,18-24,8,IMG_441.png,Coral,Neutral,Satin,50.89,43.17,19.48,24.29,96.73,50.39
C083,S174,Tan,Warm,18-24,4,IMG_174.png,Coral,Cool,Matte,60.02,33.42,19.58,30.36,79.89,60.94
C083,S003,Tan,Warm,18-24,4,IMG_003.png,Nude,Cool,Glossy,61.7,15.08,5.74,20.85,56.97,60.84
C083,S334,Tan,Warm,18-24,6,IMG_334.png,Pink,Warm,Glossy,53.81,29.68,12.52,22.87,80.21,54.8
C083,S410,Tan,Warm,18-24,6,IMG_410.png,Pink,Cool,Glossy,72.37,34.7,6.55,10.69,81.42,73.34
C083,S071,Tan,Warm,18-24,7,IMG_071.png,Mauve,Warm,Matte,46.67,24.65,9.83,21.74,65.36,48.47
C083,S210,Tan,Warm,18-24,6,IMG_210.png,Mauve,Neutral,Satin,48.16,28.2,0.31,0.63,72.26,47.88
C083,S064,Tan,Warm,18-24,5,IMG_064.png,Nude,Neutral,Matte,57.68,8.49,1.18,7.9,46.71,62.52
C083,S385,Tan,Warm,18-24,7,IMG_385.png,Berry,Warm,Satin,54.08,40.96,-4.88,353.21,89.28,56.18
C083,S094,Tan,Warm,18-24,5,IMG_094.png,Nude,Cool,Matte,52.28,4.76,16.16,73.58,53.43,48.56
C083,S486,Tan,Warm,18-24,5,IMG_486.png,Coral,Cool,Satin,56.54,36.42,21.42,30.47,88.45,57.18
C083,S186,Tan,Warm,18-24,3,IMG_186.png,Plum,Neutral,Satin,36.97,30.89,-11.08,340.27,75.99,35.73
C083,S034,Tan,Warm,18-24,5,IMG_034.png,Mauve,Cool,Matte,54.83,30.06,0.19,0.36,73.34,54.83
C083,S078,Tan,Warm,18-24,7,IMG_078.png,Plum,Warm,Satin,39.28,31.21,-5.96,349.19,72.75,39.35
C083,S001,Tan,Warm,18-24,5,IMG_001.png,Nude,Neutral,Glossy,67.64,6.24,9.49,56.65,53.13,67.01
C083,S012,Tan,Warm,18-24,6,IMG_012.png,Pink,Neutral,Matte,57.46,29.6,-0.44,359.15,65.33,54.81
C083,S416,Tan,Warm,18-24,6,IMG_416.png,Berry,Cool,Glossy,44.52,42.13,-10.82,345.6,74.33,43.28
C083,S023,Tan,Warm,18-24,7,IMG_023.png,Pink,Warm,Glossy,59.29,31.43,20.39,32.97,79.16,61.5
C084,S362,Medium,Cool,18-24,6,IMG_362.png,Coral,Warm,Glossy,44.59,39.79,42.75,47.06,100.0,42.55
C084,S074,Medium,Cool,18-24,5,IMG_074.png,Brown,Warm,Satin,33.57,18.57,30.19,58.4,74.8,34.04
C084,S375,Medium,Cool,18-24,5,IMG_375.png,Mauve,Warm,Matte,48.6,21.85,14.88,34.26,58.85,46.15
C084,S156,Medium,Cool,18-24,6,IMG_156.png,Berry,Cool,Matte,49.66,32.99,2.37,4.12,81.61,49.8
C084,S105,Medium,Cool,18-24,6,IMG_105.png,Orange,Neutral,Satin,43.96,31.98,45.0,54.6,95.09,43.2
C084,S395,Medium,Cool,18-24,7,IMG_395.png,Pink,Neutral,Matte,63.76,31.9,3.06,5.49,67.76,62.34
C084,S378,Medium,Cool,18-24,6,IMG_378.png,Plum,Cool,Satin,34.57,36.3,-11.39,342.58,79.39,34.97
C084,S125,Medium,Cool,18-24,6,IMG_125.png,Brown,Warm,Satin,37.1,19.35,27.23,54.6,83.32,36.88
C084,S069,Medium,Cool,18-24,5,IMG_069.png,Mauve,Warm,Satin,50.92,23.73,4.49,10.72,61.53,52.34
C084,S451,Medium,Cool,18-24,6,IMG_451.png,Berry,Warm,Satin,46.36,43.95,-0.07,359.91,87.49,43.78
C084,S010,Medium,Cool,18-24,6,IMG_010.png,Orange,Cool,Matte,64.14,27.86,33.47,50.22,86.36,65.06
C084,S195,Medium,Cool,18-24,4,IMG_195.png,Plum,Warm,Matte,30.1,24.27,-9.32,338.99,62.78,30.42
C084,S407,Medium,Cool,18-24,8,IMG_407.png,Coral,Cool,Matte,45.34,34.17,21.6,32.3,88.31,44.23
C084,S085,Medium,Cool,18-24,6,IMG_085.png,Orange,Warm,Satin,44.61,33.92,42.86,51.64,93.54,46.28
C084,S372,Medium,Cool,18-24,7,IMG_372.png,Berry,Neutral,Satin,51.76,37.7,9.95,14.78,80.47,50.23
C084,S389,Medium,Cool,18-24,5,IMG_389.png,Berry,Neutral,Glossy,37.98,38.26,-5.12,352.38,79.83,35.73
C084,S496,Medium,Cool,18-24,6,IMG_496.png,Orange,Neutral,Satin,63.61,26.61,43.06,58.29,94.45,62.31
C084,S031,Medium,Cool,18-24,6,IMG_031.png,Plum,Neutral,Satin,29.74,29.53,-15.0,333.07,69.1,34.0
C084,S317,Medium,Cool,18-24,5,IMG_317.png,Nude,Warm,Glossy,49.49,17.95,18.57,45.98,72.61,52.36
C084,S409,Medium,Cool,18-24,4,IMG_409.png,Red,Neutral,Glossy,41.5,45.1,20.21,24.14,94.06,40.62
C084,S491,Medium,Cool,18-24,8,IMG_491.png,Coral,Cool,Matte,63.93,27.99,18.86,33.97,73.98,62.27
C084,S492,Medium,Cool,18-24,5,IMG_492.png,Mauve,Warm,Glossy,55.1,22.72,7.8,18.95,61.46,53.01
C084,S281,Medium,Cool,18-24,5,IMG_281.png,Orange,Warm,Matte,60.83,29.03,43.83,56.48,100.0,60.4
C084,S357,Medium,Cool,18-24,6,IMG_357.png,Brown,Cool,Matte,26.54,8.39,10.47,51.3,56.74,27.15
C084,S077,Medium,Cool,18-24,5,IMG_077.png,Mauve,Warm,Matte,41.89,27.69,3.2,6.6,63.54,42.78
C084,S462,Medium,Cool,18-24,6,IMG_462.png,Orange,Cool,Matte,62.73,31.4,31.55,45.13,93.64,64.55
C084,S498,Medium,Cool,18-24,6,IMG_498.png,Pink,Neutral,Matte,62.17,31.28,11.43,20.08,85.25,62.51
C084,S212,Medium,Cool,18-24,7,IMG_212.png,Plum,Cool,Matte,36.22,24.36,-15.0,328.38,59.84,36.7
C084,S102,Medium,Cool,18-24,5,IMG_102.png,Orange,Neutral,Satin,67.72,35.5,37.34,46.45,90.45,67.09
C084,S335,Medium,Cool,18-24,4,IMG_335.png,Orange,Neutral,Glossy,65.14,24.44,42.18,59.91,99.55,65.56
C084,S476,Medium,Cool,18-24,4,IMG_476.png,Mauve,Warm,Matte,60.59,26.41,8.59,18.01,68.95,60.25
C084,S337,Medium,Cool,18-24,6,IMG_337.png,Pink,Neutral,Satin,60.41,30.57,8.81,16.07,80.2,58.23
C084,S441,Medium,Cool,18-24,7,IMG_441.png,Coral,Neutral,Satin,50.89,43.17,19.48,24.29,96.73,50.39
C084,S174,Medium,Cool,18-24,7,IMG_174.png,Coral,Cool,Matte,60.02,33.42,19.58,30.36,79.89,60.94
C084,S003,Medium,Cool,18-24,7,IMG_003.png,Nude,Cool,Glossy,61.7,15.08,5.74,20.85,56.97,60.84
C084,S334,Medium,Cool,18-24,6,IMG_334.png,Pink,Warm,Glossy,53.81,29.68,12.52,22.87,80.21,54.8
C084,S410,Medium,Cool,18-24,5,IMG_410.png,Pink,Cool,Glossy,72.37,34.7,6.55,10.69,81.42,73.34
C084,S071,Medium,Cool,18-24,6,IMG_071.png,Mauve,Warm,Matte,46.67,24.65,9.83,21.74,65.36,48.47
C084,S210,Medium,Cool,18-24,6,IMG_210.png,Mauve,Neutral,Satin,48.16,28.2,0.31,0.63,72.26,47.88
C084,S064,Medium,Cool,18-24,6,IMG_064.png,Nude,Neutral,Matte,57.68,8.49,1.18,7.9,46.71,62.52
C084,S385,Medium,Cool,18-24,6,IMG_385.png,Berry,Warm,Satin,54.08,40.96,-4.88,353.21,89.28,56.18
C084,S094,Medium,Cool,18-24,5,IMG_094.png,Nude,Cool,Matte,52.28,4.76,16.16,73.58,53.43,48.56
C084,S486,Medium,Cool,18-24,8,IMG_486.png,Coral,Cool,Satin,56.54,36.42,21.42,30.47,88.45,57.18
C084,S186,Medium,Cool,18-24,6,IMG_186.png,Plum,Neutral,Satin,36.97,30.89,-11.08,340.27,75.99,35.73
C084,S034,Medium,Cool,18-24,7,IMG_034.png,Mauve,Cool,Matte,54.83,30.06,0.19,0.36,73.34,54.83
C084,S078,Medium,Cool,18-24,5,IMG_078.png,Plum,Warm,Satin,39.28,31.21,-5.96,349.19,72.75,39.35
C084,S001,Medium,Cool,18-24,6,IMG_001.png,Nude,Neutral,Glossy,67.64,6.24,9.49,56.65,53.13,67.01
C084,S012,Medium,Cool,18-24,6,IMG_012.png,Pink,Neutral,Matte,57.46,29.6,-0.44,359.15,65.33,54.81
C084,S416,Medium,Cool,18-24,8,IMG_416.png,Berry,Cool,Glossy,44.52,42.13,-10.82,345.6,74.33,43.28
C084,S023,Medium,Cool,18-24,6,IMG_023.png,Pink,Warm,Glossy,59.29,31.43,20.39,32.97,79.16,61.5
C085,S362,Light,Warm,18-24,6,IMG_362.png,Coral,Warm,Glossy,44.59,39.79,42.75,47.06,100.0,42.55
C085,S074,Light,Warm,18-24,7,IMG_074.png,Brown,Warm,Satin,33.57,18.57,30.19,58.4,74.8,34.04
C085,S375,Light,Warm,18-24,4,IMG_375.png,Mauve,Warm,Matte,48.6,21.85,14.88,34.26,58.85,46.15
C085,S156,Light,Warm,18-24,5,IMG_156.png,Berry,Cool,Matte,49.66,32.99,2.37,4.12,81.61,49.8
C085,S105,Light,Warm,18-24,4,IMG_105.png,Orange,Neutral,Satin,43.96,31.98,45.0,54.6,95.09,43.2
C085,S395,Light,Warm,18-24,6,IMG_395.png,Pink,Neutral,Matte,63.76,31.9,3.06,5.49,67.76,62.34
C085,S378,Light,Warm,18-24,4,IMG_378.png,Plum,Cool,Satin,34.57,36.3,-11.39,342.58,79.39,34.97
C085,S125,Light,Warm,18-24,8,IMG_125.png,Brown,Warm,Satin,37.1,19.35,27.23,54.6,83.32,36.88
C085,S069,Light,Warm,18-24,8,IMG_069.png,Mauve,Warm,Satin,50.92,23.73,4.49,10.72,61.53,52.34
C085,S451,Light,Warm,18-24,7,IMG_451.png,Berry,Warm,Satin,46.36,43.95,-0.07,359.91,87.49,43.78
C085,S010,Light,Warm,18-24,7,IMG_010.png,Orange,Cool,Matte,64.14,27.86,33.47,50.22,86.36,65.06
C085,S195,Light,Warm,18-24,6,IMG_195.png,Plum,Warm,Matte,30.1,24.27,-9.32,338.99,62.78,30.42
C085,S407,Light,Warm,18-24,4,IMG_407.png,Coral,Cool,Matte,45.34,34.17,21.6,32.3,88.31,44.23
C085,S085,Light,Warm,18-24,6,IMG_085.png,Orange,Warm,Satin,44.61,33.92,42.86,51.64,93.54,46.28
C085,S372,Light,Warm,18-24,6,IMG_372.png,Berry,Neutral,Satin,51.76,37.7,9.95,14.78,80.47,50.23
C085,S389,Light,Warm,18-24,5,IMG_389.png,Berry,Neutral,Glossy,37.98,38.26,-5.12,352.38,79.83,35.73
C085,S496,Light,Warm,18-24,5,IMG_496.png,Orange,Neutral,Satin,63.61,26.61,43.06,58.29,94.45,62.31
C085,S031,Light,Warm,18-24,4,IMG_031.png,Plum,Neutral,Satin,29.74,29.53,-15.0,333.07,69.1,34.0
C085,S317,Light,Warm,18-24,7,IMG_317.png,Nude,Warm,Glossy,49.49,17.95,18.57,45.98,72.61,52.36
C085,S409,Light,Warm,18-24,5,IMG_409.png,Red,Neutral,Glossy,41.5,45.1,20.21,24.14,94.06,40.62
C085,S491,Light,Warm,18-24,6,IMG_491.png,Coral,Cool,Matte,63.93,27.99,18.86,33.97,73.98,62.27
C085,S492,Light,Warm,18-24,8,IMG_492.png,Mauve,Warm,Glossy,55.1,22.72,7.8,18.95,61.46,53.01
C085,S281,Light,Warm,18-24,8,IMG_281.png,Orange,Warm,Matte,60.83,29.03,43.83,56.48,100.0,60.4
C085,S357,Light,Warm,18-24,5,IMG_357.png,Brown,Cool,Matte,26.54,8.39,10.47,51.3,56.74,27.15
C085,S077,Light,Warm,18-24,7,IMG_077.png,Mauve,Warm,Matte,41.89,27.69,3.2,6.6,63.54,42.78
C085,S462,Light,Warm,18-24,5,IMG_462.png,Orange,Cool,Matte,62.73,31.4,31.55,45.13,93.64,64.55
C085,S498,Light,Warm,18-24,5,IMG_498.png,Pink,Neutral,Matte,62.17,31.28,11.43,20.08,85.25,62.51
C085,S212,Light,Warm,18-24,3,IMG_212.png,Plum,Cool,Matte,36.22,24.36,-15.0,328.38,59.84,36.7
C085,S102,Light,Warm,18-24,6,IMG_102.png,Orange,Neutral,Satin,67.72,35.5,37.34,46.45,90.45,67.09
C085,S335,Light,Warm,18-24,7,IMG_335.png,Orange,Neutral,Glossy,65.14,24.44,42.18,59.91,99.55,65.56
C085,S476,Light,Warm,18-24,7,IMG_476.png,Mauve,Warm,Matte,60.59,26.41,8.59,18.01,68.95,60.25
C085,S337,Light,Warm,18-24,6,IMG_337.png,Pink,Neutral,Satin,60.41,30.57,8.81,16.07,80.2,58.23
C085,S441,Light,Warm,18-24,6,IMG_441.png,Coral,Neutral,Satin,50.89,43.17,19.48,24.29,96.73,50.39
C085,S174,Light,Warm,18-24,6,IMG_174.png,Coral,Cool,Matte,60.02,33.42,19.58,30.36,79.89,60.94
C085,S003,Light,Warm,18-24,5,IMG_003.png,Nude,Cool,Glossy,61.7,15.08,5.74,20.85,56.97,60.84
C085,S334,Light,Warm,18-24,7,IMG_334.png,Pink,Warm,Glossy,53.81,29.68,12.52,22.87,80.21,54.8
C085,S410,Light,Warm,18-24,4,IMG_410.png,Pink,Cool,Glossy,72.37,34.7,6.55,10.69,81.42,73.34
C085,S071,Light,Warm,18-24,6,IMG_071.png,Mauve,Warm,Matte,46.67,24.65,9.83,21.74,65.36,48.47
C085,S210,Light,Warm,18-24,7,IMG_210.png,Mauve,Neutral,Satin,48.16,28.2,0.31,0.63,72.26,47.88
C085,S064,Light,Warm,18-24,7,IMG_064.png,Nude,Neutral,Matte,57.68,8.49,1.18,7.9,46.71,62.52
C085,S385,Light,Warm,18-24,7,IMG_385.png,Berry,Warm,Satin,54.08,40.96,-4.88,353.21,89.28,56.18
C085,S094,Light,Warm,18-24,7,IMG_094.png,Nude,Cool,Matte,52.28,4.76,16.16,73.58,53.43,48.56
C085,S486,Light,Warm,18-24,6,IMG_486.png,Coral,Cool,Satin,56.54,36.42,21.42,30.47,88.45,57.18
C085,S186,Light,Warm,18-24,6,IMG_186.png,Plum,Neutral,Satin,36.97,30.89,-11.08,340.27,75.99,35.73
C085,S034,Light,Warm,18-24,7,IMG_034.png,Mauve,Cool,Matte,54.83,30.06,0.19,0.36,73.34,54.83
C085,S078,Light,Warm,18-24,6,IMG_078.png,Plum,Warm,Satin,39.28,31.21,-5.96,349.19,72.75,39.35
C085,S001,Light,Warm,18-24,4,IMG_001.png,Nude,Neutral,Glossy,67.64,6.24,9.49,56.65,53.13,67.01
C085,S012,Light,Warm,18-24,8,IMG_012.png,Pink,Neutral,Matte,57.46,29.6,-0.44,359.15,65.33,54.81
C085,S416,Light,Warm,18-24,5,IMG_416.png,Berry,Cool,Glossy,44.52,42.13,-10.82,345.6,74.33,43.28
C085,S023,Light,Warm,18-24,7,IMG_023.png,Pink,Warm,Glossy,59.29,31.43,20.39,32.97,79.16,61.5
C086,S362,Tan,Cool,18-24,7,IMG_362.png,Coral,Warm,Glossy,44.59,39.79,42.75,47.06,100.0,42.55
C086,S074,Tan,Cool,18-24,6,IMG_074.png,Brown,Warm,Satin,33.57,18.57,30.19,58.4,74.8,34.04
C086,S375,Tan,Cool,18-24,7,IMG_375.png,Mauve,Warm,Matte,48.6,21.85,14.88,34.26,58.85,46.15
C086,S156,Tan,Cool,18-24,7,IMG_156.png,Berry,Cool,Matte,49.66,32.99,2.37,4.12,81.61,49.8
C086,S105,Tan,Cool,18-24,8,IMG_105.png,Orange,Neutral,Satin,43.96,31.98,45.0,54.6,95.09,43.2
C086,S395,Tan,Cool,18-24,4,IMG_395.png,Pink,Neutral,Matte,63.76,31.9,3.06,5.49,67.76,62.34
C086,S378,Tan,Cool,18-24,7,IMG_378.png,Plum,Cool,Satin,34.57,36.3,-11.39,342.58,79.39,34.97
C086,S125,Tan,Cool,18-24,5,IMG_125.png,Brown,Warm,Satin,37.1,19.35,27.23,54.6,83.32,36.88
C086,S069,Tan,Cool,18-24,6,IMG_069.png,Mauve,Warm,Satin,50.92,23.73,4.49,10.72,61.53,52.34
C086,S451,Tan,Cool,18-24,6,IMG_451.png,Berry,Warm,Satin,46.36,43.95,-0.07,359.91,87.49,43.78
C086,S010,Tan,Cool,18-24,7,IMG_010.png,Orange,Cool,Matte,64.14,27.86,33.47,50.22,86.36,65.06
C086,S195,Tan,Cool,18-24,4,IMG_195.png,Plum,Warm,Matte,30.1,24.27,-9.32,338.99,62.78,30.42
C086,S407,Tan,Cool,18-24,8,IMG_407.png,Coral,Cool,Matte,45.34,34.17,21.6,32.3,88.31,44.23
C086,S085,Tan,Cool,18-24,9,IMG_085.png,Orange,Warm,Satin,44.61,33.92,42.86,51.64,93.54,46.28
C086,S372,Tan,Cool,18-24,6,IMG_372.png,Berry,Neutral,Satin,51.76,37.7,9.95,14.78,80.47,50.23
C086,S389,Tan,Cool,18-24,6,IMG_389.png,Berry,Neutral,Glossy,37.98,38.26,-5.12,352.38,79.83,35.73
C086,S496,Tan,Cool,18-24,7,IMG_496.png,Orange,Neutral,Satin,63.61,26.61,43.06,58.29,94.45,62.31
C086,S031,Tan,Cool,18-24,5,IMG_031.png,Plum,Neutral,Satin,29.74,29.53,-15.0,333.07,69.1,34.0
C086,S317,Tan,Cool,18-24,5,IMG_317.png,Nude,Warm,Glossy,49.49,17.95,18.57,45.98,72.61,52.36
C086,S409,Tan,Cool,18-24,5,IMG_409.png,Red,Neutral,Glossy,41.5,45.1,20.21,24.14,94.06,40.62
C086,S491,Tan,Cool,18-24,5,IMG_491.png,Coral,Cool,Matte,63.93,27.99,18.86,33.97,73.98,62.27
C086,S492,Tan,Cool,18-24,4,IMG_492.png,Mauve,Warm,Glossy,55.1,22.72,7.8,18.95,61.46,53.01
C086,S281,Tan,Cool,18-24,8,IMG_281.png,Orange,Warm,Matte,60.83,29.03,43.83,56.48,100.0,60.4
C086,S357,Tan,Cool,18-24,6,IMG_357.png,Brown,Cool,Matte,26.54,8.39,10.47,51.3,56.74,27.15
C086,S077,Tan,Cool,18-24,6,IMG_077.png,Mauve,Warm,Matte,41.89,27.69,3.2,6.6,63.54,42.78
C086,S462,Tan,Cool,18-24,6,IMG_462.png,Orange,Cool,Matte,62.73,31.4,31.55,45.13,93.64,64.55
C086,S498,Tan,Cool,18-24,4,IMG_498.png,Pink,Neutral,Matte,62.17,31.28,11.43,20.08,85.25,62.51
C086,S212,Tan,Cool,18-24,6,IMG_212.png,Plum,Cool,Matte,36.22,24.36,-15.0,328.38,59.84,36.7
C086,S102,Tan,Cool,18-24,8,IMG_102.png,Orange,Neutral,Satin,67.72,35.5,37.34,46.45,90.45,67.09
C086,S335,Tan,Cool,18-24,6,IMG_335.png,Orange,Neutral,Glossy,65.14,24.44,42.18,59.91,99.55,65.56
C086,S476,Tan,Cool,18-24,6,IMG_476.png,Mauve,Warm,Matte,60.59,26.41,8.59,18.01,68.95,60.25
C086,S337,Tan,Cool,18-24,5,IMG_337.png,Pink,Neutral,Satin,60.41,30.57,8.81,16.07,80.2,58.23
C086,S441,Tan,Cool,18-24,6,IMG_441.png,Coral,Neutral,Satin,50.89,43.17,19.48,24.29,96.73,50.39
C086,S174,Tan,Cool,18-24,7,IMG_174.png,Coral,Cool,Matte,60.02,33.42,19.58,30.36,79.89,60.94
C086,S003,Tan,Cool,18-24,6,IMG_003.png,Nude,Cool,Glossy,61.7,15.08,5.74,20.85,56.97,60.84
C086,S334,Tan,Cool,18-24,5,IMG_334.png,Pink,Warm,Glossy,53.81,29.68,12.52,22.87,80.21,54.8
C086,S410,Tan,Cool,18-24,7,IMG_410.png,Pink,Cool,Glossy,72.37,34.7,6.55,10.69,81.42,73.34
C086,S071,Tan,Cool,18-24,6,IMG_071.png,Mauve,Warm,Matte,46.67,24.65,9.83,21.74,65.36,48.47
C086,S210,Tan,Cool,18-24,7,IMG_210.png,Mauve,Neutral,Satin,48.16,28.2,0.31,0.63,72.26,47.88
C086,S064,Tan,Cool,18-24,5,IMG_064.png,Nude,Neutral,Matte,57.68,8.49,1.18,7.9,46.71,62.52
C086,S385,Tan,Cool,18-24,7,IMG_385.png,Berry,Warm,Satin,54.08,40.96,-4.88,353.21,89.28,56.18
C086,S094,Tan,Cool,18-24,7,IMG_094.png,Nude,Cool,Matte,52.28,4.76,16.16,73.58,53.43,48.56
C086,S486,Tan,Cool,18-24,7,IMG_486.png,Coral,Cool,Satin,56.54,36.42,21.42,30.47,88.45,57.18
C086,S186,Tan,Cool,18-24,6,IMG_186.png,Plum,Neutral,Satin,36.97,30.89,-11.08,340.27,75.99,35.73
C086,S034,Tan,Cool,18-24,6,IMG_034.png,Mauve,Cool,Matte,54.83,30.06,0.19,0.36,73.34,54.83
C086,S078,Tan,Cool,18-24,5,IMG_078.png,Plum,Warm,Satin,39.28,31.21,-5.96,349.19,72.75,39.35
C086,S001,Tan,Cool,18-24,4,IMG_001.png,Nude,Neutral,Glossy,67.64,6.24,9.49,56.65,53.13,67.01
C086,S012,Tan,Cool,18-24,6,IMG_012.png,Pink,Neutral,Matte,57.46,29.6,-0.44,359.15,65.33,54.81
C086,S416,Tan,Cool,18-24,7,IMG_416.png,Berry,Cool,Glossy,44.52,42.13,-10.82,345.6,74.33,43.28
C086,S023,Tan,Cool,18-24,4,IMG_023.png,Pink,Warm,Glossy,59.29,31.43,20.39,32.97,79.16,61.5
C087,S362,Medium,Cool,25-34,4,IMG_362.png,Coral,Warm,Glossy,44.59,39.79,42.75,47.06,100.0,42.55
C087,S074,Medium,Cool,25-34,3,IMG_074.png,Brown,Warm,Satin,33.57,18.57,30.19,58.4,74.8,34.04
C087,S375,Medium,Cool,25-34,7,IMG_375.png,Mauve,Warm,Matte,48.6,21.85,14.88,34.26,58.85,46.15
C087,S156,Medium,Cool,25-34,6,IMG_156.png,Berry,Cool,Matte,49.66,32.99,2.37,4.12,81.61,49.8
C087,S105,Medium,Cool,25-34,6,IMG_105.png,Orange,Neutral,Satin,43.96,31.98,45.0,54.6,95.09,43.2
C087,S395,Medium,Cool,25-34,6,IMG_395.png,Pink,Neutral,Matte,63.76,31.9,3.06,5.49,67.76,62.34
C087,S378,Medium,Cool,25-34,8,IMG_378.png,Plum,Cool,Satin,34.57,36.3,-11.39,342.58,79.39,34.97
C087,S125,Medium,Cool,25-34,5,IMG_125.png,Brown,Warm,Satin,37.1,19.35,27.23,54.6,83.32,36.88
C087,S069,Medium,Cool,25-34,6,IMG_069.png,Mauve,Warm,Satin,50.92,23.73,4.49,10.72,61.53,52.34
C087,S451,Medium,Cool,25-34,4,IMG_451.png,Berry,Warm,Satin,46.36,43.95,-0.07,359.91,87.49,43.78
C087,S010,Medium,Cool,25-34,6,IMG_010.png,Orange,Cool,Matte,64.14,27.86,33.47,50.22,86.36,65.06
C087,S195,Medium,Cool,25-34,6,IMG_195.png,Plum,Warm,Matte,30.1,24.27,-9.32,338.99,62.78,30.42
C087,S407,Medium,Cool,25-34,8,IMG_407.png,Coral,Cool,Matte,45.34,34.17,21.6,32.3,88.31,44.23
C087,S085,Medium,Cool,25-34,7,IMG_085.png,Orange,Warm,Satin,44.61,33.92,42.86,51.64,93.54,46.28
C087,S372,Medium,Cool,25-34,6,IMG_372.png,Berry,Neutral,Satin,51.76,37.7,9.95,14.78,80.47,50.23
C087,S389,Medium,Cool,25-34,5,IMG_389.png,Berry,Neutral,Glossy,37.98,38.26,-5.12,352.38,79.83,35.73
C087,S496,Medium,Cool,25-34,4,IMG_496.png,Orange,Neutral,Satin,63.61,26.61,43.06,58.29,94.45,62.31
C087,S031,Medium,Cool,25-34,8,IMG_031.png,Plum,Neutral,Satin,29.74,29.53,-15.0,333.07,69.1,34.0
C087,S317,Medium,Cool,25-34,7,IMG_317.png,Nude,Warm,Glossy,49.49,17.95,18.57,45.98,72.61,52.36
C087,S409,Medium,Cool,25-34,6,IMG_409.png,Red,Neutral,Glossy,41.5,45.1,20.21,24.14,94.06,40.62
C087,S491,Medium,Cool,25-34,7,IMG_491.png,Coral,Cool,Matte,63.93,27.99,18.86,33.97,73.98,62.27
C087,S492,Medium,Cool,25-34,7,IMG_492.png,Mauve,Warm,Glossy,55.1,22.72,7.8,18.95,61.46,53.01
C087,S281,Medium,Cool,25-34,6,IMG_281.png,Orange,Warm,Matte,60.83,29.03,43.83,56.48,100.0,60.4
C087,S357,Medium,Cool,25-34,7,IMG_357.png,Brown,Cool,Matte,26.54,8.39,10.47,51.3,56.74,27.15
C087,S077,Medium,Cool,25-34,6,IMG_077.png,Mauve,Warm,Matte,41.89,27.69,3.2,6.6,63.54,42.78
C087,S462,Medium,Cool,25-34,6,IMG_462.png,Orange,Cool,Matte,62.73,31.4,31.55,45.13,93.64,64.55
C087,S498,Medium,Cool,25-34,6,IMG_498.png,Pink,Neutral,Matte,62.17,31.28,11.43,20.08,85.25,62.51
C087,S212,Medium,Cool,25-34,8,IMG_212.png,Plum,Cool,Matte,36.22,24.36,-15.0,328.38,59.84,36.7
C087,S102,Medium,Cool,25-34,5,IMG_102.png,Orange,Neutral,Satin,67.72,35.5,37.34,46.45,90.45,67.09
C087,S335,Medium,Cool,25-34,5,IMG_335.png,Orange,Neutral,Glossy,65.14,24.44,42.18,59.91,99.55,65.56
C087,S476,Medium,Cool,25-34,7,IMG_476.png,Mauve,Warm,Matte,60.59,26.41,8.59,18.01,68.95,60.25
C087,S337,Medium,Cool,25-34,7,IMG_337.png,Pink,Neutral,Satin,60.41,30.57,8.81,16.07,80.2,58.23
C087,S441,Medium,Cool,25-34,6,IMG_441.png,Coral,Neutral,Satin,50.89,43.17,19.48,24.29,96.73,50.39
C087,S174,Medium,Cool,25-34,7,IMG_174.png,Coral,Cool,Matte,60.02,33.42,19.58,30.36,79.89,60.94
C087,S003,Medium,Cool,25-34,7,IMG_003.png,Nude,Cool,Glossy,61.7,15.08,5.74,20.85,56.97,60.84
C087,S334,Medium,Cool,25-34,7,IMG_334.png,Pink,Warm,Glossy,53.81,29.68,12.52,22.87,80.21,54.8
C087,S410,Medium,Cool,25-34,5,IMG_410.png,Pink,Cool,Glossy,72.37,34.7,6.55,10.69,81.42,73.34
C087,S071,Medium,Cool,25-34,7,IMG_071.png,Mauve,Warm,Matte,46.67,24.65,9.83,21.74,65.36,48.47
C087,S210,Medium,Cool,25-34,7,IMG_210.png,Mauve,Neutral,Satin,48.16,28.2,0.31,0.63,72.26,47.88
C087,S064,Medium,Cool,25-34,7,IMG_064.png,Nude,Neutral,Matte,57.68,8.49,1.18,7.9,46.71,62.52
C087,S385,Medium,Cool,25-34,7,IMG_385.png,Berry,Warm,Satin,54.08,40.96,-4.88,353.21,89.28,56.18
C087,S094,Medium,Cool,25-34,7,IMG_094.png,Nude,Cool,Matte,52.28,4.76,16.16,73.58,53.43,48.56
C087,S486,Medium,Cool,25-34,7,IMG_486.png,Coral,Cool,Satin,56.54,36.42,21.42,30.47,88.45,57.18
C087,S186,Medium,Cool,25-34,6,IMG_186.png,Plum,Neutral,Satin,36.97,30.89,-11.08,340.27,75.99,35.73
C087,S034,Medium,Cool,25-34,7,IMG_034.png,Mauve,Cool,Matte,54.83,30.06,0.19,0.36,73.34,54.83
C087,S078,Medium,Cool,25-34,6,IMG_078.png,Plum,Warm,Satin,39.28,31.21,-5.96,349.19,72.75,39.35
C087,S001,Medium,Cool,25-34,6,IMG_001.png,Nude,Neutral,Glossy,67.64,6.24,9.49,56.65,53.13,67.01
C087,S012,Medium,Cool,25-34,7,IMG_012.png,Pink,Neutral,Matte,57.46,29.6,-0.44,359.15,65.33,54.81
C087,S416,Medium,Cool,25-34,7,IMG_416.png,Berry,Cool,Glossy,44.52,42.13,-10.82,345.6,74.33,43.28
C087,S023,Medium,Cool,25-34,6,IMG_023.png,Pink,Warm,Glossy,59.29,31.43,20.39,32.97,79.16,61.5
C088,S362,Medium,Warm,35-44,7,IMG_362.png,Coral,Warm,Glossy,44.59,39.79,42.75,47.06,100.0,42.55
C088,S074,Medium,Warm,35-44,5,IMG_074.png,Brown,Warm,Satin,33.57,18.57,30.19,58.4,74.8,34.04
C088,S375,Medium,Warm,35-44,9,IMG_375.png,Mauve,Warm,Matte,48.6,21.85,14.88,34.26,58.85,46.15
C088,S156,Medium,Warm,35-44,7,IMG_156.png,Berry,Cool,Matte,49.66,32.99,2.37,4.12,81.61,49.8
C088,S105,Medium,Warm,35-44,4,IMG_105.png,Orange,Neutral,Satin,43.96,31.98,45.0,54.6,95.09,43.2
C088,S395,Medium,Warm,35-44,6,IMG_395.png,Pink,Neutral,Matte,63.76,31.9,3.06,5.49,67.76,62.34
C088,S378,Medium,Warm,35-44,3,IMG_378.png,Plum,Cool,Satin,34.57,36.3,-11.39,342.58,79.39,34.97
C088,S125,Medium,Warm,35-44,6,IMG_125.png,Brown,Warm,Satin,37.1,19.35,27.23,54.6,83.32,36.88
C088,S069,Medium,Warm,35-44,8,IMG_069.png,Mauve,Warm,Satin,50.92,23.73,4.49,10.72,61.53,52.34
C088,S451,Medium,Warm,35-44,8,IMG_451.png,Berry,Warm,Satin,46.36,43.95,-0.07,359.91,87.49,43.78
C088,S010,Medium,Warm,35-44,4,IMG_010.png,Orange,Cool,Matte,64.14,27.86,33.47,50.22,86.36,65.06
C088,S195,Medium,Warm,35-44,4,IMG_195.png,Plum,Warm,Matte,30.1,24.27,-9.32,338.99,62.78,30.42
C088,S407,Medium,Warm,35-44,6,IMG_407.png,Coral,Cool,Matte,45.34,34.17,21.6,32.3,88.31,44.23
C088,S085,Medium,Warm,35-44,6,IMG_085.png,Orange,Warm,Satin,44.61,33.92,42.86,51.64,93.54,46.28
C088,S372,Medium,Warm,35-44,5,IMG_372.png,Berry,Neutral,Satin,51.76,37.7,9.95,14.78,80.47,50.23
C088,S389,Medium,Warm,35-44,6,IMG_389.png,Berry,Neutral,Glossy,37.98,38.26,-5.12,352.38,79.83,35.73
C088,S496,Medium,Warm,35-44,4,IMG_496.png,Orange,Neutral,Satin,63.61,26.61,43.06,58.29,94.45,62.31
C088,S031,Medium,Warm,35-44,4,IMG_031.png,Plum,Neutral,Satin,29.74,29.53,-15.0,333.07,69.1,34.0
C088,S317,Medium,Warm,35-44,7,IMG_317.png,Nude,Warm,Glossy,49.49,17.95,18.57,45.98,72.61,52.36
C088,S409,Medium,Warm,35-44,6,IMG_409.png,Red,Neutral,Glossy,41.5,45.1,20.21,24.14,94.06,40.62
C088,S491,Medium,Warm,35-44,6,IMG_491.png,Coral,Cool,Matte,63.93,27.99,18.86,33.97,73.98,62.27
C088,S492,Medium,Warm,35-44,9,IMG_492.png,Mauve,Warm,Glossy,55.1,22.72,7.8,18.95,61.46,53.01
C088,S281,Medium,Warm,35-44,7,IMG_281.png,Orange,Warm,Matte,60.83,29.03,43.83,56.48,100.0,60.4
C088,S357,Medium,Warm,35-44,2,IMG_357.png,Brown,Cool,Matte,26.54,8.39,10.47,51.3,56.74,27.15
C088,S077,Medium,Warm,35-44,9,IMG_077.png,Mauve,Warm,Matte,41.89,27.69,3.2,6.6,63.54,42.78
C088,S462,Medium,Warm,35-44,6,IMG_462.png,Orange,Cool,Matte,62.73,31.4,31.55,45.13,93.64,64.55
C088,S498,Medium,Warm,35-44,7,IMG_498.png,Pink,Neutral,Matte,62.17,31.28,11.43,20.08,85.25,62.51
C088,S212,Medium,Warm,35-44,5,IMG_212.png,Plum,Cool,Matte,36.22,24.36,-15.0,328.38,59.84,36.7
C088,S102,Medium,Warm,35-44,4,IMG_102.png,Orange,Neutral,Satin,67.72,35.5,37.34,46.45,90.45,67.09
C088,S335,Medium,Warm,35-44,5,IMG_335.png,Orange,Neutral,Glossy,65.14,24.44,42.18,59.91,99.55,65.56
C088,S476,Medium,Warm,35-44,9,IMG_476.png,Mauve,Warm,Matte,60.59,26.41,8.59,18.01,68.95,60.25
C088,S337,Medium,Warm,35-44,5,IMG_337.png,Pink,Neutral,Satin,60.41,30.57,8.81,16.07,80.2,58.23
C088,S441,Medium,Warm,35-44,6,IMG_441.png,Coral,Neutral,Satin,50.89,43.17,19.48,24.29,96.73,50.39
C088,S174,Medium,Warm,35-44,6,IMG_174.png,Coral,Cool,Matte,60.02,33.42,19.58,30.36,79.89,60.94
C088,S003,Medium,Warm,35-44,5,IMG_003.png,Nude,Cool,Glossy,61.7,15.08,5.74,20.85,56.97,60.84
C088,S334,Medium,Warm,35-44,6,IMG_334.png,Pink,Warm,Glossy,53.81,29.68,12.52,22.87,80.21,54.8
C088,S410,Medium,Warm,35-44,6,IMG_410.png,Pink,Cool,Glossy,72.37,34.7,6.55,10.69,81.42,73.34
C088,S071,Medium,Warm,35-44,9,IMG_071.png,Mauve,Warm,Matte,46.67,24.65,9.83,21.74,65.36,48.47
C088,S210,Medium,Warm,35-44,8,IMG_210.png,Mauve,Neutral,Satin,48.16,28.2,0.31,0.63,72.26,47.88
C088,S064,Medium,Warm,35-44,5,IMG_064.png,Nude,Neutral,Matte,57.68,8.49,1.18,7.9,46.71,62.52
C088,S385,Medium,Warm,35-44,9,IMG_385.png,Berry,Warm,Satin,54.08,40.96,-4.88,353.21,89.28,56.18
C088,S094,Medium,Warm,35-44,6,IMG_094.png,Nude,Cool,Matte,52.28,4.76,16.16,73.58,53.43,48.56
C088,S486,Medium,Warm,35-44,7,IMG_486.png,Coral,Cool,Satin,56.54,36.42,21.42,30.47,88.45,57.18
C088,S186,Medium,Warm,35-44,6,IMG_186.png,Plum,Neutral,Satin,36.97,30.89,-11.08,340.27,75.99,35.73
C088,S034,Medium,Warm,35-44,7,IMG_034.png,Mauve,Cool,Matte,54.83,30.06,0.19,0.36,73.34,54.83
C088,S078,Medium,Warm,35-44,6,IMG_078.png,Plum,Warm,Satin,39.28,31.21,-5.96,349.19,72.75,39.35
C088,S001,Medium,Warm,35-44,7,IMG_001.png,Nude,Neutral,Glossy,67.64,6.24,9.49,56.65,53.13,67.01
C088,S012,Medium,Warm,35-44,7,IMG_012.png,Pink,Neutral,Matte,57.46,29.6,-0.44,359.15,65.33,54.81
C088,S416,Medium,Warm,35-44,4,IMG_416.png,Berry,Cool,Glossy,44.52,42.13,-10.82,345.6,74.33,43.28
C088,S023,Medium,Warm,35-44,7,IMG_023.png,Pink,Warm,Glossy,59.29,31.43,20.39,32.97,79.16,61.5
C089,S362,Medium,Warm,25-34,7,IMG_362.png,Coral,Warm,Glossy,44.59,39.79,42.75,47.06,100.0,42.55
C089,S074,Medium,Warm,25-34,5,IMG_074.png,Brown,Warm,Satin,33.57,18.57,30.19,58.4,74.8,34.04
C089,S375,Medium,Warm,25-34,7,IMG_375.png,Mauve,Warm,Matte,48.6,21.85,14.88,34.26,58.85,46.15
C089,S156,Medium,Warm,25-34,6,IMG_156.png,Berry,Cool,Matte,49.66,32.99,2.37,4.12,81.61,49.8
C089,S105,Medium,Warm,25-34,5,IMG_105.png,Orange,Neutral,Satin,43.96,31.98,45.0,54.6,95.09,43.2
C089,S395,Medium,Warm,25-34,5,IMG_395.png,Pink,Neutral,Matte,63.76,31.9,3.06,5.49,67.76,62.34
C089,S378,Medium,Warm,25-34,4,IMG_378.png,Plum,Cool,Satin,34.57,36.3,-11.39,342.58,79.39,34.97
C089,S125,Medium,Warm,25-34,6,IMG_125.png,Brown,Warm,Satin,37.1,19.35,27.23,54.6,83.32,36.88
C089,S069,Medium,Warm,25-34,7,IMG_069.png,Mauve,Warm,Satin,50.92,23.73,4.49,10.72,61.53,52.34
C089,S451,Medium,Warm,25-34,9,IMG_451.png,Berry,Warm,Satin,46.36,43.95,-0.07,359.91,87.49,43.78
C089,S010,Medium,Warm,25-34,6,IMG_010.png,Orange,Cool,Matte,64.14,27.86,33.47,50.22,86.36,65.06
C089,S195,Medium,Warm,25-34,7,IMG_195.png,Plum,Warm,Matte,30.1,24.27,-9.32,338.99,62.78,30.42
C089,S407,Medium,Warm,25-34,6,IMG_407.png,Coral,Cool,Matte,45.34,34.17,21.6,32.3,88.31,44.23
C089,S085,Medium,Warm,25-34,6,IMG_085.png,Orange,Warm,Satin,44.61,33.92,42.86,51.64,93.54,46.28
C089,S372,Medium,Warm,25-34,9,IMG_372.png,Berry,Neutral,Satin,51.76,37.7,9.95,14.78,80.47,50.23
C089,S389,Medium,Warm,25-34,6,IMG_389.png,Berry,Neutral,Glossy,37.98,38.26,-5.12,352.38,79.83,35.73
C089,S496,Medium,Warm,25-34,5,IMG_496.png,Orange,Neutral,Satin,63.61,26.61,43.06,58.29,94.45,62.31
C089,S031,Medium,Warm,25-34,5,IMG_031.png,Plum,Neutral,Satin,29.74,29.53,-15.0,333.07,69.1,34.0
C089,S317,Medium,Warm,25-34,6,IMG_317.png,Nude,Warm,Glossy,49.49,17.95,18.57,45.98,72.61,52.36
C089,S409,Medium,Warm,25-34,6,IMG_409.png,Red,Neutral,Glossy,41.5,45.1,20.21,24.14,94.06,40.62
C089,S491,Medium,Warm,25-34,6,IMG_491.png,Coral,Cool,Matte,63.93,27.99,18.86,33.97,73.98,62.27
C089,S492,Medium,Warm,25-34,8,IMG_492.png,Mauve,Warm,Glossy,55.1,22.72,7.8,18.95,61.46,53.01
C089,S281,Medium,Warm,25-34,7,IMG_281.png,Orange,Warm,Matte,60.83,29.03,43.83,56.48,100.0,60.4
C089,S357,Medium,Warm,25-34,5,IMG_357.png,Brown,Cool,Matte,26.54,8.39,10.47,51.3,56.74,27.15
C089,S077,Medium,Warm,25-34,7,IMG_077.png,Mauve,Warm,Matte,41.89,27.69,3.2,6.6,63.54,42.78
C089,S462,Medium,Warm,25-34,5,IMG_462.png,Orange,Cool,Matte,62.73,31.4,31.55,45.13,93.64,64.55
C089,S498,Medium,Warm,25-34,7,IMG_498.png,Pink,Neutral,Matte,62.17,31.28,11.43,20.08,85.25,62.51
C089,S212,Medium,Warm,25-34,4,IMG_212.png,Plum,Cool,Matte,36.22,24.36,-15.0,328.38,59.84,36.7
C089,S102,Medium,Warm,25-34,4,IMG_102.png,Orange,Neutral,Satin,67.72,35.5,37.34,46.45,90.45,67.09
C089,S335,Medium,Warm,25-34,6,IMG_335.png,Orange,Neutral,Glossy,65.14,24.44,42.18,59.91,99.55,65.56
C089,S476,Medium,Warm,25-34,8,IMG_476.png,Mauve,Warm,Matte,60.59,26.41,8.59,18.01,68.95,60.25
C089,S337,Medium,Warm,25-34,6,IMG_337.png,Pink,Neutral,Satin,60.41,30.57,8.81,16.07,80.2,58.23
C089,S441,Medium,Warm,25-34,7,IMG_441.png,Coral,Neutral,Satin,50.89,43.17,19.48,24.29,96.73,50.39
C089,S174,Medium,Warm,25-34,4,IMG_174.png,Coral,Cool,Matte,60.02,33.42,19.58,30.36,79.89,60.94
C089,S003,Medium,Warm,25-34,5,IMG_003.png,Nude,Cool,Glossy,61.7,15.08,5.74,20.85,56.97,60.84
C089,S334,Medium,Warm,25-34,6,IMG_334.png,Pink,Warm,Glossy,53.81,29.68,12.52,22.87,80.21,54.8
C089,S410,Medium,Warm,25-34,5,IMG_410.png,Pink,Cool,Glossy,72.37,34.7,6.55,10.69,81.42,73.34
C089,S071,Medium,Warm,25-34,6,IMG_071.png,Mauve,Warm,Matte,46.67,24.65,9.83,21.74,65.36,48.47
C089,S210,Medium,Warm,25-34,5,IMG_210.png,Mauve,Neutral,Satin,48.16,28.2,0.31,0.63,72.26,47.88
C089,S064,Medium,Warm,25-34,7,IMG_064.png,Nude,Neutral,Matte,57.68,8.49,1.18,7.9,46.71,62.52
C089,S385,Medium,Warm,25-34,9,IMG_385.png,Berry,Warm,Satin,54.08,40.96,-4.88,353.21,89.28,56.18
C089,S094,Medium,Warm,25-34,6,IMG_094.png,Nude,Cool,Matte,52.28,4.76,16.16,73.58,53.43,48.56
C089,S486,Medium,Warm,25-34,6,IMG_486.png,Coral,Cool,Satin,56.54,36.42,21.42,30.47,88.45,57.18
C089,S186,Medium,Warm,25-34,6,IMG_186.png,Plum,Neutral,Satin,36.97,30.89,-11.08,340.27,75.99,35.73
C089,S034,Medium,Warm,25-34,6,IMG_034.png,Mauve,Cool,Matte,54.83,30.06,0.19,0.36,73.34,54.83
C089,S078,Medium,Warm,25-34,6,IMG_078.png,Plum,Warm,Satin,39.28,31.21,-5.96,349.19,72.75,39.35
C089,S001,Medium,Warm,25-34,6,IMG_001.png,Nude,Neutral,Glossy,67.64,6.24,9.49,56.65,53.13,67.01
C089,S012,Medium,Warm,25-34,7,IMG_012.png,Pink,Neutral,Matte,57.46,29.6,-0.44,359.15,65.33,54.81
C089,S416,Medium,Warm,25-34,8,IMG_416.png,Berry,Cool,Glossy,44.52,42.13,-10.82,345.6,74.33,43.28
C089,S023,Medium,Warm,25-34,7,IMG_023.png,Pink,Warm,Glossy,59.29,31.43,20.39,32.97,79.16,61.5
C090,S362,Tan,Neutral,25-34,5,IMG_362.png,Coral,Warm,Glossy,44.59,39.79,42.75,47.06,100.0,42.55
C090,S074,Tan,Neutral,25-34,6,IMG_074.png,Brown,Warm,Satin,33.57,18.57,30.19,58.4,74.8,34.04
C090,S375,Tan,Neutral,25-34,8,IMG_375.png,Mauve,Warm,Matte,48.6,21.85,14.88,34.26,58.85,46.15
C090,S156,Tan,Neutral,25-34,6,IMG_156.png,Berry,Cool,Matte,49.66,32.99,2.37,4.12,81.61,49.8
C090,S105,Tan,Neutral,25-34,7,IMG_105.png,Orange,Neutral,Satin,43.96,31.98,45.0,54.6,95.09,43.2
C090,S395,Tan,Neutral,25-34,5,IMG_395.png,Pink,Neutral,Matte,63.76,31.9,3.06,5.49,67.76,62.34
C090,S378,Tan,Neutral,25-34,6,IMG_378.png,Plum,Cool,Satin,34.57,36.3,-11.39,342.58,79.39,34.97
C090,S125,Tan,Neutral,25-34,4,IMG_125.png,Brown,Warm,Satin,37.1,19.35,27.23,54.6,83.32,36.88
C090,S069,Tan,Neutral,25-34,7,IMG_069.png,Mauve,Warm,Satin,50.92,23.73,4.49,10.72,61.53,52.34
C090,S451,Tan,Neutral,25-34,6,IMG_451.png,Berry,Warm,Satin,46.36,43.95,-0.07,359.91,87.49,43.78
C090,S010,Tan,Neutral,25-34,6,IMG_010.png,Orange,Cool,Matte,64.14,27.86,33.47,50.22,86.36,65.06
C090,S195,Tan,Neutral,25-34,6,IMG_195.png,Plum,Warm,Matte,30.1,24.27,-9.32,338.99,62.78,30.42
C090,S407,Tan,Neutral,25-34,5,IMG_407.png,Coral,Cool,Matte,45.34,34.17,21.6,32.3,88.31,44.23
C090,S085,Tan,Neutral,25-34,7,IMG_085.png,Orange,Warm,Satin,44.61,33.92,42.86,51.64,93.54,46.28
C090,S372,Tan,Neutral,25-34,8,IMG_372.png,Berry,Neutral,Satin,51.76,37.7,9.95,14.78,80.47,50.23
C090,S389,Tan,Neutral,25-34,6,IMG_389.png,Berry,Neutral,Glossy,37.98,38.26,-5.12,352.38,79.83,35.73
C090,S496,Tan,Neutral,25-34,4,IMG_496.png,Orange,Neutral,Satin,63.61,26.61,43.06,58.29,94.45,62.31
C090,S031,Tan,Neutral,25-34,6,IMG_031.png,Plum,Neutral,Satin,29.74,29.53,-15.0,333.07,69.1,34.0
C090,S317,Tan,Neutral,25-34,7,IMG_317.png,Nude,Warm,Glossy,49.49,17.95,18.57,45.98,72.61,52.36
C090,S409,Tan,Neutral,25-34,8,IMG_409.png,Red,Neutral,Glossy,41.5,45.1,20.21,24.14,94.06,40.62
C090,S491,Tan,Neutral,25-34,4,IMG_491.png,Coral,Cool,Matte,63.93,27.99,18.86,33.97,73.98,62.27
C090,S492,Tan,Neutral,25-34,8,IMG_492.png,Mauve,Warm,Glossy,55.1,22.72,7.8,18.95,61.46,53.01
C090,S281,Tan,Neutral,25-34,4,IMG_281.png,Orange,Warm,Matte,60.83,29.03,43.83,56.48,100.0,60.4
C090,S357,Tan,Neutral,25-34,4,IMG_357.png,Brown,Cool,Matte,26.54,8.39,10.47,51.3,56.74,27.15
C090,S077,Tan,Neutral,25-34,7,IMG_077.png,Mauve,Warm,Matte,41.89,27.69,3.2,6.6,63.54,42.78
C090,S462,Tan,Neutral,25-34,6,IMG_462.png,Orange,Cool,Matte,62.73,31.4,31.55,45.13,93.64,64.55
C090,S498,Tan,Neutral,25-34,7,IMG_498.png,Pink,Neutral,Matte,62.17,31.28,11.43,20.08,85.25,62.51
C090,S212,Tan,Neutral,25-34,6,IMG_212.png,Plum,Cool,Matte,36.22,24.36,-15.0,328.38,59.84,36.7
C090,S102,Tan,Neutral,25-34,5,IMG_102.png,Orange,Neutral,Satin,67.72,35.5,37.34,46.45,90.45,67.09
C090,S335,Tan,Neutral,25-34,7,IMG_335.png,Orange,Neutral,Glossy,65.14,24.44,42.18,59.91,99.55,65.56
C090,S476,Tan,Neutral,25-34,7,IMG_476.png,Mauve,Warm,Matte,60.59,26.41,8.59,18.01,68.95,60.25
C090,S337,Tan,Neutral,25-34,5,IMG_337.png,Pink,Neutral,Satin,60.41,30.57,8.81,16.07,80.2,58.23
C090,S441,Tan,Neutral,25-34,5,IMG_441.png,Coral,Neutral,Satin,50.89,43.17,19.48,24.29,96.73,50.39
C090,S174,Tan,Neutral,25-34,6,IMG_174.png,Coral,Cool,Matte,60.02,33.42,19.58,30.36,79.89,60.94
C090,S003,Tan,Neutral,25-34,5,IMG_003.png,Nude,Cool,Glossy,61.7,15.08,5.74,20.85,56.97,60.84
C090,S334,Tan,Neutral,25-34,5,IMG_334.png,Pink,Warm,Glossy,53.81,29.68,12.52,22.87,80.21,54.8
C090,S410,Tan,Neutral,25-34,4,IMG_410.png,Pink,Cool,Glossy,72.37,34.7,6.55,10.69,81.42,73.34
C090,S071,Tan,Neutral,25-34,8,IMG_071.png,Mauve,Warm,Matte,46.67,24.65,9.83,21.74,65.36,48.47
C090,S210,Tan,Neutral,25-34,9,IMG_210.png,Mauve,Neutral,Satin,48.16,28.2,0.31,0.63,72.26,47.88
C090,S064,Tan,Neutral,25-34,5,IMG_064.png,Nude,Neutral,Matte,57.68,8.49,1.18,7.9,46.71,62.52
C090,S385,Tan,Neutral,25-34,7,IMG_385.png,Berry,Warm,Satin,54.08,40.96,-4.88,353.21,89.28,56.18
C090,S094,Tan,Neutral,25-34,7,IMG_094.png,Nude,Cool,Matte,52.28,4.76,16.16,73.58,53.43,48.56
C090,S486,Tan,Neutral,25-34,5,IMG_486.png,Coral,Cool,Satin,56.54,36.42,21.42,30.47,88.45,57.18
C090,S186,Tan,Neutral,25-34,6,IMG_186.png,Plum,Neutral,Satin,36.97,30.89,-11.08,340.27,75.99,35.73
C090,S034,Tan,Neutral,25-34,7,IMG_034.png,Mauve,Cool,Matte,54.83,30.06,0.19,0.36,73.34,54.83
C090,S078,Tan,Neutral,25-34,5,IMG_078.png,Plum,Warm,Satin,39.28,31.21,-5.96,349.19,72.75,39.35
C090,S001,Tan,Neutral,25-34,6,IMG_001.png,Nude,Neutral,Glossy,67.64,6.24,9.49,56.65,53.13,67.01
C090,S012,Tan,Neutral,25-34,5,IMG_012.png,Pink,Neutral,Matte,57.46,29.6,-0.44,359.15,65.33,54.81
C090,S416,Tan,Neutral,25-34,6,IMG_416.png,Berry,Cool,Glossy,44.52,42.13,-10.82,345.6,74.33,43.28
C090,S023,Tan,Neutral,25-34,4,IMG_023.png,Pink,Warm,Glossy,59.29,31.43,20.39,32.97,79.16,61.5
C091,S362,Medium,Cool,25-34,5,IMG_362.png,Coral,Warm,Glossy,44.59,39.79,42.75,47.06,100.0,42.55
C091,S074,Medium,Cool,25-34,6,IMG_074.png,Brown,Warm,Satin,33.57,18.57,30.19,58.4,74.8,34.04
C091,S375,Medium,Cool,25-34,6,IMG_375.png,Mauve,Warm,Matte,48.6,21.85,14.88,34.26,58.85,46.15
C091,S156,Medium,Cool,25-34,7,IMG_156.png,Berry,Cool,Matte,49.66,32.99,2.37,4.12,81.61,49.8
C091,S105,Medium,Cool,25-34,4,IMG_105.png,Orange,Neutral,Satin,43.96,31.98,45.0,54.6,95.09,43.2
C091,S395,Medium,Cool,25-34,5,IMG_395.png,Pink,Neutral,Matte,63.76,31.9,3.06,5.49,67.76,62.34
C091,S378,Medium,Cool,25-34,6,IMG_378.png,Plum,Cool,Satin,34.57,36.3,-11.39,342.58,79.39,34.97
C091,S125,Medium,Cool,25-34,5,IMG_125.png,Brown,Warm,Satin,37.1,19.35,27.23,54.6,83.32,36.88
C091,S069,Medium,Cool,25-34,4,IMG_069.png,Mauve,Warm,Satin,50.92,23.73,4.49,10.72,61.53,52.34
C091,S451,Medium,Cool,25-34,6,IMG_451.png,Berry,Warm,Satin,46.36,43.95,-0.07,359.91,87.49,43.78
C091,S010,Medium,Cool,25-34,7,IMG_010.png,Orange,Cool,Matte,64.14,27.86,33.47,50.22,86.36,65.06
C091,S195,Medium,Cool,25-34,5,IMG_195.png,Plum,Warm,Matte,30.1,24.27,-9.32,338.99,62.78,30.42
C091,S407,Medium,Cool,25-34,6,IMG_407.png,Coral,Cool,Matte,45.34,34.17,21.6,32.3,88.31,44.23
C091,S085,Medium,Cool,25-34,4,IMG_085.png,Orange,Warm,Satin,44.61,33.92,42.86,51.64,93.54,46.28
C091,S372,Medium,Cool,25-34,6,IMG_372.png,Berry,Neutral,Satin,51.76,37.7,9.95,14.78,80.47,50.23
C091,S389,Medium,Cool,25-34,4,IMG_389.png,Berry,Neutral,Glossy,37.98,38.26,-5.12,352.38,79.83,35.73
C091,S496,Medium,Cool,25-34,6,IMG_496.png,Orange,Neutral,Satin,63.61,26.61,43.06,58.29,94.45,62.31
C091,S031,Medium,Cool,25-34,2,IMG_031.png,Plum,Neutral,Satin,29.74,29.53,-15.0,333.07,69.1,34.0
C091,S317,Medium,Cool,25-34,6,IMG_317.png,Nude,Warm,Glossy,49.49,17.95,18.57,45.98,72.61,52.36
C091,S409,Medium,Cool,25-34,8,IMG_409.png,Red,Neutral,Glossy,41.5,45.1,20.21,24.14,94.06,40.62
C091,S491,Medium,Cool,25-34,6,IMG_491.png,Coral,Cool,Matte,63.93,27.99,18.86,33.97,73.98,62.27
C091,S492,Medium,Cool,25-34,7,IMG_492.png,Mauve,Warm,Glossy,55.1,22.72,7.8,18.95,61.46,53.01
C091,S281,Medium,Cool,25-34,4,IMG_281.png,Orange,Warm,Matte,60.83,29.03,43.83,56.48,100.0,60.4
C091,S357,Medium,Cool,25-34,4,IMG_357.png,Brown,Cool,Matte,26.54,8.39,10.47,51.3,56.74,27.15
C091,S077,Medium,Cool,25-34,6,IMG_077.png,Mauve,Warm,Matte,41.89,27.69,3.2,6.6,63.54,42.78
C091,S462,Medium,Cool,25-34,7,IMG_462.png,Orange,Cool,Matte,62.73,31.4,31.55,45.13,93.64,64.55
C091,S498,Medium,Cool,25-34,6,IMG_498.png,Pink,Neutral,Matte,62.17,31.28,11.43,20.08,85.25,62.51
C091,S212,Medium,Cool,25-34,5,IMG_212.png,Plum,Cool,Matte,36.22,24.36,-15.0,328.38,59.84,36.7
C091,S102,Medium,Cool,25-34,5,IMG_102.png,Orange,Neutral,Satin,67.72,35.5,37.34,46.45,90.45,67.09
C091,S335,Medium,Cool,25-34,4,IMG_335.png,Orange,Neutral,Glossy,65.14,24.44,42.18,59.91,99.55,65.56
C091,S476,Medium,Cool,25-34,6,IMG_476.png,Mauve,Warm,Matte,60.59,26.41,8.59,18.01,68.95,60.25
C091,S337,Medium,Cool,25-34,8,IMG_337.png,Pink,Neutral,Satin,60.41,30.57,8.81,16.07,80.2,58.23
C091,S441,Medium,Cool,25-34,7,IMG_441.png,Coral,Neutral,Satin,50.89,43.17,19.48,24.29,96.73,50.39
C091,S174,Medium,Cool,25-34,6,IMG_174.png,Coral,Cool,Matte,60.02,33.42,19.58,30.36,79.89,60.94
C091,S003,Medium,Cool,25-34,5,IMG_003.png,Nude,Cool,Glossy,61.7,15.08,5.74,20.85,56.97,60.84
C091,S334,Medium,Cool,25-34,5,IMG_334.png,Pink,Warm,Glossy,53.81,29.68,12.52,22.87,80.21,54.8
C091,S410,Medium,Cool,25-34,7,IMG_410.png,Pink,Cool,Glossy,72.37,34.7,6.55,10.69,81.42,73.34
C091,S071,Medium,Cool,25-34,5,IMG_071.png,Mauve,Warm,Matte,46.67,24.65,9.83,21.74,65.36,48.47
C091,S210,Medium,Cool,25-34,6,IMG_210.png,Mauve,Neutral,Satin,48.16,28.2,0.31,0.63,72.26,47.88
C091,S064,Medium,Cool,25-34,7,IMG_064.png,Nude,Neutral,Matte,57.68,8.49,1.18,7.9,46.71,62.52
C091,S385,Medium,Cool,25-34,7,IMG_385.png,Berry,Warm,Satin,54.08,40.96,-4.88,353.21,89.28,56.18
C091,S094,Medium,Cool,25-34,7,IMG_094.png,Nude,Cool,Matte,52.28,4.76,16.16,73.58,53.43,48.56
C091,S486,Medium,Cool,25-34,7,IMG_486.png,Coral,Cool,Satin,56.54,36.42,21.42,30.47,88.45,57.18
C091,S186,Medium,Cool,25-34,5,IMG_186.png,Plum,Neutral,Satin,36.97,30.89,-11.08,340.27,75.99,35.73
C091,S034,Medium,Cool,25-34,7,IMG_034.png,Mauve,Cool,Matte,54.83,30.06,0.19,0.36,73.34,54.83
C091,S078,Medium,Cool,25-34,5,IMG_078.png,Plum,Warm,Satin,39.28,31.21,-5.96,349.19,72.75,39.35
C091,S001,Medium,Cool,25-34,6,IMG_001.png,Nude,Neutral,Glossy,67.64,6.24,9.49,56.65,53.13,67.01
C091,S012,Medium,Cool,25-34,6,IMG_012.png,Pink,Neutral,Matte,57.46,29.6,-0.44,359.15,65.33,54.81
C091,S416,Medium,Cool,25-34,9,IMG_416.png,Berry,Cool,Glossy,44.52,42.13,-10.82,345.6,74.33,43.28
C091,S023,Medium,Cool,25-34,6,IMG_023.png,Pink,Warm,Glossy,59.29,31.43,20.39,32.97,79.16,61.5
C092,S362,Light,Cool,18-24,6,IMG_362.png,Coral,Warm,Glossy,44.59,39.79,42.75,47.06,100.0,42.55
C092,S074,Light,Cool,18-24,3,IMG_074.png,Brown,Warm,Satin,33.57,18.57,30.19,58.4,74.8,34.04
C092,S375,Light,Cool,18-24,6,IMG_375.png,Mauve,Warm,Matte,48.6,21.85,14.88,34.26,58.85,46.15
C092,S156,Light,Cool,18-24,8,IMG_156.png,Berry,Cool,Matte,49.66,32.99,2.37,4.12,81.61,49.8
C092,S105,Light,Cool,18-24,6,IMG_105.png,Orange,Neutral,Satin,43.96,31.98,45.0,54.6,95.09,43.2
C092,S395,Light,Cool,18-24,7,IMG_395.png,Pink,Neutral,Matte,63.76,31.9,3.06,5.49,67.76,62.34
C092,S378,Light,Cool,18-24,6,IMG_378.png,Plum,Cool,Satin,34.57,36.3,-11.39,342.58,79.39,34.97
C092,S125,Light,Cool,18-24,6,IMG_125.png,Brown,Warm,Satin,37.1,19.35,27.23,54.6,83.32,36.88
C092,S069,Light,Cool,18-24,7,IMG_069.png,Mauve,Warm,Satin,50.92,23.73,4.49,10.72,61.53,52.34
C092,S451,Light,Cool,18-24,8,IMG_451.png,Berry,Warm,Satin,46.36,43.95,-0.07,359.91,87.49,43.78
C092,S010,Light,Cool,18-24,7,IMG_010.png,Orange,Cool,Matte,64.14,27.86,33.47,50.22,86.36,65.06
C092,S195,Light,Cool,18-24,6,IMG_195.png,Plum,Warm,Matte,30.1,24.27,-9.32,338.99,62.78,30.42
C092,S407,Light,Cool,18-24,5,IMG_407.png,Coral,Cool,Matte,45.34,34.17,21.6,32.3,88.31,44.23
C092,S085,Light,Cool,18-24,6,IMG_085.png,Orange,Warm,Satin,44.61,33.92,42.86,51.64,93.54,46.28
C092,S372,Light,Cool,18-24,7,IMG_372.png,Berry,Neutral,Satin,51.76,37.7,9.95,14.78,80.47,50.23
C092,S389,Light,Cool,18-24,6,IMG_389.png,Berry,Neutral,Glossy,37.98,38.26,-5.12,352.38,79.83,35.73
C092,S496,Light,Cool,18-24,6,IMG_496.png,Orange,Neutral,Satin,63.61,26.61,43.06,58.29,94.45,62.31
C092,S031,Light,Cool,18-24,6,IMG_031.png,Plum,Neutral,Satin,29.74,29.53,-15.0,333.07,69.1,34.0
C092,S317,Light,Cool,18-24,5,IMG_317.png,Nude,Warm,Glossy,49.49,17.95,18.57,45.98,72.61,52.36
C092,S409,Light,Cool,18-24,5,IMG_409.png,Red,Neutral,Glossy,41.5,45.1,20.21,24.14,94.06,40.62
C092,S491,Light,Cool,18-24,7,IMG_491.png,Coral,Cool,Matte,63.93,27.99,18.86,33.97,73.98,62.27
C092,S492,Light,Cool,18-24,6,IMG_492.png,Mauve,Warm,Glossy,55.1,22.72,7.8,18.95,61.46,53.01
C092,S281,Light,Cool,18-24,7,IMG_281.png,Orange,Warm,Matte,60.83,29.03,43.83,56.48,100.0,60.4
C092,S357,Light,Cool,18-24,8,IMG_357.png,Brown,Cool,Matte,26.54,8.39,10.47,51.3,56.74,27.15
C092,S077,Light,Cool,18-24,5,IMG_077.png,Mauve,Warm,Matte,41.89,27.69,3.2,6.6,63.54,42.78
C092,S462,Light,Cool,18-24,6,IMG_462.png,Orange,Cool,Matte,62.73,31.4,31.55,45.13,93.64,64.55
C092,S498,Light,Cool,18-24,5,IMG_498.png,Pink,Neutral,Matte,62.17,31.28,11.43,20.08,85.25,62.51
C092,S212,Light,Cool,18-24,6,IMG_212.png,Plum,Cool,Matte,36.22,24.36,-15.0,328.38,59.84,36.7
C092,S102,Light,Cool,18-24,5,IMG_102.png,Orange,Neutral,Satin,67.72,35.5,37.34,46.45,90.45,67.09
C092,S335,Light,Cool,18-24,6,IMG_335.png,Orange,Neutral,Glossy,65.14,24.44,42.18,59.91,99.55,65.56
C092,S476,Light,Cool,18-24,6,IMG_476.png,Mauve,Warm,Matte,60.59,26.41,8.59,18.01,68.95,60.25
C092,S337,Light,Cool,18-24,6,IMG_337.png,Pink,Neutral,Satin,60.41,30.57,8.81,16.07,80.2,58.23
C092,S441,Light,Cool,18-24,8,IMG_441.png,Coral,Neutral,Satin,50.89,43.17,19.48,24.29,96.73,50.39
C092,S174,Light,Cool,18-24,7,IMG_174.png,Coral,Cool,Matte,60.02,33.42,19.58,30.36,79.89,60.94
C092,S003,Light,Cool,18-24,7,IMG_003.png,Nude,Cool,Glossy,61.7,15.08,5.74,20.85,56.97,60.84
C092,S334,Light,Cool,18-24,6,IMG_334.png,Pink,Warm,Glossy,53.81,29.68,12.52,22.87,80.21,54.8
C092,S410,Light,Cool,18-24,7,IMG_410.png,Pink,Cool,Glossy,72.37,34.7,6.55,10.69,81.42,73.34
C092,S071,Light,Cool,18-24,6,IMG_071.png,Mauve,Warm,Matte,46.67,24.65,9.83,21.74,65.36,48.47
C092,S210,Light,Cool,18-24,6,IMG_210.png,Mauve,Neutral,Satin,48.16,28.2,0.31,0.63,72.26,47.88
C092,S064,Light,Cool,18-24,8,IMG_064.png,Nude,Neutral,Matte,57.68,8.49,1.18,7.9,46.71,62.52
C092,S385,Light,Cool,18-24,7,IMG_385.png,Berry,Warm,Satin,54.08,40.96,-4.88,353.21,89.28,56.18
C092,S094,Light,Cool,18-24,8,IMG_094.png,Nude,Cool,Matte,52.28,4.76,16.16,73.58,53.43,48.56
C092,S486,Light,Cool,18-24,8,IMG_486.png,Coral,Cool,Satin,56.54,36.42,21.42,30.47,88.45,57.18
C092,S186,Light,Cool,18-24,6,IMG_186.png,Plum,Neutral,Satin,36.97,30.89,-11.08,340.27,75.99,35.73
C092,S034,Light,Cool,18-24,6,IMG_034.png,Mauve,Cool,Matte,54.83,30.06,0.19,0.36,73.34,54.83
C092,S078,Light,Cool,18-24,4,IMG_078.png,Plum,Warm,Satin,39.28,31.21,-5.96,349.19,72.75,39.35
C092,S001,Light,Cool,18-24,6,IMG_001.png,Nude,Neutral,Glossy,67.64,6.24,9.49,56.65,53.13,67.01
C092,S012,Light,Cool,18-24,4,IMG_012.png,Pink,Neutral,Matte,57.46,29.6,-0.44,359.15,65.33,54.81
C092,S416,Light,Cool,18-24,8,IMG_416.png,Berry,Cool,Glossy,44.52,42.13,-10.82,345.6,74.33,43.28
C092,S023,Light,Cool,18-24,7,IMG_023.png,Pink,Warm,Glossy,59.29,31.43,20.39,32.97,79.16,61.5
C093,S362,Medium,Neutral,18-24,5,IMG_362.png,Coral,Warm,Glossy,44.59,39.79,42.75,47.06,100.0,42.55
C093,S074,Medium,Neutral,18-24,6,IMG_074.png,Brown,Warm,Satin,33.57,18.57,30.19,58.4,74.8,34.04
C093,S375,Medium,Neutral,18-24,5,IMG_375.png,Mauve,Warm,Matte,48.6,21.85,14.88,34.26,58.85,46.15
C093,S156,Medium,Neutral,18-24,6,IMG_156.png,Berry,Cool,Matte,49.66,32.99,2.37,4.12,81.61,49.8
C093,S105,Medium,Neutral,18-24,6,IMG_105.png,Orange,Neutral,Satin,43.96,31.98,45.0,54.6,95.09,43.2
C093,S395,Medium,Neutral,18-24,6,IMG_395.png,Pink,Neutral,Matte,63.76,31.9,3.06,5.49,67.76,62.34
C093,S378,Medium,Neutral,18-24,4,IMG_378.png,Plum,Cool,Satin,34.57,36.3,-11.39,342.58,79.39,34.97
C093,S125,Medium,Neutral,18-24,7,IMG_125.png,Brown,Warm,Satin,37.1,19.35,27.23,54.6,83.32,36.88
C093,S069,Medium,Neutral,18-24,6,IMG_069.png,Mauve,Warm,Satin,50.92,23.73,4.49,10.72,61.53,52.34
C093,S451,Medium,Neutral,18-24,8,IMG_451.png,Berry,Warm,Satin,46.36,43.95,-0.07,359.91,87.49,43.78
C093,S010,Medium,Neutral,18-24,5,IMG_010.png,Orange,Cool,Matte,64.14,27.86,33.47,50.22,86.36,65.06
C093,S195,Medium,Neutral,18-24,5,IMG_195.png,Plum,Warm,Matte,30.1,24.27,-9.32,338.99,62.78,30.42
C093,S407,Medium,Neutral,18-24,5,IMG_407.png,Coral,Cool,Matte,45.34,34.17,21.6,32.3,88.31,44.23
C093,S085,Medium,Neutral,18-24,5,IMG_085.png,Orange,Warm,Satin,44.61,33.92,42.86,51.64,93.54,46.28
C093,S372,Medium,Neutral,18-24,6,IMG_372.png,Berry,Neutral,Satin,51.76,37.7,9.95,14.78,80.47,50.23
C093,S389,Medium,Neutral,18-24,5,IMG_389.png,Berry,Neutral,Glossy,37.98,38.26,-5.12,352.38,79.83,35.73
C093,S496,Medium,Neutral,18-24,5,IMG_496.png,Orange,Neutral,Satin,63.61,26.61,43.06,58.29,94.45,62.31
C093,S031,Medium,Neutral,18-24,6,IMG_031.png,Plum,Neutral,Satin,29.74,29.53,-15.0,333.07,69.1,34.0
C093,S317,Medium,Neutral,18-24,7,IMG_317.png,Nude,Warm,Glossy,49.49,17.95,18.57,45.98,72.61,52.36
C093,S409,Medium,Neutral,18-24,5,IMG_409.png,Red,Neutral,Glossy,41.5,45.1,20.21,24.14,94.06,40.62
C093,S491,Medium,Neutral,18-24,5,IMG_491.png,Coral,Cool,Matte,63.93,27.99,18.86,33.97,73.98,62.27
C093,S492,Medium,Neutral,18-24,5,IMG_492.png,Mauve,Warm,Glossy,55.1,22.72,7.8,18.95,61.46,53.01
C093,S281,Medium,Neutral,18-24,6,IMG_281.png,Orange,Warm,Matte,60.83,29.03,43.83,56.48,100.0,60.4
C093,S357,Medium,Neutral,18-24,7,IMG_357.png,Brown,Cool,Matte,26.54,8.39,10.47,51.3,56.74,27.15
C093,S077,Medium,Neutral,18-24,5,IMG_077.png,Mauve,Warm,Matte,41.89,27.69,3.2,6.6,63.54,42.78
C093,S462,Medium,Neutral,18-24,6,IMG_462.png,Orange,Cool,Matte,62.73,31.4,31.55,45.13,93.64,64.55
C093,S498,Medium,Neutral,18-24,8,IMG_498.png,Pink,Neutral,Matte,62.17,31.28,11.43,20.08,85.25,62.51
C093,S212,Medium,Neutral,18-24,6,IMG_212.png,Plum,Cool,Matte,36.22,24.36,-15.0,328.38,59.84,36.7
C093,S102,Medium,Neutral,18-24,5,IMG_102.png,Orange,Neutral,Satin,67.72,35.5,37.34,46.45,90.45,67.09
C093,S335,Medium,Neutral,18-24,6,IMG_335.png,Orange,Neutral,Glossy,65.14,24.44,42.18,59.91,99.55,65.56
C093,S476,Medium,Neutral,18-24,5,IMG_476.png,Mauve,Warm,Matte,60.59,26.41,8.59,18.01,68.95,60.25
C093,S337,Medium,Neutral,18-24,7,IMG_337.png,Pink,Neutral,Satin,60.41,30.57,8.81,16.07,80.2,58.23
C093,S441,Medium,Neutral,18-24,8,IMG_441.png,Coral,Neutral,Satin,50.89,43.17,19.48,24.29,96.73,50.39
C093,S174,Medium,Neutral,18-24,5,IMG_174.png,Coral,Cool,Matte,60.02,33.42,19.58,30.36,79.89,60.94
C093,S003,Medium,Neutral,18-24,6,IMG_003.png,Nude,Cool,Glossy,61.7,15.08,5.74,20.85,56.97,60.84
C093,S334,Medium,Neutral,18-24,6,IMG_334.png,Pink,Warm,Glossy,53.81,29.68,12.52,22.87,80.21,54.8
C093,S410,Medium,Neutral,18-24,5,IMG_410.png,Pink,Cool,Glossy,72.37,34.7,6.55,10.69,81.42,73.34
C093,S071,Medium,Neutral,18-24,7,IMG_071.png,Mauve,Warm,Matte,46.67,24.65,9.83,21.74,65.36,48.47
C093,S210,Medium,Neutral,18-24,7,IMG_210.png,Mauve,Neutral,Satin,48.16,28.2,0.31,0.63,72.26,47.88
C093,S064,Medium,Neutral,18-24,7,IMG_064.png,Nude,Neutral,Matte,57.68,8.49,1.18,7.9,46.71,62.52
C093,S385,Medium,Neutral,18-24,7,IMG_385.png,Berry,Warm,Satin,54.08,40.96,-4.88,353.21,89.28,56.18
C093,S094,Medium,Neutral,18-24,6,IMG_094.png,Nude,Cool,Matte,52.28,4.76,16.16,73.58,53.43,48.56
C093,S486,Medium,Neutral,18-24,5,IMG_486.png,Coral,Cool,Satin,56.54,36.42,21.42,30.47,88.45,57.18
C093,S186,Medium,Neutral,18-24,4,IMG_186.png,Plum,Neutral,Satin,36.97,30.89,-11.08,340.27,75.99,35.73
C093,S034,Medium,Neutral,18-24,6,IMG_034.png,Mauve,Cool,Matte,54.83,30.06,0.19,0.36,73.34,54.83
C093,S078,Medium,Neutral,18-24,5,IMG_078.png,Plum,Warm,Satin,39.28,31.21,-5.96,349.19,72.75,39.35
C093,S001,Medium,Neutral,18-24,6,IMG_001.png,Nude,Neutral,Glossy,67.64,6.24,9.49,56.65,53.13,67.01
C093,S012,Medium,Neutral,18-24,5,IMG_012.png,Pink,Neutral,Matte,57.46,29.6,-0.44,359.15,65.33,54.81
C093,S416,Medium,Neutral,18-24,5,IMG_416.png,Berry,Cool,Glossy,44.52,42.13,-10.82,345.6,74.33,43.28
C093,S023,Medium,Neutral,18-24,6,IMG_023.png,Pink,Warm,Glossy,59.29,31.43,20.39,32.97,79.16,61.5
C094,S362,Tan,Cool,18-24,5,IMG_362.png,Coral,Warm,Glossy,44.59,39.79,42.75,47.06,100.0,42.55
C094,S074,Tan,Cool,18-24,5,IMG_074.png,Brown,Warm,Satin,33.57,18.57,30.19,58.4,74.8,34.04
C094,S375,Tan,Cool,18-24,6,IMG_375.png,Mauve,Warm,Matte,48.6,21.85,14.88,34.26,58.85,46.15
C094,S156,Tan,Cool,18-24,7,IMG_156.png,Berry,Cool,Matte,49.66,32.99,2.37,4.12,81.61,49.8
C094,S105,Tan,Cool,18-24,7,IMG_105.png,Orange,Neutral,Satin,43.96,31.98,45.0,54.6,95.09,43.2
C094,S395,Tan,Cool,18-24,6,IMG_395.png,Pink,Neutral,Matte,63.76,31.9,3.06,5.49,67.76,62.34
C094,S378,Tan,Cool,18-24,8,IMG_378.png,Plum,Cool,Satin,34.57,36.3,-11.39,342.58,79.39,34.97
C094,S125,Tan,Cool,18-24,5,IMG_125.png,Brown,Warm,Satin,37.1,19.35,27.23,54.6,83.32,36.88
C094,S069,Tan,Cool,18-24,6,IMG_069.png,Mauve,Warm,Satin,50.92,23.73,4.49,10.72,61.53,52.34
C094,S451,Tan,Cool,18-24,7,IMG_451.png,Berry,Warm,Satin,46.36,43.95,-0.07,359.91,87.49,43.78
C094,S010,Tan,Cool,18-24,5,IMG_010.png,Orange,Cool,Matte,64.14,27.86,33.47,50.22,86.36,65.06
C094,S195,Tan,Cool,18-24,6,IMG_195.png,Plum,Warm,Matte,30.1,24.27,-9.32,338.99,62.78,30.42
C094,S407,Tan,Cool,18-24,7,IMG_407.png,Coral,Cool,Matte,45.34,34.17,21.6,32.3,88.31,44.23
C094,S085,Tan,Cool,18-24,6,IMG_085.png,Orange,Warm,Satin,44.61,33.92,42.86,51.64,93.54,46.28
C094,S372,Tan,Cool,18-24,5,IMG_372.png,Berry,Neutral,Satin,51.76,37.7,9.95,14.78,80.47,50.23
C094,S389,Tan,Cool,18-24,4,IMG_389.png,Berry,Neutral,Glossy,37.98,38.26,-5.12,352.38,79.83,35.73
C094,S496,Tan,Cool,18-24,6,IMG_496.png,Orange,Neutral,Satin,63.61,26.61,43.06,58.29,94.45,62.31
C094,S031,Tan,Cool,18-24,7,IMG_031.png,Plum,Neutral,Satin,29.74,29.53,-15.0,333.07,69.1,34.0
C094,S317,Tan,Cool,18-24,5,IMG_317.png,Nude,Warm,Glossy,49.49,17.95,18.57,45.98,72.61,52.36
C094,S409,Tan,Cool,18-24,6,IMG_409.png,Red,Neutral,Glossy,41.5,45.1,20.21,24.14,94.06,40.62
C094,S491,Tan,Cool,18-24,7,IMG_491.png,Coral,Cool,Matte,63.93,27.99,18.86,33.97,73.98,62.27
C094,S492,Tan,Cool,18-24,6,IMG_492.png,Mauve,Warm,Glossy,55.1,22.72,7.8,18.95,61.46,53.01
C094,S281,Tan,Cool,18-24,5,IMG_281.png,Orange,Warm,Matte,60.83,29.03,43.83,56.48,100.0,60.4
C094,S357,Tan,Cool,18-24,5,IMG_357.png,Brown,Cool,Matte,26.54,8.39,10.47,51.3,56.74,27.15
C094,S077,Tan,Cool,18-24,6,IMG_077.png,Mauve,Warm,Matte,41.89,27.69,3.2,6.6,63.54,42.78
C094,S462,Tan,Cool,18-24,6,IMG_462.png,Orange,Cool,Matte,62.73,31.4,31.55,45.13,93.64,64.55
C094,S498,Tan,Cool,18-24,5,IMG_498.png,Pink,Neutral,Matte,62.17,31.28,11.43,20.08,85.25,62.51
C094,S212,Tan,Cool,18-24,8,IMG_212.png,Plum,Cool,Matte,36.22,24.36,-15.0,328.38,59.84,36.7
C094,S102,Tan,Cool,18-24,4,IMG_102.png,Orange,Neutral,Satin,67.72,35.5,37.34,46.45,90.45,67.09
C094,S335,Tan,Cool,18-24,5,IMG_335.png,Orange,Neutral,Glossy,65.14,24.44,42.18,59.91,99.55,65.56
C094,S476,Tan,Cool,18-24,5,IMG_476.png,Mauve,Warm,Matte,60.59,26.41,8.59,18.01,68.95,60.25
C094,S337,Tan,Cool,18-24,6,IMG_337.png,Pink,Neutral,Satin,60.41,30.57,8.81,16.07,80.2,58.23
C094,S441,Tan,Cool,18-24,6,IMG_441.png,Coral,Neutral,Satin,50.89,43.17,19.48,24.29,96.73,50.39
C094,S174,Tan,Cool,18-24,8,IMG_174.png,Coral,Cool,Matte,60.02,33.42,19.58,30.36,79.89,60.94
C094,S003,Tan,Cool,18-24,6,IMG_003.png,Nude,Cool,Glossy,61.7,15.08,5.74,20.85,56.97,60.84
C094,S334,Tan,Cool,18-24,7,IMG_334.png,Pink,Warm,Glossy,53.81,29.68,12.52,22.87,80.21,54.8
C094,S410,Tan,Cool,18-24,5,IMG_410.png,Pink,Cool,Glossy,72.37,34.7,6.55,10.69,81.42,73.34
C094,S071,Tan,Cool,18-24,7,IMG_071.png,Mauve,Warm,Matte,46.67,24.65,9.83,21.74,65.36,48.47
C094,S210,Tan,Cool,18-24,7,IMG_210.png,Mauve,Neutral,Satin,48.16,28.2,0.31,0.63,72.26,47.88
C094,S064,Tan,Cool,18-24,5,IMG_064.png,Nude,Neutral,Matte,57.68,8.49,1.18,7.9,46.71,62.52
C094,S385,Tan,Cool,18-24,7,IMG_385.png,Berry,Warm,Satin,54.08,40.96,-4.88,353.21,89.28,56.18
C094,S094,Tan,Cool,18-24,7,IMG_094.png,Nude,Cool,Matte,52.28,4.76,16.16,73.58,53.43,48.56
C094,S486,Tan,Cool,18-24,6,IMG_486.png,Coral,Cool,Satin,56.54,36.42,21.42,30.47,88.45,57.18
C094,S186,Tan,Cool,18-24,7,IMG_186.png,Plum,Neutral,Satin,36.97,30.89,-11.08,340.27,75.99,35.73
C094,S034,Tan,Cool,18-24,8,IMG_034.png,Mauve,Cool,Matte,54.83,30.06,0.19,0.36,73.34,54.83
C094,S078,Tan,Cool,18-24,8,IMG_078.png,Plum,Warm,Satin,39.28,31.21,-5.96,349.19,72.75,39.35
C094,S001,Tan,Cool,18-24,4,IMG_001.png,Nude,Neutral,Glossy,67.64,6.24,9.49,56.65,53.13,67.01
C094,S012,Tan,Cool,18-24,6,IMG_012.png,Pink,Neutral,Matte,57.46,29.6,-0.44,359.15,65.33,54.81
C094,S416,Tan,Cool,18-24,7,IMG_416.png,Berry,Cool,Glossy,44.52,42.13,-10.82,345.6,74.33,43.28
C094,S023,Tan,Cool,18-24,5,IMG_023.png,Pink,Warm,Glossy,59.29,31.43,20.39,32.97,79.16,61.5
C095,S362,Fair,Warm,18-24,8,IMG_362.png,Coral,Warm,Glossy,44.59,39.79,42.75,47.06,100.0,42.55
C095,S074,Fair,Warm,18-24,6,IMG_074.png,Brown,Warm,Satin,33.57,18.57,30.19,58.4,74.8,34.04
C095,S375,Fair,Warm,18-24,6,IMG_375.png,Mauve,Warm,Matte,48.6,21.85,14.88,34.26,58.85,46.15
C095,S156,Fair,Warm,18-24,6,IMG_156.png,Berry,Cool,Matte,49.66,32.99,2.37,4.12,81.61,49.8
C095,S105,Fair,Warm,18-24,5,IMG_105.png,Orange,Neutral,Satin,43.96,31.98,45.0,54.6,95.09,43.2
C095,S395,Fair,Warm,18-24,8,IMG_395.png,Pink,Neutral,Matte,63.76,31.9,3.06,5.49,67.76,62.34
C095,S378,Fair,Warm,18-24,3,IMG_378.png,Plum,Cool,Satin,34.57,36.3,-11.39,342.58,79.39,34.97
C095,S125,Fair,Warm,18-24,5,IMG_125.png,Brown,Warm,Satin,37.1,19.35,27.23,54.6,83.32,36.88
C095,S069,Fair,Warm,18-24,7,IMG_069.png,Mauve,Warm,Satin,50.92,23.73,4.49,10.72,61.53,52.34
C095,S451,Fair,Warm,18-24,8,IMG_451.png,Berry,Warm,Satin,46.36,43.95,-0.07,359.91,87.49,43.78
C095,S010,Fair,Warm,18-24,5,IMG_010.png,Orange,Cool,Matte,64.14,27.86,33.47,50.22,86.36,65.06
C095,S195,Fair,Warm,18-24,5,IMG_195.png,Plum,Warm,Matte,30.1,24.27,-9.32,338.99,62.78,30.42
C095,S407,Fair,Warm,18-24,5,IMG_407.png,Coral,Cool,Matte,45.34,34.17,21.6,32.3,88.31,44.23
C095,S085,Fair,Warm,18-24,6,IMG_085.png,Orange,Warm,Satin,44.61,33.92,42.86,51.64,93.54,46.28
C095,S372,Fair,Warm,18-24,6,IMG_372.png,Berry,Neutral,Satin,51.76,37.7,9.95,14.78,80.47,50.23
C095,S389,Fair,Warm,18-24,5,IMG_389.png,Berry,Neutral,Glossy,37.98,38.26,-5.12,352.38,79.83,35.73
C095,S496,Fair,Warm,18-24,6,IMG_496.png,Orange,Neutral,Satin,63.61,26.61,43.06,58.29,94.45,62.31
C095,S031,Fair,Warm,18-24,3,IMG_031.png,Plum,Neutral,Satin,29.74,29.53,-15.0,333.07,69.1,34.0
C095,S317,Fair,Warm,18-24,5,IMG_317.png,Nude,Warm,Glossy,49.49,17.95,18.57,45.98,72.61,52.36
C095,S409,Fair,Warm,18-24,5,IMG_409.png,Red,Neutral,Glossy,41.5,45.1,20.21,24.14,94.06,40.62
C095,S491,Fair,Warm,18-24,4,IMG_491.png,Coral,Cool,Matte,63.93,27.99,18.86,33.97,73.98,62.27
C095,S492,Fair,Warm,18-24,7,IMG_492.png,Mauve,Warm,Glossy,55.1,22.72,7.8,18.95,61.46,53.01
C095,S281,Fair,Warm,18-24,6,IMG_281.png,Orange,Warm,Matte,60.83,29.03,43.83,56.48,100.0,60.4
C095,S357,Fair,Warm,18-24,5,IMG_357.png,Brown,Cool,Matte,26.54,8.39,10.47,51.3,56.74,27.15
C095,S077,Fair,Warm,18-24,8,IMG_077.png,Mauve,Warm,Matte,41.89,27.69,3.2,6.6,63.54,42.78
C095,S462,Fair,Warm,18-24,5,IMG_462.png,Orange,Cool,Matte,62.73,31.4,31.55,45.13,93.64,64.55
C095,S498,Fair,Warm,18-24,8,IMG_498.png,Pink,Neutral,Matte,62.17,31.28,11.43,20.08,85.25,62.51
C095,S212,Fair,Warm,18-24,3,IMG_212.png,Plum,Cool,Matte,36.22,24.36,-15.0,328.38,59.84,36.7
C095,S102,Fair,Warm,18-24,6,IMG_102.png,Orange,Neutral,Satin,67.72,35.5,37.34,46.45,90.45,67.09
C095,S335,Fair,Warm,18-24,8,IMG_335.png,Orange,Neutral,Glossy,65.14,24.44,42.18,59.91,99.55,65.56
C095,S476,Fair,Warm,18-24,7,IMG_476.png,Mauve,Warm,Matte,60.59,26.41,8.59,18.01,68.95,60.25
C095,S337,Fair,Warm,18-24,8,IMG_337.png,Pink,Neutral,Satin,60.41,30.57,8.81,16.07,80.2,58.23
C095,S441,Fair,Warm,18-24,5,IMG_441.png,Coral,Neutral,Satin,50.89,43.17,19.48,24.29,96.73,50.39
C095,S174,Fair,Warm,18-24,7,IMG_174.png,Coral,Cool,Matte,60.02,33.42,19.58,30.36,79.89,60.94
C095,S003,Fair,Warm,18-24,3,IMG_003.png,Nude,Cool,Glossy,61.7,15.08,5.74,20.85,56.97,60.84
C095,S334,Fair,Warm,18-24,8,IMG_334.png,Pink,Warm,Glossy,53.81,29.68,12.52,22.87,80.21,54.8
C095,S410,Fair,Warm,18-24,7,IMG_410.png,Pink,Cool,Glossy,72.37,34.7,6.55,10.69,81.42,73.34
C095,S071,Fair,Warm,18-24,6,IMG_071.png,Mauve,Warm,Matte,46.67,24.65,9.83,21.74,65.36,48.47
C095,S210,Fair,Warm,18-24,6,IMG_210.png,Mauve,Neutral,Satin,48.16,28.2,0.31,0.63,72.26,47.88
C095,S064,Fair,Warm,18-24,7,IMG_064.png,Nude,Neutral,Matte,57.68,8.49,1.18,7.9,46.71,62.52
C095,S385,Fair,Warm,18-24,6,IMG_385.png,Berry,Warm,Satin,54.08,40.96,-4.88,353.21,89.28,56.18
C095,S094,Fair,Warm,18-24,7,IMG_094.png,Nude,Cool,Matte,52.28,4.76,16.16,73.58,53.43,48.56
C095,S486,Fair,Warm,18-24,5,IMG_486.png,Coral,Cool,Satin,56.54,36.42,21.42,30.47,88.45,57.18
C095,S186,Fair,Warm,18-24,6,IMG_186.png,Plum,Neutral,Satin,36.97,30.89,-11.08,340.27,75.99,35.73
C095,S034,Fair,Warm,18-24,6,IMG_034.png,Mauve,Cool,Matte,54.83,30.06,0.19,0.36,73.34,54.83
C095,S078,Fair,Warm,18-24,5,IMG_078.png,Plum,Warm,Satin,39.28,31.21,-5.96,349.19,72.75,39.35
C095,S001,Fair,Warm,18-24,5,IMG_001.png,Nude,Neutral,Glossy,67.64,6.24,9.49,56.65,53.13,67.01
C095,S012,Fair,Warm,18-24,8,IMG_012.png,Pink,Neutral,Matte,57.46,29.6,-0.44,359.15,65.33,54.81
C095,S416,Fair,Warm,18-24,5,IMG_416.png,Berry,Cool,Glossy,44.52,42.13,-10.82,345.6,74.33,43.28
C095,S023,Fair,Warm,18-24,8,IMG_023.png,Pink,Warm,Glossy,59.29,31.43,20.39,32.97,79.16,61.5
C096,S362,Tan,Cool,25-34,6,IMG_362.png,Coral,Warm,Glossy,44.59,39.79,42.75,47.06,100.0,42.55
C096,S074,Tan,Cool,25-34,6,IMG_074.png,Brown,Warm,Satin,33.57,18.57,30.19,58.4,74.8,34.04
C096,S375,Tan,Cool,25-34,6,IMG_375.png,Mauve,Warm,Matte,48.6,21.85,14.88,34.26,58.85,46.15
C096,S156,Tan,Cool,25-34,7,IMG_156.png,Berry,Cool,Matte,49.66,32.99,2.37,4.12,81.61,49.8
C096,S105,Tan,Cool,25-34,5,IMG_105.png,Orange,Neutral,Satin,43.96,31.98,45.0,54.6,95.09,43.2
C096,S395,Tan,Cool,25-34,5,IMG_395.png,Pink,Neutral,Matte,63.76,31.9,3.06,5.49,67.76,62.34
C096,S378,Tan,Cool,25-34,7,IMG_378.png,Plum,Cool,Satin,34.57,36.3,-11.39,342.58,79.39,34.97
C096,S125,Tan,Cool,25-34,7,IMG_125.png,Brown,Warm,Satin,37.1,19.35,27.23,54.6,83.32,36.88
C096,S069,Tan,Cool,25-34,8,IMG_069.png,Mauve,Warm,Satin,50.92,23.73,4.49,10.72,61.53,52.34
C096,S451,Tan,Cool,25-34,4,IMG_451.png,Berry,Warm,Satin,46.36,43.95,-0.07,359.91,87.49,43.78
C096,S010,Tan,Cool,25-34,7,IMG_010.png,Orange,Cool,Matte,64.14,27.86,33.47,50.22,86.36,65.06
C096,S195,Tan,Cool,25-34,5,IMG_195.png,Plum,Warm,Matte,30.1,24.27,-9.32,338.99,62.78,30.42
C096,S407,Tan,Cool,25-34,8,IMG_407.png,Coral,Cool,Matte,45.34,34.17,21.6,32.3,88.31,44.23
C096,S085,Tan,Cool,25-34,7,IMG_085.png,Orange,Warm,Satin,44.61,33.92,42.86,51.64,93.54,46.28
C096,S372,Tan,Cool,25-34,6,IMG_372.png,Berry,Neutral,Satin,51.76,37.7,9.95,14.78,80.47,50.23
C096,S389,Tan,Cool,25-34,6,IMG_389.png,Berry,Neutral,Glossy,37.98,38.26,-5.12,352.38,79.83,35.73
C096,S496,Tan,Cool,25-34,5,IMG_496.png,Orange,Neutral,Satin,63.61,26.61,43.06,58.29,94.45,62.31
C096,S031,Tan,Cool,25-34,6,IMG_031.png,Plum,Neutral,Satin,29.74,29.53,-15.0,333.07,69.1,34.0
C096,S317,Tan,Cool,25-34,5,IMG_317.png,Nude,Warm,Glossy,49.49,17.95,18.57,45.98,72.61,52.36
C096,S409,Tan,Cool,25-34,7,IMG_409.png,Red,Neutral,Glossy,41.5,45.1,20.21,24.14,94.06,40.62
C096,S491,Tan,Cool,25-34,6,IMG_491.png,Coral,Cool,Matte,63.93,27.99,18.86,33.97,73.98,62.27
C096,S492,Tan,Cool,25-34,6,IMG_492.png,Mauve,Warm,Glossy,55.1,22.72,7.8,18.95,61.46,53.01
C096,S281,Tan,Cool,25-34,5,IMG_281.png,Orange,Warm,Matte,60.83,29.03,43.83,56.48,100.0,60.4
C096,S357,Tan,Cool,25-34,8,IMG_357.png,Brown,Cool,Matte,26.54,8.39,10.47,51.3,56.74,27.15
C096,S077,Tan,Cool,25-34,7,IMG_077.png,Mauve,Warm,Matte,41.89,27.69,3.2,6.6,63.54,42.78
C096,S462,Tan,Cool,25-34,9,IMG_462.png,Orange,Cool,Matte,62.73,31.4,31.55,45.13,93.64,64.55
C096,S498,Tan,Cool,25-34,6,IMG_498.png,Pink,Neutral,Matte,62.17,31.28,11.43,20.08,85.25,62.51
C096,S212,Tan,Cool,25-34,7,IMG_212.png,Plum,Cool,Matte,36.22,24.36,-15.0,328.38,59.84,36.7
C096,S102,Tan,Cool,25-34,5,IMG_102.png,Orange,Neutral,Satin,67.72,35.5,37.34,46.45,90.45,67.09
C096,S335,Tan,Cool,25-34,6,IMG_335.png,Orange,Neutral,Glossy,65.14,24.44,42.18,59.91,99.55,65.56
C096,S476,Tan,Cool,25-34,5,IMG_476.png,Mauve,Warm,Matte,60.59,26.41,8.59,18.01,68.95,60.25
C096,S337,Tan,Cool,25-34,5,IMG_337.png,Pink,Neutral,Satin,60.41,30.57,8.81,16.07,80.2,58.23
C096,S441,Tan,Cool,25-34,6,IMG_441.png,Coral,Neutral,Satin,50.89,43.17,19.48,24.29,96.73,50.39
C096,S174,Tan,Cool,25-34,7,IMG_174.png,Coral,Cool,Matte,60.02,33.42,19.58,30.36,79.89,60.94
C096,S003,Tan,Cool,25-34,5,IMG_003.png,Nude,Cool,Glossy,61.7,15.08,5.74,20.85,56.97,60.84
C096,S334,Tan,Cool,25-34,5,IMG_334.png,Pink,Warm,Glossy,53.81,29.68,12.52,22.87,80.21,54.8
C096,S410,Tan,Cool,25-34,6,IMG_410.png,Pink,Cool,Glossy,72.37,34.7,6.55,10.69,81.42,73.34
C096,S071,Tan,Cool,25-34,7,IMG_071.png,Mauve,Warm,Matte,46.67,24.65,9.83,21.74,65.36,48.47
C096,S210,Tan,Cool,25-34,8,IMG_210.png,Mauve,Neutral,Satin,48.16,28.2,0.31,0.63,72.26,47.88
C096,S064,Tan,Cool,25-34,5,IMG_064.png,Nude,Neutral,Matte,57.68,8.49,1.18,7.9,46.71,62.52
C096,S385,Tan,Cool,25-34,8,IMG_385.png,Berry,Warm,Satin,54.08,40.96,-4.88,353.21,89.28,56.18
C096,S094,Tan,Cool,25-34,6,IMG_094.png,Nude,Cool,Matte,52.28,4.76,16.16,73.58,53.43,48.56
C096,S486,Tan,Cool,25-34,5,IMG_486.png,Coral,Cool,Satin,56.54,36.42,21.42,30.47,88.45,57.18
C096,S186,Tan,Cool,25-34,6,IMG_186.png,Plum,Neutral,Satin,36.97,30.89,-11.08,340.27,75.99,35.73
C096,S034,Tan,Cool,25-34,6,IMG_034.png,Mauve,Cool,Matte,54.83,30.06,0.19,0.36,73.34,54.83
C096,S078,Tan,Cool,25-34,6,IMG_078.png,Plum,Warm,Satin,39.28,31.21,-5.96,349.19,72.75,39.35
C096,S001,Tan,Cool,25-34,5,IMG_001.png,Nude,Neutral,Glossy,67.64,6.24,9.49,56.65,53.13,67.01
C096,S012,Tan,Cool,25-34,6,IMG_012.png,Pink,Neutral,Matte,57.46,29.6,-0.44,359.15,65.33,54.81
C096,S416,Tan,Cool,25-34,7,IMG_416.png,Berry,Cool,Glossy,44.52,42.13,-10.82,345.6,74.33,43.28
C096,S023,Tan,Cool,25-34,6,IMG_023.png,Pink,Warm,Glossy,59.29,31.43,20.39,32.97,79.16,61.5
C097,S362,Light,Cool,25-34,5,IMG_362.png,Coral,Warm,Glossy,44.59,39.79,42.75,47.06,100.0,42.55
C097,S074,Light,Cool,25-34,5,IMG_074.png,Brown,Warm,Satin,33.57,18.57,30.19,58.4,74.8,34.04
C097,S375,Light,Cool,25-34,5,IMG_375.png,Mauve,Warm,Matte,48.6,21.85,14.88,34.26,58.85,46.15
C097,S156,Light,Cool,25-34,6,IMG_156.png,Berry,Cool,Matte,49.66,32.99,2.37,4.12,81.61,49.8
C097,S105,Light,Cool,25-34,4,IMG_105.png,Orange,Neutral,Satin,43.96,31.98,45.0,54.6,95.09,43.2
C097,S395,Light,Cool,25-34,6,IMG_395.png,Pink,Neutral,Matte,63.76,31.9,3.06,5.49,67.76,62.34
C097,S378,Light,Cool,25-34,5,IMG_378.png,Plum,Cool,Satin,34.57,36.3,-11.39,342.58,79.39,34.97
C097,S125,Light,Cool,25-34,3,IMG_125.png,Brown,Warm,Satin,37.1,19.35,27.23,54.6,83.32,36.88
C097,S069,Light,Cool,25-34,6,IMG_069.png,Mauve,Warm,Satin,50.92,23.73,4.49,10.72,61.53,52.34
C097,S451,Light,Cool,25-34,4,IMG_451.png,Berry,Warm,Satin,46.36,43.95,-0.07,359.91,87.49,43.78
C097,S010,Light,Cool,25-34,8,IMG_010.png,Orange,Cool,Matte,64.14,27.86,33.47,50.22,86.36,65.06
C097,S195,Light,Cool,25-34,4,IMG_195.png,Plum,Warm,Matte,30.1,24.27,-9.32,338.99,62.78,30.42
C097,S407,Light,Cool,25-34,6,IMG_407.png,Coral,Cool,Matte,45.34,34.17,21.6,32.3,88.31,44.23
C097,S085,Light,Cool,25-34,4,IMG_085.png,Orange,Warm,Satin,44.61,33.92,42.86,51.64,93.54,46.28
C097,S372,Light,Cool,25-34,7,IMG_372.png,Berry,Neutral,Satin,51.76,37.7,9.95,14.78,80.47,50.23
C097,S389,Light,Cool,25-34,5,IMG_389.png,Berry,Neutral,Glossy,37.98,38.26,-5.12,352.38,79.83,35.73
C097,S496,Light,Cool,25-34,5,IMG_496.png,Orange,Neutral,Satin,63.61,26.61,43.06,58.29,94.45,62.31
C097,S031,Light,Cool,25-34,5,IMG_031.png,Plum,Neutral,Satin,29.74,29.53,-15.0,333.07,69.1,34.0
C097,S317,Light,Cool,25-34,6,IMG_317.png,Nude,Warm,Glossy,49.49,17.95,18.57,45.98,72.61,52.36
C097,S409,Light,Cool,25-34,4,IMG_409.png,Red,Neutral,Glossy,41.5,45.1,20.21,24.14,94.06,40.62
C097,S491,Light,Cool,25-34,6,IMG_491.png,Coral,Cool,Matte,63.93,27.99,18.86,33.97,73.98,62.27
C097,S492,Light,Cool,25-34,6,IMG_492.png,Mauve,Warm,Glossy,55.1,22.72,7.8,18.95,61.46,53.01
C097,S281,Light,Cool,25-34,6,IMG_281.png,Orange,Warm,Matte,60.83,29.03,43.83,56.48,100.0,60.4
C097,S357,Light,Cool,25-34,6,IMG_357.png,Brown,Cool,Matte,26.54,8.39,10.47,51.3,56.74,27.15
C097,S077,Light,Cool,25-34,4,IMG_077.png,Mauve,Warm,Matte,41.89,27.69,3.2,6.6,63.54,42.78
C097,S462,Light,Cool,25-34,7,IMG_462.png,Orange,Cool,Matte,62.73,31.4,31.55,45.13,93.64,64.55
C097,S498,Light,Cool,25-34,6,IMG_498.png,Pink,Neutral,Matte,62.17,31.28,11.43,20.08,85.25,62.51
C097,S212,Light,Cool,25-34,5,IMG_212.png,Plum,Cool,Matte,36.22,24.36,-15.0,328.38,59.84,36.7
C097,S102,Light,Cool,25-34,6,IMG_102.png,Orange,Neutral,Satin,67.72,35.5,37.34,46.45,90.45,67.09
C097,S335,Light,Cool,25-34,6,IMG_335.png,Orange,Neutral,Glossy,65.14,24.44,42.18,59.91,99.55,65.56
C097,S476,Light,Cool,25-34,5,IMG_476.png,Mauve,Warm,Matte,60.59,26.41,8.59,18.01,68.95,60.25
C097,S337,Light,Cool,25-34,6,IMG_337.png,Pink,Neutral,Satin,60.41,30.57,8.81,16.07,80.2,58.23
C097,S441,Light,Cool,25-34,6,IMG_441.png,Coral,Neutral,Satin,50.89,43.17,19.48,24.29,96.73,50.39
C097,S174,Light,Cool,25-34,7,IMG_174.png,Coral,Cool,Matte,60.02,33.42,19.58,30.36,79.89,60.94
C097,S003,Light,Cool,25-34,8,IMG_003.png,Nude,Cool,Glossy,61.7,15.08,5.74,20.85,56.97,60.84
C097,S334,Light,Cool,25-34,5,IMG_334.png,Pink,Warm,Glossy,53.81,29.68,12.52,22.87,80.21,54.8
C097,S410,Light,Cool,25-34,6,IMG_410.png,Pink,Cool,Glossy,72.37,34.7,6.55,10.69,81.42,73.34
C097,S071,Light,Cool,25-34,5,IMG_071.png,Mauve,Warm,Matte,46.67,24.65,9.83,21.74,65.36,48.47
C097,S210,Light,Cool,25-34,5,IMG_210.png,Mauve,Neutral,Satin,48.16,28.2,0.31,0.63,72.26,47.88
C097,S064,Light,Cool,25-34,8,IMG_064.png,Nude,Neutral,Matte,57.68,8.49,1.18,7.9,46.71,62.52
C097,S385,Light,Cool,25-34,7,IMG_385.png,Berry,Warm,Satin,54.08,40.96,-4.88,353.21,89.28,56.18
C097,S094,Light,Cool,25-34,9,IMG_094.png,Nude,Cool,Matte,52.28,4.76,16.16,73.58,53.43,48.56
C097,S486,Light,Cool,25-34,7,IMG_486.png,Coral,Cool,Satin,56.54,36.42,21.42,30.47,88.45,57.18
C097,S186,Light,Cool,25-34,4,IMG_186.png,Plum,Neutral,Satin,36.97,30.89,-11.08,340.27,75.99,35.73
C097,S034,Light,Cool,25-34,8,IMG_034.png,Mauve,Cool,Matte,54.83,30.06,0.19,0.36,73.34,54.83
C097,S078,Light,Cool,25-34,3,IMG_078.png,Plum,Warm,Satin,39.28,31.21,-5.96,349.19,72.75,39.35
C097,S001,Light,Cool,25-34,8,IMG_001.png,Nude,Neutral,Glossy,67.64,6.24,9.49,56.65,53.13,67.01
C097,S012,Light,Cool,25-34,5,IMG_012.png,Pink,Neutral,Matte,57.46,29.6,-0.44,359.15,65.33,54.81
C097,S416,Light,Cool,25-34,5,IMG_416.png,Berry,Cool,Glossy,44.52,42.13,-10.82,345.6,74.33,43.28
C097,S023,Light,Cool,25-34,6,IMG_023.png,Pink,Warm,Glossy,59.29,31.43,20.39,32.97,79.16,61.5
C098,S362,Tan,Cool,25-34,8,IMG_362.png,Coral,Warm,Glossy,44.59,39.79,42.75,47.06,100.0,42.55
C098,S074,Tan,Cool,25-34,6,IMG_074.png,Brown,Warm,Satin,33.57,18.57,30.19,58.4,74.8,34.04
C098,S375,Tan,Cool,25-34,7,IMG_375.png,Mauve,Warm,Matte,48.6,21.85,14.88,34.26,58.85,46.15
C098,S156,Tan,Cool,25-34,8,IMG_156.png,Berry,Cool,Matte,49.66,32.99,2.37,4.12,81.61,49.8
C098,S105,Tan,Cool,25-34,5,IMG_105.png,Orange,Neutral,Satin,43.96,31.98,45.0,54.6,95.09,43.2
C098,S395,Tan,Cool,25-34,7,IMG_395.png,Pink,Neutral,Matte,63.76,31.9,3.06,5.49,67.76,62.34
C098,S378,Tan,Cool,25-34,6,IMG_378.png,Plum,Cool,Satin,34.57,36.3,-11.39,342.58,79.39,34.97
C098,S125,Tan,Cool,25-34,5,IMG_125.png,Brown,Warm,Satin,37.1,19.35,27.23,54.6,83.32,36.88
C098,S069,Tan,Cool,25-34,6,IMG_069.png,Mauve,Warm,Satin,50.92,23.73,4.49,10.72,61.53,52.34
C098,S451,Tan,Cool,25-34,6,IMG_451.png,Berry,Warm,Satin,46.36,43.95,-0.07,359.91,87.49,43.78
C098,S010,Tan,Cool,25-34,7,IMG_010.png,Orange,Cool,Matte,64.14,27.86,33.47,50.22,86.36,65.06
C098,S195,Tan,Cool,25-34,3,IMG_195.png,Plum,Warm,Matte,30.1,24.27,-9.32,338.99,62.78,30.42
C098,S407,Tan,Cool,25-34,7,IMG_407.png,Coral,Cool,Matte,45.34,34.17,21.6,32.3,88.31,44.23
C098,S085,Tan,Cool,25-34,5,IMG_085.png,Orange,Warm,Satin,44.61,33.92,42.86,51.64,93.54,46.28
C098,S372,Tan,Cool,25-34,6,IMG_372.png,Berry,Neutral,Satin,51.76,37.7,9.95,14.78,80.47,50.23
C098,S389,Tan,Cool,25-34,6,IMG_389.png,Berry,Neutral,Glossy,37.98,38.26,-5.12,352.38,79.83,35.73
C098,S496,Tan,Cool,25-34,4,IMG_496.png,Orange,Neutral,Satin,63.61,26.61,43.06,58.29,94.45,62.31
C098,S031,Tan,Cool,25-34,5,IMG_031.png,Plum,Neutral,Satin,29.74,29.53,-15.0,333.07,69.1,34.0
C098,S317,Tan,Cool,25-34,6,IMG_317.png,Nude,Warm,Glossy,49.49,17.95,18.57,45.98,72.61,52.36
C098,S409,Tan,Cool,25-34,6,IMG_409.png,Red,Neutral,Glossy,41.5,45.1,20.21,24.14,94.06,40.62
C098,S491,Tan,Cool,25-34,6,IMG_491.png,Coral,Cool,Matte,63.93,27.99,18.86,33.97,73.98,62.27
C098,S492,Tan,Cool,25-34,6,IMG_492.png,Mauve,Warm,Glossy,55.1,22.72,7.8,18.95,61.46,53.01
C098,S281,Tan,Cool,25-34,4,IMG_281.png,Orange,Warm,Matte,60.83,29.03,43.83,56.48,100.0,60.4
C098,S357,Tan,Cool,25-34,6,IMG_357.png,Brown,Cool,Matte,26.54,8.39,10.47,51.3,56.74,27.15
C098,S077,Tan,Cool,25-34,6,IMG_077.png,Mauve,Warm,Matte,41.89,27.69,3.2,6.6,63.54,42.78
C098,S462,Tan,Cool,25-34,6,IMG_462.png,Orange,Cool,Matte,62.73,31.4,31.55,45.13,93.64,64.55
C098,S498,Tan,Cool,25-34,8,IMG_498.png,Pink,Neutral,Matte,62.17,31.28,11.43,20.08,85.25,62.51
C098,S212,Tan,Cool,25-34,7,IMG_212.png,Plum,Cool,Matte,36.22,24.36,-15.0,328.38,59.84,36.7
C098,S102,Tan,Cool,25-34,5,IMG_102.png,Orange,Neutral,Satin,67.72,35.5,37.34,46.45,90.45,67.09
C098,S335,Tan,Cool,25-34,5,IMG_335.png,Orange,Neutral,Glossy,65.14,24.44,42.18,59.91,99.55,65.56
C098,S476,Tan,Cool,25-34,4,IMG_476.png,Mauve,Warm,Matte,60.59,26.41,8.59,18.01,68.95,60.25
C098,S337,Tan,Cool,25-34,7,IMG_337.png,Pink,Neutral,Satin,60.41,30.57,8.81,16.07,80.2,58.23
C098,S441,Tan,Cool,25-34,6,IMG_441.png,Coral,Neutral,Satin,50.89,43.17,19.48,24.29,96.73,50.39
C098,S174,Tan,Cool,25-34,5,IMG_174.png,Coral,Cool,Matte,60.02,33.42,19.58,30.36,79.89,60.94
C098,S003,Tan,Cool,25-34,7,IMG_003.png,Nude,Cool,Glossy,61.7,15.08,5.74,20.85,56.97,60.84
C098,S334,Tan,Cool,25-34,7,IMG_334.png,Pink,Warm,Glossy,53.81,29.68,12.52,22.87,80.21,54.8
C098,S410,Tan,Cool,25-34,7,IMG_410.png,Pink,Cool,Glossy,72.37,34.7,6.55,10.69,81.42,73.34
C098,S071,Tan,Cool,25-34,6,IMG_071.png,Mauve,Warm,Matte,46.67,24.65,9.83,21.74,65.36,48.47
C098,S210,Tan,Cool,25-34,9,IMG_210.png,Mauve,Neutral,Satin,48.16,28.2,0.31,0.63,72.26,47.88
C098,S064,Tan,Cool,25-34,5,IMG_064.png,Nude,Neutral,Matte,57.68,8.49,1.18,7.9,46.71,62.52
C098,S385,Tan,Cool,25-34,4,IMG_385.png,Berry,Warm,Satin,54.08,40.96,-4.88,353.21,89.28,56.18
C098,S094,Tan,Cool,25-34,6,IMG_094.png,Nude,Cool,Matte,52.28,4.76,16.16,73.58,53.43,48.56
C098,S486,Tan,Cool,25-34,7,IMG_486.png,Coral,Cool,Satin,56.54,36.42,21.42,30.47,88.45,57.18
C098,S186,Tan,Cool,25-34,7,IMG_186.png,Plum,Neutral,Satin,36.97,30.89,-11.08,340.27,75.99,35.73
C098,S034,Tan,Cool,25-34,6,IMG_034.png,Mauve,Cool,Matte,54.83,30.06,0.19,0.36,73.34,54.83
C098,S078,Tan,Cool,25-34,7,IMG_078.png,Plum,Warm,Satin,39.28,31.21,-5.96,349.19,72.75,39.35
C098,S001,Tan,Cool,25-34,6,IMG_001.png,Nude,Neutral,Glossy,67.64,6.24,9.49,56.65,53.13,67.01
C098,S012,Tan,Cool,25-34,7,IMG_012.png,Pink,Neutral,Matte,57.46,29.6,-0.44,359.15,65.33,54.81
C098,S416,Tan,Cool,25-34,7,IMG_416.png,Berry,Cool,Glossy,44.52,42.13,-10.82,345.6,74.33,43.28
C098,S023,Tan,Cool,25-34,7,IMG_023.png,Pink,Warm,Glossy,59.29,31.43,20.39,32.97,79.16,61.5
C099,S362,Light,Warm,18-24,7,IMG_362.png,Coral,Warm,Glossy,44.59,39.79,42.75,47.06,100.0,42.55
C099,S074,Light,Warm,18-24,7,IMG_074.png,Brown,Warm,Satin,33.57,18.57,30.19,58.4,74.8,34.04
C099,S375,Light,Warm,18-24,6,IMG_375.png,Mauve,Warm,Matte,48.6,21.85,14.88,34.26,58.85,46.15
C099,S156,Light,Warm,18-24,5,IMG_156.png,Berry,Cool,Matte,49.66,32.99,2.37,4.12,81.61,49.8
C099,S105,Light,Warm,18-24,7,IMG_105.png,Orange,Neutral,Satin,43.96,31.98,45.0,54.6,95.09,43.2
C099,S395,Light,Warm,18-24,6,IMG_395.png,Pink,Neutral,Matte,63.76,31.9,3.06,5.49,67.76,62.34
C099,S378,Light,Warm,18-24,5,IMG_378.png,Plum,Cool,Satin,34.57,36.3,-11.39,342.58,79.39,34.97
C099,S125,Light,Warm,18-24,8,IMG_125.png,Brown,Warm,Satin,37.1,19.35,27.23,54.6,83.32,36.88
C099,S069,Light,Warm,18-24,7,IMG_069.png,Mauve,Warm,Satin,50.92,23.73,4.49,10.72,61.53,52.34
C099,S451,Light,Warm,18-24,7,IMG_451.png,Berry,Warm,Satin,46.36,43.95,-0.07,359.91,87.49,43.78
C099,S010,Light,Warm,18-24,6,IMG_010.png,Orange,Cool,Matte,64.14,27.86,33.47,50.22,86.36,65.06
C099,S195,Light,Warm,18-24,6,IMG_195.png,Plum,Warm,Matte,30.1,24.27,-9.32,338.99,62.78,30.42
C099,S407,Light,Warm,18-24,5,IMG_407.png,Coral,Cool,Matte,45.34,34.17,21.6,32.3,88.31,44.23
C099,S085,Light,Warm,18-24,6,IMG_085.png,Orange,Warm,Satin,44.61,33.92,42.86,51.64,93.54,46.28
C099,S372,Light,Warm,18-24,6,IMG_372.png,Berry,Neutral,Satin,51.76,37.7,9.95,14.78,80.47,50.23
C099,S389,Light,Warm,18-24,5,IMG_389.png,Berry,Neutral,Glossy,37.98,38.26,-5.12,352.38,79.83,35.73
C099,S496,Light,Warm,18-24,6,IMG_496.png,Orange,Neutral,Satin,63.61,26.61,43.06,58.29,94.45,62.31
C099,S031,Light,Warm,18-24,7,IMG_031.png,Plum,Neutral,Satin,29.74,29.53,-15.0,333.07,69.1,34.0
C099,S317,Light,Warm,18-24,5,IMG_317.png,Nude,Warm,Glossy,49.49,17.95,18.57,45.98,72.61,52.36
C099,S409,Light,Warm,18-24,6,IMG_409.png,Red,Neutral,Glossy,41.5,45.1,20.21,24.14,94.06,40.62
C099,S491,Light,Warm,18-24,5,IMG_491.png,Coral,Cool,Matte,63.93,27.99,18.86,33.97,73.98,62.27
C099,S492,Light,Warm,18-24,7,IMG_492.png,Mauve,Warm,Glossy,55.1,22.72,7.8,18.95,61.46,53.01
C099,S281,Light,Warm,18-24,9,IMG_281.png,Orange,Warm,Matte,60.83,29.03,43.83,56.48,100.0,60.4
C099,S357,Light,Warm,18-24,5,IMG_357.png,Brown,Cool,Matte,26.54,8.39,10.47,51.3,56.74,27.15
C099,S077,Light,Warm,18-24,5,IMG_077.png,Mauve,Warm,Matte,41.89,27.69,3.2,6.6,63.54,42.78
C099,S462,Light,Warm,18-24,6,IMG_462.png,Orange,Cool,Matte,62.73,31.4,31.55,45.13,93.64,64.55
C099,S498,Light,Warm,18-24,5,IMG_498.png,Pink,Neutral,Matte,62.17,31.28,11.43,20.08,85.25,62.51
C099,S212,Light,Warm,18-24,5,IMG_212.png,Plum,Cool,Matte,36.22,24.36,-15.0,328.38,59.84,36.7
C099,S102,Light,Warm,18-24,5,IMG_102.png,Orange,Neutral,Satin,67.72,35.5,37.34,46.45,90.45,67.09
C099,S335,Light,Warm,18-24,6,IMG_335.png,Orange,Neutral,Glossy,65.14,24.44,42.18,59.91,99.55,65.56
C099,S476,Light,Warm,18-24,6,IMG_476.png,Mauve,Warm,Matte,60.59,26.41,8.59,18.01,68.95,60.25
C099,S337,Light,Warm,18-24,5,IMG_337.png,Pink,Neutral,Satin,60.41,30.57,8.81,16.07,80.2,58.23
C099,S441,Light,Warm,18-24,6,IMG_441.png,Coral,Neutral,Satin,50.89,43.17,19.48,24.29,96.73,50.39
C099,S174,Light,Warm,18-24,5,IMG_174.png,Coral,Cool,Matte,60.02,33.42,19.58,30.36,79.89,60.94
C099,S003,Light,Warm,18-24,7,IMG_003.png,Nude,Cool,Glossy,61.7,15.08,5.74,20.85,56.97,60.84
C099,S334,Light,Warm,18-24,6,IMG_334.png,Pink,Warm,Glossy,53.81,29.68,12.52,22.87,80.21,54.8
C099,S410,Light,Warm,18-24,4,IMG_410.png,Pink,Cool,Glossy,72.37,34.7,6.55,10.69,81.42,73.34
C099,S071,Light,Warm,18-24,7,IMG_071.png,Mauve,Warm,Matte,46.67,24.65,9.83,21.74,65.36,48.47
C099,S210,Light,Warm,18-24,5,IMG_210.png,Mauve,Neutral,Satin,48.16,28.2,0.31,0.63,72.26,47.88
C099,S064,Light,Warm,18-24,5,IMG_064.png,Nude,Neutral,Matte,57.68,8.49,1.18,7.9,46.71,62.52
C099,S385,Light,Warm,18-24,9,IMG_385.png,Berry,Warm,Satin,54.08,40.96,-4.88,353.21,89.28,56.18
C099,S094,Light,Warm,18-24,5,IMG_094.png,Nude,Cool,Matte,52.28,4.76,16.16,73.58,53.43,48.56
C099,S486,Light,Warm,18-24,6,IMG_486.png,Coral,Cool,Satin,56.54,36.42,21.42,30.47,88.45,57.18
C099,S186,Light,Warm,18-24,5,IMG_186.png,Plum,Neutral,Satin,36.97,30.89,-11.08,340.27,75.99,35.73
C099,S034,Light,Warm,18-24,6,IMG_034.png,Mauve,Cool,Matte,54.83,30.06,0.19,0.36,73.34,54.83
C099,S078,Light,Warm,18-24,6,IMG_078.png,Plum,Warm,Satin,39.28,31.21,-5.96,349.19,72.75,39.35
C099,S001,Light,Warm,18-24,5,IMG_001.png,Nude,Neutral,Glossy,67.64,6.24,9.49,56.65,53.13,67.01
C099,S012,Light,Warm,18-24,6,IMG_012.png,Pink,Neutral,Matte,57.46,29.6,-0.44,359.15,65.33,54.81
C099,S416,Light,Warm,18-24,5,IMG_416.png,Berry,Cool,Glossy,44.52,42.13,-10.82,345.6,74.33,43.28
C099,S023,Light,Warm,18-24,8,IMG_023.png,Pink,Warm,Glossy,59.29,31.43,20.39,32.97,79.16,61.5
C100,S362,Light,Warm,18-24,5,IMG_362.png,Coral,Warm,Glossy,44.59,39.79,42.75,47.06,100.0,42.55
C100,S074,Light,Warm,18-24,7,IMG_074.png,Brown,Warm,Satin,33.57,18.57,30.19,58.4,74.8,34.04
C100,S375,Light,Warm,18-24,6,IMG_375.png,Mauve,Warm,Matte,48.6,21.85,14.88,34.26,58.85,46.15
C100,S156,Light,Warm,18-24,6,IMG_156.png,Berry,Cool,Matte,49.66,32.99,2.37,4.12,81.61,49.8
C100,S105,Light,Warm,18-24,5,IMG_105.png,Orange,Neutral,Satin,43.96,31.98,45.0,54.6,95.09,43.2
C100,S395,Light,Warm,18-24,5,IMG_395.png,Pink,Neutral,Matte,63.76,31.9,3.06,5.49,67.76,62.34
C100,S378,Light,Warm,18-24,4,IMG_378.png,Plum,Cool,Satin,34.57,36.3,-11.39,342.58,79.39,34.97
C100,S125,Light,Warm,18-24,5,IMG_125.png,Brown,Warm,Satin,37.1,19.35,27.23,54.6,83.32,36.88
C100,S069,Light,Warm,18-24,7,IMG_069.png,Mauve,Warm,Satin,50.92,23.73,4.49,10.72,61.53,52.34
C100,S451,Light,Warm,18-24,6,IMG_451.png,Berry,Warm,Satin,46.36,43.95,-0.07,359.91,87.49,43.78
C100,S010,Light,Warm,18-24,6,IMG_010.png,Orange,Cool,Matte,64.14,27.86,33.47,50.22,86.36,65.06
C100,S195,Light,Warm,18-24,5,IMG_195.png,Plum,Warm,Matte,30.1,24.27,-9.32,338.99,62.78,30.42
C100,S407,Light,Warm,18-24,5,IMG_407.png,Coral,Cool,Matte,45.34,34.17,21.6,32.3,88.31,44.23
C100,S085,Light,Warm,18-24,6,IMG_085.png,Orange,Warm,Satin,44.61,33.92,42.86,51.64,93.54,46.28
C100,S372,Light,Warm,18-24,7,IMG_372.png,Berry,Neutral,Satin,51.76,37.7,9.95,14.78,80.47,50.23
C100,S389,Light,Warm,18-24,5,IMG_389.png,Berry,Neutral,Glossy,37.98,38.26,-5.12,352.38,79.83,35.73
C100,S496,Light,Warm,18-24,6,IMG_496.png,Orange,Neutral,Satin,63.61,26.61,43.06,58.29,94.45,62.31
C100,S031,Light,Warm,18-24,3,IMG_031.png,Plum,Neutral,Satin,29.74,29.53,-15.0,333.07,69.1,34.0
C100,S317,Light,Warm,18-24,6,IMG_317.png,Nude,Warm,Glossy,49.49,17.95,18.57,45.98,72.61,52.36
C100,S409,Light,Warm,18-24,6,IMG_409.png,Red,Neutral,Glossy,41.5,45.1,20.21,24.14,94.06,40.62
C100,S491,Light,Warm,18-24,7,IMG_491.png,Coral,Cool,Matte,63.93,27.99,18.86,33.97,73.98,62.27
C100,S492,Light,Warm,18-24,8,IMG_492.png,Mauve,Warm,Glossy,55.1,22.72,7.8,18.95,61.46,53.01
C100,S281,Light,Warm,18-24,6,IMG_281.png,Orange,Warm,Matte,60.83,29.03,43.83,56.48,100.0,60.4
C100,S357,Light,Warm,18-24,4,IMG_357.png,Brown,Cool,Matte,26.54,8.39,10.47,51.3,56.74,27.15
C100,S077,Light,Warm,18-24,6,IMG_077.png,Mauve,Warm,Matte,41.89,27.69,3.2,6.6,63.54,42.78
C100,S462,Light,Warm,18-24,5,IMG_462.png,Orange,Cool,Matte,62.73,31.4,31.55,45.13,93.64,64.55
C100,S498,Light,Warm,18-24,7,IMG_498.png,Pink,Neutral,Matte,62.17,31.28,11.43,20.08,85.25,62.51
C100,S212,Light,Warm,18-24,4,IMG_212.png,Plum,Cool,Matte,36.22,24.36,-15.0,328.38,59.84,36.7
C100,S102,Light,Warm,18-24,7,IMG_102.png,Orange,Neutral,Satin,67.72,35.5,37.34,46.45,90.45,67.09
C100,S335,Light,Warm,18-24,7,IMG_335.png,Orange,Neutral,Glossy,65.14,24.44,42.18,59.91,99.55,65.56
C100,S476,Light,Warm,18-24,8,IMG_476.png,Mauve,Warm,Matte,60.59,26.41,8.59,18.01,68.95,60.25
C100,S337,Light,Warm,18-24,7,IMG_337.png,Pink,Neutral,Satin,60.41,30.57,8.81,16.07,80.2,58.23
C100,S441,Light,Warm,18-24,6,IMG_441.png,Coral,Neutral,Satin,50.89,43.17,19.48,24.29,96.73,50.39
C100,S174,Light,Warm,18-24,6,IMG_174.png,Coral,Cool,Matte,60.02,33.42,19.58,30.36,79.89,60.94
C100,S003,Light,Warm,18-24,6,IMG_003.png,Nude,Cool,Glossy,61.7,15.08,5.74,20.85,56.97,60.84
C100,S334,Light,Warm,18-24,9,IMG_334.png,Pink,Warm,Glossy,53.81,29.68,12.52,22.87,80.21,54.8
C100,S410,Light,Warm,18-24,5,IMG_410.png,Pink,Cool,Glossy,72.37,34.7,6.55,10.69,81.42,73.34
C100,S071,Light,Warm,18-24,7,IMG_071.png,Mauve,Warm,Matte,46.67,24.65,9.83,21.74,65.36,48.47
C100,S210,Light,Warm,18-24,6,IMG_210.png,Mauve,Neutral,Satin,48.16,28.2,0.31,0.63,72.26,47.88
C100,S064,Light,Warm,18-24,8,IMG_064.png,Nude,Neutral,Matte,57.68,8.49,1.18,7.9,46.71,62.52
C100,S385,Light,Warm,18-24,6,IMG_385.png,Berry,Warm,Satin,54.08,40.96,-4.88,353.21,89.28,56.18
C100,S094,Light,Warm,18-24,7,IMG_094.png,Nude,Cool,Matte,52.28,4.76,16.16,73.58,53.43,48.56
C100,S486,Light,Warm,18-24,6,IMG_486.png,Coral,Cool,Satin,56.54,36.42,21.42,30.47,88.45,57.18
C100,S186,Light,Warm,18-24,4,IMG_186.png,Plum,Neutral,Satin,36.97,30.89,-11.08,340.27,75.99,35.73
C100,S034,Light,Warm,18-24,5,IMG_034.png,Mauve,Cool,Matte,54.83,30.06,0.19,0.36,73.34,54.83
C100,S078,Light,Warm,18-24,5,IMG_078.png,Plum,Warm,Satin,39.28,31.21,-5.96,349.19,72.75,39.35
C100,S001,Light,Warm,18-24,6,IMG_001.png,Nude,Neutral,Glossy,67.64,6.24,9.49,56.65,53.13,67.01
C100,S012,Light,Warm,18-24,6,IMG_012.png,Pink,Neutral,Matte,57.46,29.6,-0.44,359.15,65.33,54.81
C100,S416,Light,Warm,18-24,5,IMG_416.png,Berry,Cool,Glossy,44.52,42.13,-10.82,345.6,74.33,43.28
C100,S023,Light,Warm,18-24,8,IMG_023.png,Pink,Warm,Glossy,59.29,31.43,20.39,32.97,79.16,61.5
